season,order_date,ship_date,seller,customer_id,sido,sigungu,qty_10kg,qty_5kg,product,memo
2022,2022-11-14,2022-11-15,seller_A,C0001,인천,계양구,2.0,0.0,노지감귤(10kg),
2022,2022-11-14,2022-11-15,seller_A,C0002,서울,도봉구,1.0,0.0,노지감귤(10kg),
2022,2022-11-14,2022-11-15,seller_A,C0003,서울,도봉구,1.0,0.0,노지감귤(10kg),
2022,2022-11-14,2022-11-15,seller_A,C0004,서울,종로구,1.0,0.0,노지감귤(10kg),
2022,2022-11-14,2022-11-15,seller_A,C0005,서울,도봉구,1.0,0.0,노지감귤(10kg),
2022,2022-11-14,2022-11-15,seller_A,C0006,서울,도봉구,1.0,0.0,노지감귤(10kg),
2022,2022-11-14,2022-11-15,seller_A,C0006,서울,도봉구,0.0,1.0,노지감귤(5kg),
2022,2022-11-14,2022-11-15,seller_A,C0007,서울,도봉구,1.0,0.0,노지감귤(10kg),
2022,2022-11-14,2022-11-15,seller_A,C0008,서울,성북구,0.0,1.0,노지감귤(5kg),
2022,2022-11-14,2022-11-15,seller_A,C0009,서울,강남구,1.0,0.0,노지감귤(10kg),
2022,2022-11-14,2022-11-15,seller_A,C0010,서울,성동구,1.0,0.0,노지감귤(10kg),
2022,2022-11-14,2022-11-15,seller_A,C0011,서울,금천구,0.0,1.0,노지감귤(5kg),
2022,2022-11-14,2022-11-16,seller_A,C0012,서울,도봉구,0.0,1.0,노지감귤(5kg),
2022,2022-11-14,2022-11-16,seller_A,C0012,서울,도봉구,0.0,1.0,노지감귤(5kg),
2022,2022-11-14,2022-11-16,seller_A,C0013,서울,관악구,1.0,0.0,노지감귤(10kg),
2022,2022-11-14,2022-11-16,seller_A,C0014,경기,고양시,1.0,0.0,노지감귤(10kg),
2022,2022-11-14,2022-11-16,seller_A,C0015,서울,도봉구,1.0,0.0,노지감귤(10kg),
2022,2022-11-14,2022-11-16,seller_A,C0016,경기,의정부시,1.0,0.0,노지감귤(10kg),
2022,2022-11-14,2022-11-16,seller_A,C0017,서울,성동구,1.0,0.0,노지감귤(10kg),
2022,2022-11-14,2022-11-16,seller_A,C0018,,(13005),0.0,1.0,노지감귤(5kg),
2022,2022-11-14,2022-11-16,seller_A,C0019,서울,마포구,1.0,0.0,노지감귤(10kg),
2022,2022-11-14,2022-11-16,seller_A,C0020,경기,수원시,2.0,0.0,노지감귤(10kg),
2022,2022-11-14,2022-11-16,seller_A,C0021,경기,용인시,2.0,0.0,노지감귤(10kg),
2022,2022-11-14,2022-11-16,seller_A,C0022,서울,강남구,0.0,1.0,노지감귤(5kg),
2022,2022-11-14,2022-11-16,seller_A,C0023,서울,중랑구,0.0,1.0,노지감귤(5kg),
2022,2022-11-14,2022-11-16,seller_A,C0024,경남,창원시,1.0,0.0,노지감귤(10kg),
2022,2022-11-14,2022-11-16,seller_A,C0025,서울,강동구,1.0,0.0,노지감귤(10kg),
2022,2022-11-14,2022-11-16,seller_A,C0026,경기,용인시,1.0,0.0,노지감귤(10kg),
2022,2022-11-14,2022-11-16,seller_A,C0027,서울,강서구,1.0,0.0,노지감귤(10kg),
2022,2022-11-14,2022-11-16,seller_A,C0028,경기,남양주시,2.0,0.0,노지감귤(10kg),
2022,2022-11-14,2022-11-16,seller_A,C0029,제주,구남동,1.0,0.0,노지감귤(10kg),
2022,2022-11-14,2022-11-16,seller_A,C0030,경기,양주시,1.0,0.0,노지감귤(10kg),
2022,2022-11-14,2022-11-16,seller_A,C0031,서울,도봉구,1.0,0.0,노지감귤(10kg),
2022,2022-11-14,2022-11-16,seller_A,C0032,경기,김포시,1.0,0.0,노지감귤(10kg),
2022,2022-11-14,2022-11-16,seller_A,C0032,충남,서산시,1.0,0.0,노지감귤(10kg),
2022,2022-11-14,2022-11-16,seller_A,C0033,경기,수원시,1.0,0.0,노지감귤(10kg),
2022,2022-11-14,2022-11-16,seller_A,C0034,서울,도봉구,4.0,0.0,노지감귤(10kg),
2022,2022-11-14,2022-11-16,seller_A,C0035,경기,성남시,1.0,0.0,노지감귤(10kg),
2022,2022-11-15,2022-11-17,seller_A,C0036,경기,용인시,1.0,0.0,노지감귤(10kg),
2022,2022-11-15,2022-11-17,seller_A,C0037,서울,도봉구,1.0,0.0,노지감귤(10kg),
2022,2022-11-15,2022-11-17,seller_A,C0038,경기,수원시,1.0,0.0,노지감귤(10kg),
2022,2022-11-15,2022-11-17,seller_A,C0039,경기,김포시,1.0,0.0,노지감귤(10kg),
2022,2022-11-15,2022-11-17,seller_A,C0040,경기,군포시,0.0,1.0,노지감귤(5kg),
2022,2022-11-15,2022-11-17,seller_A,C0041,서울,도봉구,1.0,0.0,노지감귤(10kg),
2022,2022-11-15,2022-11-17,seller_A,C0042,경기,화성시,2.0,0.0,노지감귤(10kg),
2022,2022-11-15,2022-11-17,seller_A,C0043,서울,구로구,1.0,0.0,노지감귤(10kg),
2022,2022-11-15,2022-11-17,seller_A,C0044,경기,고양시,1.0,0.0,노지감귤(10kg),
2022,2022-11-15,2022-11-17,seller_A,C0045,서울,양천구,1.0,0.0,노지감귤(10kg),
2022,2022-11-15,2022-11-17,seller_A,C0046,서울,도봉구,2.0,0.0,노지감귤(10kg),
2022,2022-11-15,2022-11-17,seller_A,C0047,충북,청주시,0.0,1.0,노지감귤(5kg),
2022,2022-11-15,2022-11-17,seller_A,C0048,경기,평택시,1.0,0.0,노지감귤(10kg),
2022,2022-11-15,2022-11-17,seller_A,C0049,서울,강북구,1.0,0.0,노지감귤(10kg),
2022,2022-11-15,2022-11-17,seller_A,C0050,서울,도봉구,0.0,1.0,노지감귤(5kg),
2022,2022-11-15,2022-11-17,seller_A,C0051,전북,남원시,1.0,0.0,노지감귤(10kg),
2022,2022-11-15,2022-11-17,seller_A,C0052,경기,의정부시,1.0,0.0,노지감귤(10kg),
2022,2022-11-15,2022-11-17,seller_A,C0053,서울,도봉구,0.0,1.0,노지감귤(5kg),
2022,2022-11-15,2022-11-17,seller_A,C0054,서울,강남구,0.0,1.0,노지감귤(5kg),
2022,2022-11-15,2022-11-17,seller_A,C0055,서울,도봉구,1.0,0.0,노지감귤(10kg),
2022,2022-11-15,2022-11-17,seller_A,C0056,경기,파주시,1.0,0.0,노지감귤(10kg),
2022,2022-11-15,2022-11-17,seller_A,C0057,인천,계양구,1.0,0.0,노지감귤(10kg),
2022,2022-11-15,2022-11-17,seller_A,C0058,서울,도봉구,1.0,0.0,노지감귤(10kg),
2022,2022-11-16,2022-11-16,seller_A,C0059,경남,하동군,3.0,0.0,노지감귤(10kg),
2022,2022-11-16,2022-11-17,seller_A,C0060,대전,동구,2.0,0.0,노지감귤(10kg),
2022,2022-11-16,2022-11-17,seller_A,C0061,전남,순천시,3.0,0.0,노지감귤(10kg),
2022,2022-11-16,2022-11-21,seller_A,C0062,서울,동작구,1.0,0.0,노지감귤(10kg),
2022,2022-11-16,2022-11-21,seller_A,C0063,서울,동작구,1.0,0.0,노지감귤(10kg),
2022,2022-11-16,2022-11-21,seller_A,C0064,서울,도봉구,1.0,0.0,노지감귤(10kg),
2022,2022-11-16,2022-11-21,seller_A,C0065,서울,용산구,1.0,0.0,노지감귤(10kg),
2022,2022-11-16,2022-11-21,seller_A,C0066,부산,수영구,1.0,0.0,노지감귤(10kg),
2022,2022-11-16,2022-11-21,seller_A,C0067,경기,안산시,1.0,0.0,노지감귤(10kg),
2022,2022-11-16,2022-11-21,seller_A,C0068,서울,도봉구,1.0,0.0,노지감귤(10kg),
2022,2022-11-16,2022-11-21,seller_A,C0069,서울,영등포구,0.0,1.0,노지감귤(5kg),
2022,2022-11-16,2022-11-21,seller_A,C0070,서울,강남구,1.0,0.0,노지감귤(10kg),
2022,2022-11-16,2022-11-21,seller_A,C0071,서울,동작구,1.0,0.0,노지감귤(10kg),
2022,2022-11-16,2022-11-21,seller_A,C0072,경기,파주시,1.0,0.0,노지감귤(10kg),
2022,2022-11-16,2022-11-21,seller_A,C0073,서울,성북구,1.0,0.0,노지감귤(10kg),
2022,2022-11-16,2022-11-21,seller_A,C0073,서울,성북구,1.0,0.0,노지감귤(10kg),
2022,2022-11-16,2022-11-21,seller_A,C0074,서울,송파구,1.0,0.0,노지감귤(10kg),
2022,2022-11-16,2022-11-21,seller_A,C0075,서울,도봉구,1.0,0.0,노지감귤(10kg),
2022,2022-11-16,2022-11-21,seller_A,C0018,경기,하남시,1.0,0.0,노지감귤(10kg),
2022,2022-11-17,2022-11-21,seller_A,C0076,경기,성남시,1.0,0.0,노지감귤(10kg),
2022,2022-11-17,2022-11-21,seller_A,C0077,경기,수원시,0.0,1.0,노지감귤(5kg),
2022,2022-11-17,2022-11-21,seller_A,C0078,서울,강서구,1.0,0.0,노지감귤(10kg),
2022,2022-11-17,2022-11-21,seller_A,C0079,서울,강서구,1.0,0.0,노지감귤(10kg),
2022,2022-11-17,2022-11-21,seller_A,C0080,서울,양천구,1.0,0.0,노지감귤(10kg),
2022,2022-11-17,2022-11-21,seller_A,C0081,경기,고양시,1.0,0.0,노지감귤(10kg),
2022,2022-11-17,2022-11-21,seller_A,C0082,서울,구로구,1.0,0.0,노지감귤(10kg),
2022,2022-11-17,2022-11-21,seller_A,C0083,서울,구로구,1.0,0.0,노지감귤(10kg),
2022,2022-11-17,2022-11-21,seller_A,C0084,서울,양천구,1.0,0.0,노지감귤(10kg),
2022,2022-11-17,2022-11-21,seller_A,C0012,서울,도봉구,0.0,2.0,노지감귤(5kg),
2022,2022-11-18,2022-11-21,seller_A,C0085,서울,관악구,2.0,0.0,노지감귤(10kg),
2022,2022-11-18,2022-11-21,seller_A,C0086,충북,충주시,2.0,0.0,노지감귤(10kg),
2022,2022-11-18,2022-11-21,seller_A,C0087,충북,괴산군,2.0,0.0,노지감귤(10kg),
2022,2022-11-18,2022-11-21,seller_A,C0088,충북,충주시,2.0,0.0,노지감귤(10kg),
2022,2022-11-18,2022-11-21,seller_A,C0089,전남,구례군,5.0,0.0,노지감귤(10kg),
2022,2022-11-18,2022-11-21,seller_A,C0090,경북,봉화군,2.0,0.0,노지감귤(10kg),
2022,2022-11-18,2022-11-21,seller_A,C0091,경북,봉화군,2.0,0.0,노지감귤(10kg),
2022,2022-11-18,2022-11-21,seller_A,C0092,경기,수원시,5.0,0.0,노지감귤(10kg),
2022,2022-11-18,2022-11-21,seller_A,C0093,경기,수원시,1.0,0.0,노지감귤(10kg),
2022,2022-11-18,2022-11-21,seller_A,C0094,경기,의정부시,1.0,0.0,노지감귤(10kg),
2022,2022-11-18,2022-11-21,seller_A,C0095,서울,도봉구,3.0,0.0,노지감귤(10kg),
2022,2022-11-18,2022-11-21,seller_A,C0096,경기,양주시,1.0,0.0,노지감귤(10kg),
2022,2022-11-18,2022-11-21,seller_A,C0097,서울,양천구,1.0,0.0,노지감귤(10kg),
2022,2022-11-18,2022-11-21,seller_A,C0098,인천,미추홀구,1.0,0.0,노지감귤(10kg),
2022,2022-11-18,2022-11-21,seller_A,C0099,경북,경산시,1.0,0.0,노지감귤(10kg),
2022,2022-11-19,2022-11-22,seller_A,C0100,경북,경산시,2.0,0.0,노지감귤(10kg),
2022,2022-11-20,2022-11-22,seller_A,C0101,부산,수영구,0.0,1.0,노지감귤(5kg),
2022,2022-11-20,2022-11-22,seller_A,C0102,부산,사하구,1.0,0.0,노지감귤(10kg),
2022,2022-11-20,2022-11-22,seller_A,C0103,대구,중구,1.0,0.0,노지감귤(10kg),
2022,2022-11-20,2022-11-22,seller_A,C0104,서울,서대문구,1.0,0.0,노지감귤(10kg),
2022,2022-11-20,2022-11-22,seller_A,C0105,서울,구로구,1.0,0.0,노지감귤(10kg),
2022,2022-11-20,2022-11-22,seller_A,C0106,서울,서초구,1.0,0.0,노지감귤(10kg),
2022,2022-11-20,2022-11-22,seller_A,C0107,경기,하남시,1.0,0.0,노지감귤(10kg),
2022,2022-11-20,2022-11-22,seller_A,C0108,경기,평택시,1.0,0.0,노지감귤(10kg),
2022,2022-11-20,2022-11-22,seller_A,C0109,서울,서초구,1.0,0.0,노지감귤(10kg),
2022,2022-11-20,2022-11-22,seller_A,C0110,서울,강남구,3.0,0.0,노지감귤(10kg),
2022,2022-11-20,2022-11-22,seller_A,C0111,서울,강남구,1.0,0.0,노지감귤(10kg),
2022,2022-11-20,2022-11-22,seller_A,C0112,서울,용산구,1.0,0.0,노지감귤(10kg),
2022,2022-11-20,2022-11-22,seller_A,C0113,서울,영등포구,1.0,0.0,노지감귤(10kg),
2022,2022-11-20,2022-11-22,seller_A,C0114,서울,용산구,1.0,0.0,노지감귤(10kg),
2022,2022-11-20,2022-11-22,seller_A,C0115,경기,김포시,1.0,0.0,노지감귤(10kg),
2022,2022-11-20,2022-11-22,seller_A,C0116,서울,서초구,1.0,0.0,노지감귤(10kg),
2022,2022-11-20,2022-11-22,seller_A,C0117,서울,종로구,1.0,0.0,노지감귤(10kg),
2022,2022-11-20,2022-11-22,seller_A,C0118,서울,중랑구,1.0,0.0,노지감귤(10kg),
2022,2022-11-21,2022-11-22,seller_A,C0119,경기,군포시,1.0,0.0,노지감귤(10kg),
2022,2022-11-21,2022-11-21,seller_A,C0037,,,1.0,0.0,노지감귤(10kg),
2022,2022-11-21,2022-11-22,seller_A,C0121,세종,세종,1.0,0.0,노지감귤(10kg),
2022,2022-11-21,2022-11-22,seller_A,C0122,경기,고양시,1.0,0.0,노지감귤(10kg),
2022,2022-11-21,2022-11-22,seller_A,C0123,충북,청주시,1.0,0.0,노지감귤(10kg),
2022,2022-11-21,2022-11-22,seller_A,C0124,서울,도봉구,0.0,1.0,노지감귤(5kg),
2022,2022-11-21,2022-11-22,seller_A,C0125,경기,평택시,1.0,0.0,노지감귤(10kg),
2022,2022-11-22,2022-11-23,seller_A,C0126,인천,동구,1.0,0.0,노지감귤(10kg),
2022,2022-11-22,2022-11-23,seller_A,C0127,부산,수영구,1.0,0.0,노지감귤(10kg),
2022,2022-11-23,2022-11-24,seller_A,C0128,경기,광주시,1.0,0.0,노지감귤(10kg),
2022,2022-11-23,2022-11-24,seller_A,C0129,경기,안산시,1.0,0.0,노지감귤(10kg),
2022,2022-11-23,2022-11-29,seller_A,C0130,서울,성북구,1.0,0.0,노지감귤(10kg),
2022,2022-11-23,2022-11-29,seller_A,C0131,경기,파주시,1.0,0.0,노지감귤(10kg),
2022,2022-11-23,2022-11-29,seller_A,C0132,경기,성남시,1.0,0.0,노지감귤(10kg),
2022,2022-11-23,2022-11-29,seller_A,C0133,경기,양주시,1.0,0.0,노지감귤(10kg),
2022,2022-11-23,2022-11-29,seller_A,C0073,서울,성북구,6.0,0.0,노지감귤(10kg),
2022,2022-11-23,2022-11-24,seller_A,C0134,인천,연수구,1.0,0.0,노지감귤(10kg),
2022,2022-11-23,2022-11-25,seller_A,C0135,서울,도봉구,0.0,1.0,노지감귤(5kg),
2022,2022-11-23,2022-11-25,seller_A,C0136,제주,국기로,1.0,0.0,노지감귤(10kg),
2022,2022-11-23,2022-11-25,seller_A,C0137,제주,노형로,1.0,0.0,노지감귤(10kg),
2022,2022-11-23,2022-11-25,seller_A,C0002,서울,도봉구,1.0,0.0,노지감귤(10kg),
2022,2022-11-24,2022-11-29,seller_A,C0138,경기,김포시,1.0,0.0,노지감귤(10kg),
2022,2022-11-24,2022-11-29,seller_A,C0139,인천,서구,1.0,0.0,노지감귤(10kg),
2022,2022-11-24,2022-11-29,seller_A,C0140,서울,강서구,1.0,0.0,노지감귤(10kg),
2022,2022-11-25,2022-11-29,seller_A,C0141,경기,의왕시,1.0,0.0,노지감귤(10kg),
2022,2022-11-25,2022-11-29,seller_A,C0142,서울,강서구,1.0,0.0,노지감귤(10kg),
2022,2022-11-25,2022-11-29,seller_A,C0143,서울,도봉구,1.0,0.0,노지감귤(10kg),
2022,2022-11-25,2022-11-29,seller_A,C0144,서울,도봉구,1.0,0.0,노지감귤(10kg),
2022,2022-11-26,2022-11-29,seller_A,C0145,경기,화성시,1.0,0.0,노지감귤(10kg),
2022,2022-11-26,2022-11-29,seller_A,C0145,서울,강남구,0.0,1.0,노지감귤(5kg),
2022,2022-11-26,2022-11-29,seller_A,C0146,경기,김포시,1.0,0.0,노지감귤(10kg),
2022,2022-11-26,2022-11-29,seller_A,C0147,충북,진천군,1.0,0.0,노지감귤(10kg),
2022,2022-11-26,2022-11-29,seller_A,C0148,경기,성남시,1.0,0.0,노지감귤(10kg),
2022,2022-11-26,2022-11-29,seller_A,C0149,경기,용인시,1.0,0.0,노지감귤(10kg),
2022,2022-11-26,2022-11-29,seller_A,C0150,인천,남동구,1.0,0.0,노지감귤(10kg),
2022,2022-11-26,2022-11-29,seller_A,C0151,경기,용인시,1.0,0.0,노지감귤(10kg),
2022,2022-11-26,2022-11-29,seller_A,C0152,경기,광주시,1.0,0.0,노지감귤(10kg),
2022,2022-11-26,2022-11-29,seller_A,C0153,경기,용인시,1.0,0.0,노지감귤(10kg),
2022,2022-11-26,2022-11-29,seller_A,C0154,강원,춘천시,1.0,0.0,노지감귤(10kg),
2022,2022-11-26,2022-11-29,seller_A,C0155,강원,홍천군,1.0,0.0,노지감귤(10kg),
2022,2022-11-26,2022-11-29,seller_A,C0156,부산,금정구,1.0,0.0,노지감귤(10kg),
2022,2022-11-26,2022-11-29,seller_A,C0157,경남,창원시,4.0,0.0,노지감귤(10kg),
2022,2022-11-26,2022-11-29,seller_A,C0158,부산,사하구,1.0,0.0,노지감귤(10kg),
2022,2022-11-26,2022-11-29,seller_A,C0159,경남,진주시,1.0,0.0,노지감귤(10kg),
2022,2022-11-26,2022-11-29,seller_A,C0160,경남,김해시,1.0,0.0,노지감귤(10kg),
2022,2022-11-27,2022-11-29,seller_A,C0161,부산,금정구,1.0,0.0,노지감귤(10kg),
2022,2022-11-27,2022-11-30,seller_A,C0162,제주,용담로,1.0,0.0,노지감귤(10kg),
2022,2022-11-28,2022-11-30,seller_A,C0163,전남,신안군,1.0,0.0,노지감귤(10kg),
2022,2022-11-28,2022-11-30,seller_A,C0164,광주,남구,1.0,0.0,노지감귤(10kg),
2022,2022-11-28,2022-11-30,seller_A,C0165,경기,안성시,1.0,0.0,노지감귤(10kg),
2022,2022-11-28,2022-11-30,seller_A,C0166,서울,양천구,1.0,0.0,노지감귤(10kg),
2022,2022-11-28,2022-11-30,seller_A,C0006,서울,도봉구,1.0,0.0,노지감귤(10kg),
2022,2022-11-28,2022-12-01,seller_A,C0039,경기,김포시,1.0,0.0,노지감귤(10kg),
2022,2022-11-28,2022-12-01,seller_A,C0167,서울,도봉구,1.0,0.0,노지감귤(10kg),
2022,2022-11-29,2022-12-01,seller_A,C0168,경북,포항시,1.0,0.0,노지감귤(10kg),
2022,2022-11-29,2022-12-01,seller_A,C0169,충남,천안시,1.0,0.0,노지감귤(10kg),
2022,2022-11-29,2022-12-01,seller_A,C0170,경남,김해시,2.0,0.0,노지감귤(10kg),
2022,2022-11-29,2022-12-01,seller_A,C0171,부산,북구,1.0,0.0,노지감귤(10kg),
2022,2022-11-29,2022-12-01,seller_A,C0172,서울,동작구,1.0,0.0,노지감귤(10kg),
2022,2022-11-29,2022-12-01,seller_A,C0173,서울,구로구,1.0,0.0,노지감귤(10kg),
2022,2022-11-29,2022-12-01,seller_A,C0174,충북,청주시,1.0,0.0,노지감귤(10kg),
2022,2022-11-29,2022-12-01,seller_A,C0175,서울,관악구,2.0,0.0,노지감귤(10kg),
2022,2022-11-29,2022-12-01,seller_A,C0176,서울,강서구,1.0,0.0,노지감귤(10kg),
2022,2022-11-29,2022-12-01,seller_A,C0177,경기,남양주시,1.0,0.0,노지감귤(10kg),
2022,2022-11-29,2022-12-01,seller_A,C0178,경기,성남시,1.0,0.0,노지감귤(10kg),
2022,2022-11-30,2022-12-01,seller_A,C0179,충북,청주시,1.0,0.0,노지감귤(10kg),
2022,2022-11-30,2022-12-02,seller_A,C0180,서울,성북구,1.0,0.0,노지감귤(10kg),
2022,2022-11-30,2022-12-02,seller_A,C0181,경기,광주시,1.0,0.0,노지감귤(10kg),
2022,2022-11-30,2022-12-02,seller_A,C0182,경기,고양시,2.0,0.0,노지감귤(10kg),
2022,2022-11-30,2022-12-02,seller_A,C0128,경기,광주시,1.0,0.0,노지감귤(10kg),
2022,2022-11-30,2022-12-02,seller_A,C0044,경기,고양시,1.0,0.0,노지감귤(10kg),
2022,2022-11-30,2022-12-02,seller_A,C0183,경기,평택시,1.0,0.0,노지감귤(10kg),
2022,2022-11-30,2022-12-02,seller_A,C0184,경기,수원시,1.0,0.0,노지감귤(10kg),
2022,2022-11-30,2022-12-02,seller_A,C0185,경기,고양시,1.0,0.0,노지감귤(10kg),
2022,2022-11-30,2022-12-02,seller_A,C0186,경기,화성시,1.0,0.0,노지감귤(10kg),
2022,2022-11-30,2022-12-02,seller_A,C0187,경기,화성시,1.0,0.0,노지감귤(10kg),
2022,2022-12-01,2022-12-02,seller_A,C0188,서울,영등포구,1.0,0.0,노지감귤(10kg),
2022,2022-12-01,2022-12-02,seller_A,C0189,경기,성남시,1.0,0.0,노지감귤(10kg),
2022,2022-12-01,2022-12-02,seller_A,C0190,강원,춘천시,1.0,0.0,노지감귤(10kg),
2022,2022-12-02,2022-12-04,seller_A,C0191,대전,중구,1.0,0.0,노지감귤(10kg),
2022,2022-12-03,2022-12-04,seller_A,C0192,서울,성북구,2.0,0.0,노지감귤(10kg),
2022,2022-12-03,2022-12-04,seller_A,C0193,서울,송파구,1.0,0.0,노지감귤(10kg),
2022,2022-12-04,2022-12-05,seller_A,C0194,서울,용산구,1.0,0.0,노지감귤(10kg),
2022,2022-12-04,2022-12-05,seller_A,C0195,경기,고양시,1.0,0.0,노지감귤(10kg),
2022,2022-12-04,2022-12-05,seller_A,C0196,울산,울주군,1.0,0.0,노지감귤(10kg),
2022,2022-12-04,2022-12-05,seller_A,C0197,경기,성남시,1.0,0.0,노지감귤(10kg),
2022,2022-12-04,2022-12-05,seller_A,C0198,경기,고양시,3.0,0.0,노지감귤(10kg),
2022,2022-12-04,2022-12-05,seller_A,C0199,대구,서구,1.0,0.0,노지감귤(10kg),
2022,2022-12-04,2022-12-05,seller_A,C0200,전남,목포시,1.0,0.0,노지감귤(10kg),
2022,2022-12-04,2022-12-05,seller_A,C0201,전남,나주시,1.0,0.0,노지감귤(10kg),
2022,2022-12-04,2022-12-05,seller_A,C0202,서울,영등포구,1.0,0.0,노지감귤(10kg),
2022,2022-12-04,2022-12-05,seller_A,C0203,경기,고양시,1.0,0.0,노지감귤(10kg),
2022,2022-12-04,2022-12-05,seller_A,C0204,경기,의왕시,1.0,0.0,노지감귤(10kg),
2022,2022-12-04,2022-12-05,seller_A,C0205,경기,성남시,1.0,0.0,노지감귤(10kg),
2022,2022-12-04,2022-12-05,seller_A,C0206,서울,노원구,1.0,0.0,노지감귤(10kg),
2022,2022-12-04,2022-12-05,seller_A,C0207,경기,파주시,1.0,0.0,노지감귤(10kg),
2022,2022-12-04,2022-12-05,seller_A,C0208,서울,강북구,1.0,0.0,노지감귤(10kg),
2022,2022-12-05,2022-12-06,seller_A,C0209,서울,강북구,1.0,0.0,노지감귤(10kg),
2022,2022-12-05,2022-12-06,seller_A,C0028,경기,남양주시,1.0,0.0,노지감귤(10kg),
2022,2022-12-05,2022-12-06,seller_A,C0029,제주,구남동,1.0,0.0,노지감귤(10kg),
2022,2022-12-05,2022-12-06,seller_A,C0210,경기,남영주시,1.0,0.0,노지감귤(10kg),
2022,2022-12-05,2022-12-06,seller_A,C0211,서울,강서구,1.0,0.0,노지감귤(10kg),
2022,2022-12-05,2022-12-06,seller_A,C0212,경기,김포시,1.0,0.0,노지감귤(10kg),
2022,2022-12-05,2022-12-06,seller_A,C0084,서울,양천구,1.0,0.0,노지감귤(10kg),
2022,2022-12-05,2022-12-06,seller_A,C0122,경기,고양시,1.0,0.0,노지감귤(10kg),
2022,2022-12-05,2022-12-06,seller_A,C0213,서울,마포구,1.0,0.0,노지감귤(10kg),
2022,2022-12-05,2022-12-06,seller_A,C0214,경기,고양시,1.0,0.0,노지감귤(10kg),
2022,2022-12-05,2022-12-06,seller_A,C0215,경기,용인시,3.0,0.0,노지감귤(10kg),
2022,2022-12-05,2022-12-06,seller_A,C0046,서울,도봉구,0.0,1.0,노지감귤(5kg),
2022,2022-12-05,2022-12-06,seller_A,C0216,인천,연수구,2.0,0.0,노지감귤(10kg),
2022,2022-12-05,2022-12-06,seller_A,C0217,경기,광주시,1.0,0.0,노지감귤(10kg),
2022,2022-12-06,2022-12-07,seller_A,C0218,서울,강서구,1.0,0.0,노지감귤(10kg),
2022,2022-12-06,2022-12-07,seller_A,C0219,경기,남양주시,1.0,0.0,노지감귤(10kg),
2022,2022-12-06,2022-12-07,seller_A,C0220,인천,서구,1.0,0.0,노지감귤(10kg),
2022,2022-12-06,2022-12-07,seller_A,C0221,세종,세종,0.0,1.0,노지감귤(5kg),
2022,2022-12-06,2022-12-07,seller_A,C0222,제주,충효길,1.0,0.0,노지감귤(10kg),
2022,2022-12-06,2022-12-07,seller_A,C0077,경기,수원시,1.0,0.0,노지감귤(10kg),
2022,2022-12-06,2022-12-07,seller_A,C0187,경기,화성시,1.0,0.0,노지감귤(10kg),
2022,2022-12-06,2022-12-07,seller_A,C0064,서울,도봉구,1.0,0.0,노지감귤(10kg),
2022,2022-12-06,2022-12-07,seller_A,C0223,경기,용인시,1.0,0.0,노지감귤(10kg),
2022,2022-12-07,2022-12-08,seller_A,C0224,경남,진주시,1.0,0.0,노지감귤(10kg),
2022,2022-12-07,2022-12-08,seller_A,C0225,서울,서대문구,1.0,0.0,노지감귤(10kg),
2022,2022-12-07,2022-12-08,seller_A,C0226,서울,서대문구,1.0,0.0,노지감귤(10kg),
2022,2022-12-07,2022-12-08,seller_A,C0227,경기,남양주시,1.0,0.0,노지감귤(10kg),
2022,2022-12-07,2022-12-08,seller_A,C0228,경남,창원시,1.0,0.0,노지감귤(10kg),
2022,2022-12-07,2022-12-08,seller_A,C0229,경남,창원시,2.0,0.0,노지감귤(10kg),
2022,2022-12-07,2022-12-08,seller_A,C0230,경남,창원시,1.0,0.0,노지감귤(10kg),
2022,2022-12-07,2022-12-08,seller_A,C0231,경남,창원시,1.0,0.0,노지감귤(10kg),
2022,2022-12-07,2022-12-08,seller_A,C0232,경남,창원시,1.0,0.0,노지감귤(10kg),
2022,2022-12-07,2022-12-08,seller_A,C0233,경남,창원시,1.0,0.0,노지감귤(10kg),
2022,2022-12-07,2022-12-08,seller_A,C0234,경남,김해시,1.0,0.0,노지감귤(10kg),
2022,2022-12-07,2022-12-08,seller_A,C0235,부산,사하구,1.0,0.0,노지감귤(10kg),
2022,2022-12-07,2022-12-08,seller_A,C0236,서울,은평구,1.0,0.0,노지감귤(10kg),
2022,2022-12-07,2022-12-08,seller_A,C0237,서울,노원구,1.0,0.0,노지감귤(10kg),
2022,2022-12-07,2022-12-08,seller_A,C0237,경기,고양시,1.0,0.0,노지감귤(10kg),
2022,2022-12-07,2022-12-08,seller_A,C0237,강원,홍천군,1.0,0.0,노지감귤(10kg),
2022,2022-12-07,2022-12-08,seller_A,C0237,서울,서대문구,1.0,0.0,노지감귤(10kg),
2022,2022-12-07,2022-12-08,seller_A,C0237,서울,서대문구,1.0,0.0,노지감귤(10kg),
2022,2022-12-07,2022-12-08,seller_A,C0237,서울,성북구,1.0,0.0,노지감귤(10kg),
2022,2022-12-07,2022-12-08,seller_A,C0104,서울,서대문구,1.0,0.0,노지감귤(10kg),
2022,2022-12-07,2022-12-08,seller_A,C0105,서울,구로구,1.0,0.0,노지감귤(10kg),
2022,2022-12-07,2022-12-08,seller_A,C0106,서울,서초구,1.0,0.0,노지감귤(10kg),
2022,2022-12-07,2022-12-08,seller_A,C0026,경기,용인시,1.0,0.0,노지감귤(10kg),
2022,2022-12-08,2022-12-09,seller_A,C0238,서울,은평구,1.0,0.0,노지감귤(10kg),
2022,2022-12-08,2022-12-09,seller_A,C0239,서울,도봉구,1.0,0.0,노지감귤(10kg),
2022,2022-12-08,2022-12-09,seller_A,C0020,경기,수원시,2.0,0.0,노지감귤(10kg),
2022,2022-12-08,2022-12-09,seller_A,C0240,서울,노원구,1.0,0.0,노지감귤(10kg),
2022,2022-12-08,2022-12-09,seller_A,C0241,서울,노원구,0.0,1.0,노지감귤(5kg),
2022,2022-12-08,2022-12-09,seller_A,C0046,서울,도봉구,0.0,1.0,노지감귤(5kg),
2022,2022-12-09,2022-12-11,seller_A,C0038,경기,수원시,1.0,0.0,노지감귤(10kg),
2022,2022-12-09,2022-12-11,seller_A,C0242,서울,강동구,1.0,0.0,노지감귤(10kg),
2022,2022-12-09,2022-12-11,seller_A,C0243,경기,성남시,1.0,0.0,노지감귤(10kg),
2022,2022-12-09,2022-12-11,seller_A,C0244,서울,광진구,1.0,0.0,노지감귤(10kg),
2022,2022-12-09,2022-12-11,seller_A,C0245,서울,성동구,1.0,0.0,노지감귤(10kg),
2022,2022-12-09,2022-12-11,seller_A,C0246,서울,동작구,1.0,0.0,노지감귤(10kg),
2022,2022-12-09,2022-12-11,seller_A,C0247,서울,마포구,1.0,0.0,노지감귤(10kg),
2022,2022-12-09,2022-12-11,seller_A,C0248,서울,영등포구,1.0,0.0,노지감귤(10kg),
2022,2022-12-09,2022-12-11,seller_A,C0249,서울,서대문구,1.0,0.0,노지감귤(10kg),
2022,2022-12-09,2022-12-11,seller_A,C0250,서울,서초구,1.0,0.0,노지감귤(10kg),
2022,2022-12-09,2022-12-11,seller_A,C0251,경기,고양시,1.0,0.0,노지감귤(10kg),
2022,2022-12-09,2022-12-11,seller_A,C0252,서울,동대문구,1.0,0.0,노지감귤(10kg),
2022,2022-12-09,2022-12-11,seller_A,C0253,경기,고양시,1.0,0.0,노지감귤(10kg),
2022,2022-12-09,2022-12-11,seller_A,C0254,경기,용인시,1.0,0.0,노지감귤(10kg),
2022,2022-12-09,2022-12-11,seller_A,C0255,서울,강남구,1.0,0.0,노지감귤(10kg),
2022,2022-12-09,2022-12-11,seller_A,C0256,서울,서대문구,1.0,0.0,노지감귤(10kg),
2022,2022-12-09,2022-12-11,seller_A,C0257,경기,고양시,1.0,0.0,노지감귤(10kg),
2022,2022-12-09,2022-12-11,seller_A,C0258,서울,은평구,1.0,0.0,노지감귤(10kg),
2022,2022-12-09,2022-12-11,seller_A,C0259,인천,연수구,1.0,0.0,노지감귤(10kg),
2022,2022-12-09,2022-12-11,seller_A,C0260,경기,고양시,1.0,0.0,노지감귤(10kg),
2022,2022-12-07,2022-12-11,seller_A,C0237,서울,성북구,1.0,0.0,노지감귤(10kg),
2022,2022-12-10,2022-12-11,seller_A,C0045,서울,양천구,1.0,0.0,노지감귤(10kg),
2022,2022-12-10,2022-12-11,seller_A,C0067,경기,안산시,1.0,0.0,노지감귤(10kg),
2022,2022-12-10,2022-12-11,seller_A,C0261,경기,수원시,1.0,0.0,노지감귤(10kg),
2022,2022-12-10,2022-12-11,seller_A,C0262,경기,군포시,1.0,0.0,노지감귤(10kg),
2022,2022-12-10,2022-12-11,seller_A,C0263,서울,성동구,1.0,0.0,노지감귤(10kg),
2022,2022-12-10,2022-12-11,seller_A,C0264,부산,사하구,1.0,0.0,노지감귤(10kg),
2022,2022-12-10,2022-12-11,seller_A,C0124,서울,도봉구,0.0,1.0,노지감귤(5kg),
2022,2022-12-10,2022-12-12,seller_A,C0144,서울,도봉구,1.0,0.0,노지감귤(10kg),
2022,2022-12-11,2022-12-12,seller_A,C0265,경기,고양시,1.0,0.0,노지감귤(10kg),
2022,2022-12-11,2022-12-12,seller_A,C0266,강원,춘천시,1.0,0.0,노지감귤(10kg),
2022,2022-12-11,2022-12-12,seller_A,C0267,경기,고양시,0.0,1.0,노지감귤(5kg),
2022,2022-12-11,2022-12-12,seller_A,C0268,서울,강남구,0.0,1.0,노지감귤(5kg),
2022,2022-12-11,2022-12-12,seller_A,C0269,서울,양천구,0.0,1.0,노지감귤(5kg),
2022,2022-12-11,2022-12-12,seller_A,C0270,서울,마포구,0.0,1.0,노지감귤(5kg),
2022,2022-12-11,2022-12-12,seller_A,C0271,서울,성동구,1.0,0.0,노지감귤(10kg),
2022,2022-12-11,2022-12-12,seller_A,C0272,경기,수원시,1.0,0.0,노지감귤(10kg),
2022,2022-12-11,2022-12-12,seller_A,C0273,강원,속초시,1.0,0.0,노지감귤(10kg),
2022,2022-12-11,2022-12-12,seller_A,C0274,충북,청주시,1.0,0.0,노지감귤(10kg),
2022,2022-12-11,2022-12-12,seller_A,C0275,충남,천안시,1.0,0.0,노지감귤(10kg),
2022,2022-12-11,2022-12-12,seller_A,C0276,서울,강동구,1.0,0.0,노지감귤(10kg),
2022,2022-12-11,2022-12-12,seller_A,C0277,경기,수원시,1.0,0.0,노지감귤(10kg),
2022,2022-12-11,2022-12-12,seller_A,C0278,경기,용인시,1.0,0.0,노지감귤(10kg),
2022,2022-12-11,2022-12-12,seller_A,C0279,경기,수원시,1.0,0.0,노지감귤(10kg),
2022,2022-12-11,2022-12-12,seller_A,C0280,경남,창원시,1.0,0.0,노지감귤(10kg),
2022,2022-12-12,2022-12-13,seller_A,C0281,서울,서대문구,1.0,0.0,노지감귤(10kg),
2022,2022-12-12,2022-12-13,seller_A,C0282,경기,수원시,1.0,0.0,노지감귤(10kg),
2022,2022-12-12,2022-12-13,seller_A,C0283,서울,강동구,1.0,0.0,노지감귤(10kg),
2022,2022-12-12,2022-12-13,seller_A,C0284,서울,마포구,1.0,0.0,노지감귤(10kg),
2022,2022-12-13,2022-12-14,seller_A,C0002,서울,도봉구,1.0,0.0,노지감귤(10kg),
2022,2022-12-13,2022-12-14,seller_A,C0285,인천,계양구,1.0,0.0,노지감귤(10kg),
2022,2022-12-13,2022-12-14,seller_A,C0286,인천,연수구,0.0,1.0,노지감귤(5kg),
2022,2022-12-13,2022-12-14,seller_A,C0287,경기,남양주시,0.0,1.0,노지감귤(5kg),
2022,2022-12-13,2022-12-14,seller_A,C0288,서울,중구,0.0,1.0,노지감귤(5kg),
2022,2022-12-13,2022-12-14,seller_A,C0289,경기,일산서구,1.0,0.0,노지감귤(10kg),
2022,2022-12-14,2022-12-15,seller_A,C0049,서울,강북구,1.0,0.0,노지감귤(10kg),
2022,2022-12-14,2022-12-15,seller_A,C0290,서울,동작구,0.0,1.0,노지감귤(5kg),
2022,2022-12-14,2022-12-15,seller_A,C0199,대구,서구,3.0,0.0,노지감귤(10kg),
2022,2022-12-14,2022-12-15,seller_A,C0291,경기,의정부시,1.0,0.0,노지감귤(10kg),
2022,2022-12-15,2022-12-16,seller_A,C0292,충북,충주시,1.0,0.0,노지감귤(10kg),
2022,2022-12-15,2022-12-16,seller_A,C0293,서울,영등포구,0.0,1.0,노지감귤(5kg),
2022,2022-12-15,2022-12-16,seller_A,C0294,경기,고양시,1.0,0.0,노지감귤(10kg),
2022,2022-12-15,2022-12-16,seller_A,C0295,서울,은평구,1.0,0.0,노지감귤(10kg),
2022,2022-12-15,2022-12-16,seller_A,C0296,경기,양평군,1.0,0.0,노지감귤(10kg),
2022,2022-12-15,2022-12-16,seller_A,C0297,서울,동대문구,2.0,0.0,노지감귤(10kg),
2022,2022-12-15,2022-12-16,seller_A,C0298,경기,수원시,1.0,0.0,노지감귤(10kg),
2022,2022-12-15,2022-12-16,seller_A,C0299,전북,군산시,1.0,0.0,노지감귤(10kg),
2022,2022-12-15,2022-12-16,seller_A,C0085,서울,관악구,1.0,0.0,노지감귤(10kg),
2022,2022-12-15,2022-12-16,seller_A,C0300,서울,도봉구,1.0,0.0,노지감귤(10kg),
2022,2022-12-16,2022-12-16,seller_A,C0301,경기,수원시,1.0,0.0,노지감귤(10kg),
2022,2022-12-16,2022-12-16,seller_A,C0302,경기,안산시,1.0,0.0,노지감귤(10kg),
2022,2022-12-16,2022-12-18,seller_A,C0303,부산,연제구,1.0,0.0,노지감귤(10kg),
2022,2022-12-17,2022-12-18,seller_A,C0203,경기,고양시,1.0,0.0,노지감귤(10kg),
2022,2022-12-17,2022-12-18,seller_A,C0304,경기,용인시,1.0,0.0,노지감귤(10kg),
2022,2022-12-17,2022-12-18,seller_A,C0305,강원,철원군,1.0,0.0,노지감귤(10kg),
2022,2022-12-17,2022-12-19,seller_A,C0306,서울,강남구,1.0,0.0,노지감귤(10kg),
2022,2022-12-17,2022-12-19,seller_A,C0307,서울,도봉구,1.0,0.0,노지감귤(10kg),
2022,2022-12-17,2022-12-19,seller_A,C0307,서울,도봉구,1.0,0.0,노지감귤(10kg),
2022,2022-12-18,2022-12-19,seller_A,C0308,강원,홍천군,1.0,0.0,노지감귤(10kg),
2022,2022-12-18,2022-12-19,seller_A,C0309,인천,연수구,1.0,0.0,노지감귤(10kg),
2022,2022-12-18,2022-12-19,seller_A,C0012,서울,도봉구,0.0,2.0,노지감귤(5kg),12/19추가
2022,2022-12-18,2022-12-19,seller_A,C0161,부산,금정구,1.0,0.0,노지감귤(10kg),
2022,2022-12-18,2022-12-19,seller_A,C0310,경기,시흥시,1.0,0.0,노지감귤(10kg),
2022,2022-12-18,2022-12-19,seller_A,C0310,경기,시흥시,0.0,1.0,노지감귤(5kg),
2022,2022-12-19,2022-12-20,seller_A,C0209,서울,강북구,1.0,0.0,노지감귤(10kg),
2022,2022-12-19,2022-12-20,seller_A,C0039,경기,김포시,1.0,0.0,노지감귤(10kg),
2022,2022-12-19,2022-12-20,seller_A,C0121,세종,세종,1.0,0.0,노지감귤(10kg),
2022,2022-12-19,2022-12-20,seller_A,C0311,인천,미추홀구,1.0,0.0,노지감귤(10kg),
2022,2022-12-19,2022-12-20,seller_A,C0058,서울,도봉구,1.0,0.0,노지감귤(10kg),
2022,2022-12-21,2022-12-22,seller_A,C0312,대구,달서구,0.0,1.0,노지감귤(5kg),
2022,2022-12-21,2022-12-22,seller_A,C0313,대구,달서구,0.0,1.0,노지감귤(5kg),
2022,2022-12-21,2022-12-22,seller_A,C0314,대구,수성구,0.0,1.0,노지감귤(5kg),
2022,2022-12-21,2022-12-22,seller_A,C0315,대구,북구,0.0,1.0,노지감귤(5kg),
2022,2022-12-21,2022-12-22,seller_A,C0316,대구,수성구,0.0,1.0,노지감귤(5kg),
2022,2022-12-21,2022-12-22,seller_A,C0317,대구,수성구,0.0,1.0,노지감귤(5kg),
2022,2022-12-21,2022-12-22,seller_A,C0318,대구,수성구,0.0,1.0,노지감귤(5kg),
2022,2022-12-21,2022-12-22,seller_A,C0319,대구,달서구,0.0,1.0,노지감귤(5kg),
2022,2022-12-21,2022-12-22,seller_A,C0320,대구,중구,0.0,1.0,노지감귤(5kg),
2022,2022-12-21,2022-12-22,seller_A,C0321,대구,수성구,0.0,1.0,노지감귤(5kg),
2022,2022-12-21,2022-12-22,seller_A,C0322,경기,양주시,0.0,1.0,노지감귤(5kg),
2022,2022-12-21,2022-12-22,seller_A,C0323,인천,연수구,0.0,1.0,노지감귤(5kg),
2022,2022-12-21,2022-12-22,seller_A,C0324,인천,연수구,0.0,1.0,노지감귤(5kg),
2022,2022-12-21,2022-12-22,seller_A,C0325,인천,연수구,0.0,1.0,노지감귤(5kg),
2022,2022-12-21,2022-12-22,seller_A,C0326,인천,연수구,0.0,1.0,노지감귤(5kg),
2022,2022-12-21,2022-12-22,seller_A,C0327,인천,연수구,0.0,1.0,노지감귤(5kg),
2022,2022-12-21,2022-12-22,seller_A,C0322,경기,양주시,1.0,0.0,노지감귤(10kg),
2022,2022-12-21,2022-12-22,seller_A,C0328,서울,강남구,1.0,0.0,노지감귤(10kg),
2022,2022-12-21,2022-12-22,seller_A,C0329,인천,중구,1.0,0.0,노지감귤(10kg),
2022,2022-12-21,2022-12-22,seller_A,C0330,경기,시흥시,1.0,0.0,노지감귤(10kg),
2022,2022-12-21,2022-12-22,seller_A,C0331,충남,당진시,1.0,0.0,노지감귤(10kg),
2022,2022-12-21,2022-12-22,seller_A,C0332,경기,고양시,1.0,0.0,노지감귤(10kg),
2022,2022-12-21,2022-12-22,seller_A,C0333,경기,고양시,1.0,0.0,노지감귤(10kg),
2022,2022-12-21,2022-12-22,seller_A,C0334,대구,달성군,1.0,0.0,노지감귤(10kg),
2022,2022-12-21,2022-12-22,seller_A,C0335,서울,도봉구,1.0,0.0,노지감귤(10kg),
2022,2022-12-21,2022-12-22,seller_A,C0216,인천,연수구,1.0,0.0,노지감귤(10kg),
2022,2022-12-21,2022-12-22,seller_A,C0336,경남,산청군,1.0,0.0,노지감귤(10kg),
2022,2022-12-21,2022-12-22,seller_A,C0337,경남,산청군,1.0,0.0,노지감귤(10kg),
2022,2022-12-21,2022-12-22,seller_A,C0338,서울,동대문구,1.0,0.0,노지감귤(10kg),
2022,2022-12-21,2022-12-22,seller_A,C0339,경기,여주시,1.0,0.0,노지감귤(10kg),
2022,2022-12-21,2022-12-22,seller_A,C0340,경기,남양주시,1.0,0.0,노지감귤(10kg),
2022,2022-12-21,2022-12-22,seller_A,C0341,경기,파주시,1.0,0.0,노지감귤(10kg),
2022,2022-12-22,2022-12-22,seller_A,C0342,,,1.0,0.0,노지감귤(10kg),
2022,2022-12-22,2022-12-25,seller_A,C0343,경기,부천시,1.0,0.0,노지감귤(10kg),
2022,2022-12-22,2022-12-25,seller_A,C0344,서울,종로구,1.0,0.0,노지감귤(10kg),
2022,2022-12-22,2022-12-25,seller_A,C0345,대구,동구,1.0,0.0,노지감귤(10kg),
2022,2022-12-22,2022-12-25,seller_A,C0346,서울,동작구,1.0,0.0,노지감귤(10kg),
2022,2022-12-22,2022-12-25,seller_A,C0347,서울,영등포구,1.0,0.0,노지감귤(10kg),
2022,2022-12-22,2022-12-25,seller_A,C0348,경기,포천시,1.0,0.0,노지감귤(10kg),
2022,2022-12-22,2022-12-25,seller_A,C0179,충북,청주시,1.0,0.0,노지감귤(10kg),
2022,2022-12-22,2022-12-25,seller_A,C0349,전북,김제시,1.0,0.0,노지감귤(10kg),
2022,2022-12-22,2022-12-25,seller_A,C0350,충남,계룡시,1.0,0.0,노지감귤(10kg),
2022,2022-12-22,2022-12-25,seller_A,C0351,대구,수성구,1.0,0.0,노지감귤(10kg),
2022,2022-12-22,2022-12-25,seller_A,C0352,경북,칠곡군,1.0,0.0,노지감귤(10kg),
2022,2022-12-22,2022-12-25,seller_A,C0353,대구,수성구,1.0,0.0,노지감귤(10kg),
2022,2022-12-22,2022-12-25,seller_A,C0044,경기,고양시,1.0,0.0,노지감귤(10kg),
2022,2022-12-22,2022-12-25,seller_A,C0354,서울,동작구,1.0,0.0,노지감귤(10kg),
2022,2022-12-22,2022-12-25,seller_A,C0355,서울,동작구,1.0,0.0,노지감귤(10kg),
2022,2022-12-23,2022-12-25,seller_A,C0356,강원,원주시,1.0,0.0,노지감귤(10kg),
2022,2022-12-23,2022-12-25,seller_A,C0357,경기,용인시,1.0,0.0,노지감귤(10kg),
2022,2022-12-23,2022-12-25,seller_A,C0358,경기,광명시,1.0,0.0,노지감귤(10kg),
2022,2022-12-23,2022-12-25,seller_A,C0359,경기,성남시,1.0,0.0,노지감귤(10kg),
2022,2022-12-23,2022-12-25,seller_A,C0360,인천,서구,1.0,0.0,노지감귤(10kg),
2022,2022-12-23,2022-12-25,seller_A,C0361,인천,계양구,1.0,0.0,노지감귤(10kg),
2022,2022-12-23,2022-12-25,seller_A,C0038,경기,수원시,1.0,0.0,노지감귤(10kg),
2022,2022-12-24,2022-12-25,seller_A,C0362,서울,강남구,2.0,0.0,노지감귤(10kg),
2022,2022-12-24,2022-12-25,seller_A,C0363,경북,울진군,2.0,0.0,노지감귤(10kg),
2022,2022-12-24,2022-12-25,seller_A,C0331,서울,영등포구,2.0,0.0,노지감귤(10kg),
2022,2022-12-24,2022-12-25,seller_A,C0331,충남,당진시,1.0,0.0,노지감귤(10kg),
2022,2022-12-24,2022-12-25,seller_A,C0157,,,2.0,0.0,노지감귤(10kg),
2022,2022-12-25,2022-12-27,seller_A,C0364,경북,구미시,1.0,0.0,노지감귤(10kg),
2022,2022-12-25,2022-12-27,seller_A,C0350,충남,계룡시,5.0,0.0,노지감귤(10kg),
2022,2022-12-26,2022-12-27,seller_A,C0365,서울,강북구,1.0,0.0,노지감귤(10kg),
2022,2022-12-26,2022-12-27,seller_A,C0072,경기,파주시,1.0,0.0,노지감귤(10kg),
2022,2022-12-26,2022-12-27,seller_A,C0366,서울,서대문구,3.0,0.0,노지감귤(10kg),
2022,2022-12-26,2022-12-27,seller_A,C0367,서울,중랑구,1.0,0.0,노지감귤(10kg),
2022,2022-12-26,2022-12-27,seller_A,C0290,서울,동작구,0.0,1.0,노지감귤(5kg),
2022,2022-12-26,2022-12-27,seller_A,C0124,서울,도봉구,1.0,0.0,노지감귤(10kg),
2022,2022-12-26,2022-12-27,seller_A,C0279,경기,수원시,1.0,0.0,노지감귤(10kg),
2022,2022-12-26,2023-01-06,seller_A,C0368,광주,북구,1.0,0.0,노지감귤(10kg),
2022,2022-12-26,2023-01-06,seller_A,C0310,경기,시흥시,0.0,1.0,노지감귤(5kg),
2022,2022-12-26,2023-01-06,seller_A,C0369,경기,부천시,0.0,1.0,노지감귤(5kg),
2022,2022-12-26,2023-01-06,seller_A,C0370,서울,서대문구,1.0,0.0,노지감귤(10kg),
2022,2022-12-26,2023-01-06,seller_A,C0371,경기,오남읍,1.0,0.0,노지감귤(10kg),
2022,2022-12-26,2023-01-06,seller_A,C0372,서울,동작구,1.0,0.0,노지감귤(10kg),
2022,2022-12-26,2023-01-06,seller_A,C0237,,12/10주문,1.0,0.0,노지감귤(10kg),
2022,2022-12-26,2023-01-06,seller_A,C0373,경북,의성군,1.0,0.0,노지감귤(10kg),
2022,2022-12-26,2023-01-06,seller_A,C0374,경기,안산시,1.0,0.0,노지감귤(10kg),
2022,2022-12-26,2023-01-06,seller_A,C0068,서울,도봉구,1.0,0.0,노지감귤(10kg),
2022,2023-01-02,2023-01-06,seller_A,C0285,인천,계양구,1.0,0.0,노지감귤(10kg),
2022,2023-01-02,2023-01-06,seller_A,C0375,서울,양천구,1.0,0.0,노지감귤(10kg),
2022,2023-01-02,2023-01-06,seller_A,C0376,서울,동작구,1.0,0.0,노지감귤(10kg),
2022,2023-01-02,2023-01-06,seller_A,C0328,서울,강남구,1.0,0.0,노지감귤(10kg),
2022,2023-01-02,2023-01-06,seller_A,C0377,전북,순창군,1.0,0.0,노지감귤(10kg),
2022,2023-01-02,2023-01-06,seller_A,C0077,경기,수원시,0.0,1.0,노지감귤(5kg),
2022,2023-01-02,2023-01-06,seller_A,C0077,서울,강서구,0.0,1.0,노지감귤(5kg),
2022,2023-01-03,2023-01-06,seller_A,C0037,서울,도봉구,1.0,0.0,노지감귤(10kg),
2022,2023-01-04,2023-01-06,seller_A,C0311,인천,미추홀구,1.0,0.0,노지감귤(10kg),
2022,2023-01-05,2023-01-06,seller_A,C0045,서울,양천구,1.0,0.0,노지감귤(10kg),
2022,2023-01-05,2023-01-08,seller_A,C0240,서울,노원구,1.0,0.0,노지감귤(10kg),
2022,2023-01-06,2023-01-08,seller_A,C0378,서울,강남구,1.0,0.0,노지감귤(10kg),
2022,2023-01-06,2023-01-08,seller_A,C0379,서울,양천구,1.0,0.0,노지감귤(10kg),
2022,2023-01-06,2023-01-08,seller_A,C0380,인천,중구,1.0,0.0,노지감귤(10kg),
2022,2023-01-06,2023-01-08,seller_A,C0381,서울,마포구,1.0,0.0,노지감귤(10kg),
2022,2023-01-06,2023-01-08,seller_A,C0347,서울,영등포구,1.0,0.0,노지감귤(10kg),
2022,2023-01-06,2023-01-08,seller_A,C0382,경남,거제시,1.0,0.0,노지감귤(10kg),
2022,2023-01-06,2023-01-08,seller_A,C0383,서울,동작구,1.0,0.0,노지감귤(10kg),
2022,2023-01-06,2023-01-08,seller_A,C0074,서울,송파구,1.0,0.0,노지감귤(10kg),
2022,2023-01-06,2023-01-08,seller_A,C0384,인천,부평구,1.0,0.0,노지감귤(10kg),
2022,2023-01-07,2023-01-08,seller_A,C0251,경기,고양시,1.0,0.0,노지감귤(10kg),
2022,2023-01-07,2023-01-08,seller_A,C0385,경기,남양주시,1.0,0.0,노지감귤(10kg),
2022,2023-01-07,2023-01-08,seller_A,C0028,경기,남양주시,1.0,0.0,노지감귤(10kg),
2022,2023-01-07,2023-01-08,seller_A,C0386,인천,미추홀구,1.0,0.0,노지감귤(10kg),
2022,2023-01-07,2023-01-09,seller_A,C0387,경기,연천군,2.0,0.0,노지감귤(10kg),
2022,2023-01-08,2023-01-09,seller_A,C0023,서울,중랑구,2.0,0.0,노지감귤(10kg),
2022,2023-01-08,2023-01-09,seller_A,C0388,서울,도봉구,1.0,0.0,노지감귤(10kg),
2022,2023-01-08,2023-01-09,seller_A,C0389,서울,도봉구,1.0,0.0,노지감귤(10kg),
2022,2023-01-08,2023-01-09,seller_A,C0390,서울,도봉구,1.0,0.0,노지감귤(10kg),
2022,2023-01-08,2023-01-09,seller_A,C0041,서울,도봉구,1.0,0.0,노지감귤(10kg),
2022,2023-01-08,2023-01-09,seller_A,C0009,서울,강남구,1.0,0.0,노지감귤(10kg),
2022,2023-01-08,2023-01-09,seller_A,C0033,경기,수원시,1.0,0.0,노지감귤(10kg),
2022,2023-01-08,2023-01-09,seller_A,C0064,서울,도봉구,1.0,0.0,노지감귤(10kg),
2022,2023-01-08,2023-01-09,seller_A,C0065,서울,용산구,1.0,0.0,노지감귤(10kg),
2022,2023-01-08,2023-01-09,seller_A,C0066,부산,수영구,1.0,0.0,노지감귤(10kg),
2022,2023-01-08,2023-01-09,seller_A,C0010,서울,성동구,1.0,0.0,노지감귤(10kg),
2022,2023-01-08,2023-01-09,seller_A,C0035,경기,성남시,1.0,0.0,노지감귤(10kg),
2022,2023-01-08,2023-01-09,seller_A,C0045,서울,양천구,1.0,0.0,노지감귤(10kg),
2022,2023-01-08,2023-01-09,seller_A,C0219,경기,남양주시,1.0,0.0,노지감귤(10kg),
2022,2023-01-08,2023-01-09,seller_A,C0391,경기,고양시,1.0,0.0,노지감귤(10kg),
2022,2023-01-08,2023-01-09,seller_A,C0279,경기,수원시,1.0,0.0,노지감귤(10kg),
2022,2023-01-08,2023-01-09,seller_A,C0392,서울,도봉구,1.0,0.0,노지감귤(10kg),
2022,2023-01-08,2023-01-09,seller_A,C0393,충남,공주시,1.0,0.0,노지감귤(10kg),
2022,2023-01-08,2023-01-09,seller_A,C0182,경기,고양시,2.0,0.0,노지감귤(10kg),
2022,2023-01-08,2023-01-09,seller_A,C0145,경기,화성시,1.0,0.0,노지감귤(10kg),
2022,2023-01-08,2023-01-09,seller_A,C0144,서울,도봉구,1.0,0.0,노지감귤(10kg),
2022,2023-01-08,2023-01-10,seller_A,C0394,전남,영광군,1.0,0.0,노지감귤(10kg),
2022,2023-01-08,2023-01-10,seller_A,C0395,서울,성동구,1.0,0.0,노지감귤(10kg),
2022,2023-01-08,2023-01-10,seller_A,C0030,경기,양주시,1.0,0.0,노지감귤(10kg),
2022,2023-01-08,2023-01-10,seller_A,C0031,서울,도봉구,1.0,0.0,노지감귤(10kg),
2022,2023-01-08,2023-01-10,seller_A,C0225,서울,서대문구,1.0,0.0,노지감귤(10kg),
2022,2023-01-08,2023-01-10,seller_A,C0128,경기,광주시,1.0,0.0,노지감귤(10kg),
2022,2023-01-09,2023-01-10,seller_A,C0220,인천,서구,1.0,0.0,노지감귤(10kg),
2022,2023-01-09,2023-01-10,seller_A,C0229,경남,창원시,2.0,0.0,노지감귤(10kg),
2022,2023-01-09,2023-01-10,seller_A,C0202,서울,영등포구,1.0,0.0,노지감귤(10kg),
2022,2023-01-09,2023-01-10,seller_A,C0189,경기,성남시,1.0,0.0,노지감귤(10kg),
2022,2023-01-09,2023-01-10,seller_A,C0396,경기,구리시,1.0,0.0,노지감귤(10kg),
2022,2023-01-09,2023-01-10,seller_A,C0055,서울,도봉구,1.0,0.0,노지감귤(10kg),
2022,2023-01-09,2023-01-10,seller_A,C0397,경기,수원시,1.0,0.0,노지감귤(10kg),
2022,2023-01-09,2023-01-10,seller_A,C0398,경기,의정부시,1.0,0.0,노지감귤(10kg),
2022,2023-01-09,2023-01-10,seller_A,C0399,세종,세종,1.0,0.0,노지감귤(10kg),
2022,2023-01-09,2023-01-10,seller_A,C0400,대전,유성구,1.0,0.0,노지감귤(10kg),
2022,2023-01-09,2023-01-10,seller_A,C0401,충남,공주시,1.0,0.0,노지감귤(10kg),
2022,2023-01-09,2023-01-10,seller_A,C0113,서울,영등포구,1.0,0.0,노지감귤(10kg),
2022,2023-01-09,2023-01-10,seller_A,C0077,경기,여주시,1.0,0.0,노지감귤(10kg),
2022,2023-01-09,2023-01-10,seller_A,C0402,경기,김포시,3.0,0.0,노지감귤(10kg),
2022,2023-01-09,2023-01-10,seller_A,C0058,서울,도봉구,1.0,0.0,노지감귤(10kg),
2022,2023-01-09,2023-01-10,seller_A,C0403,충북,진천군,1.0,0.0,노지감귤(10kg),
2022,2023-01-09,2023-01-10,seller_A,C0234,경남,김해시,2.0,0.0,노지감귤(10kg),
2022,2023-01-09,2023-01-10,seller_A,C0404,경남,김해시,1.0,0.0,노지감귤(10kg),
2022,2023-01-09,2023-01-10,seller_A,C0305,강원,철원군,1.0,0.0,노지감귤(10kg),
2022,2023-01-09,2023-01-10,seller_A,C0405,경기,김포시,1.0,0.0,노지감귤(10kg),
2022,2023-01-09,2023-01-10,seller_A,C0406,서울,강북구,1.0,0.0,노지감귤(10kg),
2022,2023-01-09,2023-01-10,seller_A,C0203,경기,고양시,1.0,0.0,노지감귤(10kg),
2022,2023-01-09,2023-01-10,seller_A,C0407,부산,사상구,1.0,0.0,노지감귤(10kg),
2022,2023-01-09,2023-01-11,seller_A,C0408,경기,수원시,1.0,0.0,노지감귤(10kg),
2022,2023-01-09,2023-01-11,seller_A,C0409,경기,화성시,3.0,0.0,노지감귤(10kg),
2022,2023-01-09,2023-01-11,seller_A,C0410,경기,수원시,1.0,0.0,노지감귤(10kg),
2022,2023-01-09,2023-01-11,seller_A,C0411,경기,수원시,1.0,0.0,노지감귤(10kg),
2022,2023-01-09,2023-01-11,seller_A,C0412,경기,수원시,2.0,0.0,노지감귤(10kg),
2022,2023-01-09,2023-01-11,seller_A,C0413,경기,오산시,1.0,0.0,노지감귤(10kg),
2022,2023-01-09,2023-01-11,seller_A,C0414,경기,수원시,1.0,0.0,노지감귤(10kg),
2022,2023-01-09,2023-01-11,seller_A,C0415,강원,춘천시,0.0,1.0,노지감귤(5kg),
2022,2023-01-10,2023-01-11,seller_A,C0416,경기,안양시,1.0,0.0,노지감귤(10kg),
2022,2023-01-10,2023-01-11,seller_A,C0263,서울,성동구,1.0,0.0,노지감귤(10kg),
2022,2023-01-10,2023-01-11,seller_A,C0361,인천,계양구,2.0,0.0,노지감귤(10kg),
2022,2023-01-10,2023-01-11,seller_A,C0417,광주,광산구,1.0,0.0,노지감귤(10kg),
2022,2023-01-10,2023-01-11,seller_A,C0302,경기,안산시,1.0,0.0,노지감귤(10kg),
2022,2023-01-10,2023-01-11,seller_A,C0418,경기,연천군,1.0,0.0,노지감귤(10kg),
2022,2023-01-10,2023-01-11,seller_A,C0062,서울,동작구,1.0,0.0,노지감귤(10kg),
2022,2023-01-10,2023-01-11,seller_A,C0063,서울,동작구,1.0,0.0,노지감귤(10kg),
2022,2023-01-10,2023-01-11,seller_A,C0419,서울,도봉구,1.0,0.0,노지감귤(10kg),
2022,2023-01-10,2023-01-11,seller_A,C0039,경기,김포시,1.0,0.0,노지감귤(10kg),비
2022,2023-01-10,2023-01-11,seller_A,C0084,서울,양천구,1.0,0.0,노지감귤(10kg),비
2022,2023-01-10,2023-01-11,seller_A,C0179,충북,청주시,0.0,1.0,노지감귤(5kg),비
2022,2023-01-10,2023-01-11,seller_A,C0002,서울,도봉구,1.0,0.0,노지감귤(10kg),비
2022,2023-01-10,2023-01-11,seller_A,C0420,경기,남양주시,1.0,0.0,노지감귤(10kg),비
2022,2023-01-10,2023-01-11,seller_A,C0421,경기,안양시,1.0,0.0,노지감귤(10kg),비
2022,2023-01-10,2023-01-11,seller_A,C0422,경기,안양시,1.0,0.0,노지감귤(10kg),비
2022,2023-01-10,2023-01-12,seller_A,C0423,서울,도봉구,1.0,0.0,노지감귤(10kg),
2022,2023-01-11,2023-01-12,seller_A,C0424,전남,해남군,1.0,0.0,노지감귤(10kg),
2022,2023-01-11,2023-01-12,seller_A,C0425,전남,해남군,1.0,0.0,노지감귤(10kg),
2022,2023-01-11,2023-01-12,seller_A,C0426,부산,동래구,1.0,0.0,노지감귤(10kg),
2022,2023-01-11,2023-01-12,seller_A,C0427,서울,도봉구,1.0,0.0,노지감귤(10kg),
2022,2023-01-11,2023-01-12,seller_A,C0428,서울,서대문구,1.0,0.0,노지감귤(10kg),
2022,2023-01-11,2023-01-12,seller_A,C0429,서울,관악구,1.0,0.0,노지감귤(10kg),
2022,2023-01-11,2023-01-12,seller_A,C0430,충남,논산시,1.0,0.0,노지감귤(10kg),
2022,2023-01-11,2023-01-12,seller_A,C0431,경기,성남시,1.0,0.0,노지감귤(10kg),
2022,2023-01-11,2023-01-12,seller_A,C0432,인천,서구,1.0,0.0,노지감귤(10kg),
2022,2023-01-11,2023-01-12,seller_A,C0433,경기,수원시,1.0,0.0,노지감귤(10kg),
2022,2023-01-11,2023-01-12,seller_A,C0434,서울,서대문구,1.0,0.0,노지감귤(10kg),
2022,2023-01-11,2023-01-12,seller_A,C0435,경기,성남시,1.0,0.0,노지감귤(10kg),
2022,2023-01-11,2023-01-12,seller_A,C0436,서울,강서구,1.0,0.0,노지감귤(10kg),
2022,2023-01-11,2023-01-12,seller_A,C0437,서울,노원구,1.0,0.0,노지감귤(10kg),
2022,2023-01-11,2023-01-12,seller_A,C0438,경기,파주시,1.0,0.0,노지감귤(10kg),
2022,2023-01-11,2023-01-12,seller_A,C0439,경기,고양시,1.0,0.0,노지감귤(10kg),
2022,2023-01-11,2023-01-12,seller_A,C0440,경기,고양시,1.0,0.0,노지감귤(10kg),
2022,2023-01-11,2023-01-12,seller_A,C0441,경기,고양시,1.0,0.0,노지감귤(10kg),
2022,2023-01-11,2023-01-12,seller_A,C0442,경기,고양시,1.0,0.0,노지감귤(10kg),
2022,2023-01-11,2023-01-12,seller_A,C0443,경북,포항시,1.0,0.0,노지감귤(10kg),
2022,2023-01-11,2023-01-12,seller_A,C0444,부산,부산진구,1.0,0.0,노지감귤(10kg),
2022,2023-01-11,2023-01-12,seller_A,C0445,부산,강서구,1.0,0.0,노지감귤(10kg),
2022,2023-01-11,2023-01-12,seller_A,C0446,부산,동래구,1.0,0.0,노지감귤(10kg),
2022,2023-01-11,2023-01-12,seller_A,C0447,대구,달성군,1.0,0.0,노지감귤(10kg),
2022,2023-01-11,2023-01-12,seller_A,C0448,서울,도봉구,2.0,0.0,노지감귤(10kg),
2022,2023-01-11,2023-01-12,seller_A,C0449,경기,부천시,1.0,0.0,노지감귤(10kg),
2022,2023-01-12,2023-01-15,seller_A,C0128,경기,광주시,4.0,0.0,노지감귤(10kg),
2022,2023-01-08,2023-01-17,seller_A,C0024,경남,창원시,1.0,0.0,노지감귤(10kg),
2022,2023-01-08,2023-01-17,seller_A,C0026,경기,용인시,1.0,0.0,노지감귤(10kg),
2022,2023-01-11,2023-01-17,seller_A,C0062,서울,동작구,1.0,0.0,노지감귤(10kg),
2022,2023-01-11,2023-01-17,seller_A,C0450,경북,성주군,1.0,0.0,노지감귤(10kg),
2022,2023-01-11,2023-01-17,seller_A,C0451,경남,창원시,1.0,0.0,노지감귤(10kg),
2022,2023-01-11,2023-01-17,seller_A,C0452,서울,양천구,1.0,0.0,노지감귤(10kg),
2022,2023-01-13,2023-01-17,seller_A,C0453,서울,양천구,1.0,0.0,노지감귤(10kg),
2022,2023-01-11,2023-01-18,seller_A,C0020,경기,수원시,1.0,0.0,노지감귤(10kg),비
2022,2023-01-11,2023-01-18,seller_A,C0454,경남,창원시,2.0,0.0,노지감귤(10kg),꼬
2022,2023-01-11,2023-01-18,seller_A,C0157,경남,창원시,2.0,0.0,노지감귤(10kg),꼬
2022,2023-01-11,2023-01-18,seller_A,C0455,부산,동래구,1.0,0.0,노지감귤(10kg),꼬
2022,2023-01-11,2023-01-18,seller_A,C0336,경남,산청군,2.0,0.0,노지감귤(10kg),꼬
2022,2023-01-15,2023-01-18,seller_A,C0328,서울,강남구,2.0,0.0,노지감귤(10kg),
2022,2023-01-15,2023-01-18,seller_A,C0456,광주,북구,1.0,0.0,노지감귤(10kg),
2022,2023-01-15,2023-01-18,seller_A,C0457,서울,노원구,1.0,0.0,노지감귤(10kg),
2022,2023-01-16,2023-01-18,seller_A,C0392,서울,도봉구,1.0,0.0,노지감귤(10kg),
2022,2023-01-16,2023-01-18,seller_A,C0389,서울,도봉구,1.0,0.0,노지감귤(10kg),
2022,2023-01-16,2023-01-18,seller_A,C0458,서울,도봉구,1.0,0.0,노지감귤(10kg),
2022,2023-01-16,2023-01-18,seller_A,C0459,서울,강동구,1.0,0.0,노지감귤(10kg),
2022,2023-01-14,2023-01-25,seller_A,C0209,서울,강북구,1.0,0.0,노지감귤(10kg),
2022,2023-01-17,2023-01-25,seller_A,C0460,경기,부천시,1.0,0.0,노지감귤(10kg),
2022,2023-01-19,2023-01-25,seller_A,C0461,광주,북구,1.0,0.0,노지감귤(10kg),
2022,2023-01-19,2023-01-25,seller_A,C0462,광주,북구,1.0,0.0,노지감귤(10kg),
2022,2023-01-20,2023-01-25,seller_A,C0463,경기,고양시,1.0,0.0,노지감귤(10kg),
2022,2023-01-20,2023-01-25,seller_A,C0464,경기,광명시,1.0,0.0,노지감귤(10kg),
2022,2023-01-20,2023-01-25,seller_A,C0465,서울,중랑구,1.0,0.0,노지감귤(10kg),
2022,2023-01-20,2023-01-25,seller_A,C0466,경기,군포시,1.0,0.0,노지감귤(10kg),
2022,2023-01-20,2023-01-25,seller_A,C0467,경기,일산동구,1.0,0.0,노지감귤(10kg),
2022,2023-01-20,2023-01-25,seller_A,C0468,인천,남동구,1.0,0.0,노지감귤(10kg),
2022,2023-01-20,2023-01-25,seller_A,C0049,서울,강북구,1.0,0.0,노지감귤(10kg),
2022,2023-01-20,2023-01-25,seller_A,C0469,경기,김포시,1.0,0.0,노지감귤(10kg),
2022,2023-01-20,2023-01-25,seller_A,C0260,경기,고양시,1.0,0.0,노지감귤(10kg),
2022,2023-01-20,2023-01-25,seller_A,C0365,서울,강북구,1.0,0.0,노지감귤(10kg),
2022,2023-01-20,2023-01-25,seller_A,C0470,서울,동대문구,1.0,0.0,노지감귤(10kg),
2022,2023-01-20,2023-01-25,seller_A,C0471,서울,서초구,1.0,0.0,노지감귤(10kg),
2022,2023-01-23,2023-01-25,seller_A,C0304,경기,용인시,1.0,0.0,노지감귤(10kg),
2022,2023-01-23,2023-01-25,seller_A,C0374,경기,안산시,1.0,0.0,노지감귤(10kg),
2022,2023-01-24,2023-01-25,seller_A,C0067,경기,안산시,1.0,0.0,노지감귤(10kg),
2022,2023-01-24,2023-01-25,seller_A,C0085,서울,관악구,1.0,0.0,노지감귤(10kg),
2022,2023-01-24,2023-01-25,seller_A,C0472,서울,강동구,2.0,0.0,노지감귤(10kg),
2022,2023-01-24,2023-01-25,seller_A,C0251,경기,고양시,1.0,0.0,노지감귤(10kg),
2022,2023-01-24,2023-01-25,seller_A,C0311,인천,미추홀구,1.0,0.0,노지감귤(10kg),
2022,2023-01-24,2023-01-25,seller_A,C0302,경기,안산시,2.0,0.0,노지감귤(10kg),
2022,2023-01-24,2023-01-25,seller_A,C0473,인천,서구,1.0,0.0,노지감귤(10kg),
2022,2023-01-24,2023-01-25,seller_A,C0474,인천,서구,1.0,0.0,노지감귤(10kg),
2022,2023-01-24,2023-01-26,seller_A,C0427,서울,도봉구,1.0,0.0,노지감귤(10kg),
2022,2023-01-25,2023-01-26,seller_A,C0028,경기,남양주시,1.0,0.0,노지감귤(10kg),
2022,2023-01-25,2023-01-26,seller_A,C0029,제주,구남동,1.0,0.0,노지감귤(10kg),
2022,2023-01-25,2023-01-26,seller_A,C0160,경남,김해시,1.0,0.0,노지감귤(10kg),
2022,2023-01-25,2023-01-26,seller_A,C0475,경기,용인시,1.0,0.0,노지감귤(10kg),
2022,2023-01-25,2023-01-26,seller_A,C0476,충남,청양군,1.0,0.0,노지감귤(10kg),
2022,2023-01-25,2023-01-26,seller_A,C0355,서울,동작구,1.0,0.0,노지감귤(10kg),
2022,2023-01-25,2023-01-26,seller_A,C0179,충북,청주시,1.0,0.0,노지감귤(10kg),
2022,2023-01-25,2023-01-26,seller_A,C0077,경기,수원시,1.0,0.0,노지감귤(10kg),
2022,2023-01-25,2023-01-26,seller_A,C0477,서울,양천구,1.0,0.0,노지감귤(10kg),
2022,2023-01-25,2023-01-26,seller_A,C0478,서울,송파구,1.0,0.0,노지감귤(10kg),
2022,2023-01-25,2023-01-26,seller_A,C0479,경기,고양시,1.0,0.0,노지감귤(10kg),
2022,2023-01-25,2023-01-26,seller_A,C0480,경기,용인시,1.0,0.0,노지감귤(10kg),
2022,2023-01-25,2023-01-26,seller_A,C0481,경남,사천시,1.0,0.0,노지감귤(10kg),
2022,2023-01-25,2023-01-26,seller_A,C0322,서울,송파구,1.0,0.0,노지감귤(10kg),
2022,2023-01-25,2023-01-26,seller_A,C0178,경기,성남시,1.0,0.0,노지감귤(10kg),
2022,2023-01-25,2023-01-26,seller_A,C0310,경기,시흥시,1.0,0.0,노지감귤(10kg),
2022,2023-01-26,2023-01-27,seller_A,C1482,,,1.0,0.0,노지감귤(10kg),
2022,2023-01-26,2023-01-27,seller_A,C0230,,,1.0,0.0,노지감귤(10kg),
2022,2023-01-26,2023-01-27,seller_A,C0416,,,2.0,0.0,노지감귤(10kg),
2022,2023-01-26,2023-01-27,seller_A,C0485,,,1.0,0.0,노지감귤(10kg),
2022,2023-01-26,2023-01-27,seller_A,C0486,,,1.0,0.0,노지감귤(10kg),
2022,2023-01-26,2023-01-27,seller_A,C0487,,,1.0,0.0,노지감귤(10kg),
2022,2023-01-26,2023-01-27,seller_A,C0488,,,1.0,0.0,노지감귤(10kg),
2022,2023-01-26,2023-01-27,seller_A,C0006,,,1.0,0.0,노지감귤(10kg),
2022,2023-01-26,2023-01-27,seller_A,C0490,,,1.0,0.0,노지감귤(10kg),
2022,2023-01-26,2023-01-27,seller_A,C0490,,,1.0,0.0,노지감귤(10kg),
2022,2023-01-26,2023-01-27,seller_A,C1415,,,1.0,0.0,노지감귤(10kg),
2022,2023-01-26,2023-01-27,seller_A,C0064,,,1.0,0.0,노지감귤(10kg),
2022,2023-01-26,2023-01-27,seller_A,C0062,,,2.0,0.0,노지감귤(10kg),
2022,2023-01-26,2023-01-27,seller_A,C0204,,,3.0,0.0,노지감귤(10kg),
2022,2023-01-26,2023-01-29,seller_A,C0004,서울,종로구,1.0,0.0,노지감귤(10kg),
2022,2023-01-26,2023-01-29,seller_A,C0251,경기,고양시,1.0,0.0,노지감귤(10kg),
2022,2023-01-27,2023-01-29,seller_A,C0495,서울,동작구,1.0,0.0,노지감귤(10kg),
2022,2023-01-27,2023-01-29,seller_A,C0077,서울,강서구,1.0,0.0,노지감귤(10kg),
2022,2023-01-27,2023-01-29,seller_A,C0496,경기,남양주시,2.0,0.0,노지감귤(10kg),
2022,2023-01-27,2023-01-29,seller_A,C0465,서울,중랑구,2.0,0.0,노지감귤(10kg),
2022,2023-01-27,2023-01-29,seller_A,C0497,서울,서초구,1.0,0.0,노지감귤(10kg),
2022,2023-01-27,2023-01-29,seller_A,C0498,경기,하남시,1.0,0.0,노지감귤(10kg),
2022,2023-01-27,2023-01-29,seller_A,C0499,경기,성남시,1.0,0.0,노지감귤(10kg),
2022,2023-01-28,2023-01-29,seller_A,C0500,서울,도봉구,1.0,0.0,노지감귤(10kg),
2022,2023-01-28,2023-01-29,seller_A,C0501,경기,수원시,2.0,0.0,노지감귤(10kg),
2022,2023-01-28,2023-01-29,seller_A,C0502,경기,용인시,1.0,0.0,노지감귤(10kg),
2022,2023-01-28,2023-01-29,seller_A,C0503,경기,고양시,1.0,0.0,노지감귤(10kg),
2022,2023-01-28,2023-01-29,seller_A,C0504,전북,완주군,1.0,0.0,노지감귤(10kg),
2022,2023-01-28,2023-01-29,seller_A,C0505,경기,고양시,1.0,0.0,노지감귤(10kg),
2022,2023-01-28,2023-01-29,seller_A,C0506,서울,용산구,1.0,0.0,노지감귤(10kg),작은거
2022,2023-01-28,2023-01-29,seller_A,C0507,서울,중랑구,1.0,0.0,노지감귤(10kg),
2022,2023-01-28,2023-01-29,seller_A,C0508,서울,영등포구,1.0,0.0,노지감귤(10kg),
2022,2023-01-28,2023-01-29,seller_A,C0509,서울,중랑구,1.0,0.0,노지감귤(10kg),
2022,2023-01-28,2023-01-29,seller_A,C0510,서울,노원구,2.0,0.0,노지감귤(10kg),
2022,2023-01-28,2023-01-29,seller_A,C0464,경기,광명시,1.0,0.0,노지감귤(10kg),
2022,2023-01-28,2023-01-29,seller_A,C0511,경기,용인시,1.0,0.0,노지감귤(10kg),
2022,2023-01-28,2023-01-29,seller_A,C0512,강원,원주시,1.0,0.0,노지감귤(10kg),
2022,2023-01-28,2023-01-29,seller_A,C0513,경기,평택시,1.0,0.0,노지감귤(10kg),
2022,2023-01-28,2023-01-29,seller_A,C0514,부산,북구,2.0,0.0,노지감귤(10kg),꼬
2022,2023-01-28,2023-01-29,seller_A,C0515,경남,김해시,1.0,0.0,노지감귤(10kg),꼬
2022,2023-01-28,2023-01-29,seller_A,C0516,경남,창원시,1.0,0.0,노지감귤(10kg),꼬
2022,2023-01-28,2023-01-29,seller_A,C0517,울산,울주군,2.0,0.0,노지감귤(10kg),꼬
2022,2023-01-28,2023-01-29,seller_A,C0518,충남,예산군,2.0,0.0,노지감귤(10kg),꼬
2022,2023-01-28,2023-01-29,seller_A,C0519,경남,산청군,1.0,0.0,노지감귤(10kg),꼬
2022,2023-01-28,2023-01-29,seller_A,C0520,부산,해운대구,1.0,0.0,노지감귤(10kg),꼬
2022,2023-01-28,2023-01-29,seller_A,C0521,경기,성남시,1.0,0.0,노지감귤(10kg),꼬
2022,2023-01-28,2023-01-29,seller_A,C0157,경남,창원시,1.0,0.0,노지감귤(10kg),꼬
2022,2023-01-28,2023-01-29,seller_A,C0522,경남,양산시,1.0,0.0,노지감귤(10kg),꼬
2022,2023-01-28,2023-01-29,seller_A,C0523,부산,금정구,1.0,0.0,노지감귤(10kg),꼬
2022,2023-01-28,2023-01-29,seller_A,C0524,부산,북구,1.0,0.0,노지감귤(10kg),꼬
2022,2023-01-28,2023-01-29,seller_A,C0525,경기,군포시,1.0,0.0,노지감귤(10kg),꼬
2022,2023-01-28,2023-01-29,seller_A,C0526,부산,북구,1.0,0.0,노지감귤(10kg),꼬
2022,2023-01-28,2023-01-29,seller_A,C0217,경기,광주시,1.0,0.0,노지감귤(10kg),꼬
2022,2023-01-28,2023-01-29,seller_A,C0020,경기,수원시,1.0,0.0,노지감귤(10kg),비
2022,2023-01-28,2023-01-29,seller_A,C0527,경기,용인시,1.0,0.0,노지감귤(10kg),
2022,2023-01-29,2023-01-30,seller_A,C0321,대구,수성구,1.0,0.0,노지감귤(10kg),
2022,2023-01-29,2023-01-30,seller_A,C0460,경기,부천시,1.0,0.0,노지감귤(10kg),
2022,2023-01-29,2023-01-30,seller_A,C0064,서울,도봉구,1.0,0.0,노지감귤(10kg),
2022,2023-01-29,2023-01-30,seller_A,C0055,서울,도봉구,1.0,0.0,노지감귤(10kg),
2022,2023-01-29,2023-01-30,seller_A,C0406,서울,강북구,1.0,0.0,노지감귤(10kg),
2022,2023-01-29,2023-01-30,seller_A,C0084,서울,양천구,1.0,0.0,노지감귤(10kg),
2022,2023-01-29,2023-01-30,seller_A,C0039,경기,김포시,1.0,0.0,노지감귤(10kg),
2022,2023-01-29,2023-01-30,seller_A,C0528,경기,부천시,2.0,0.0,노지감귤(10kg),
2022,2023-01-29,2023-01-30,seller_A,C0529,경기,평택시,2.0,0.0,노지감귤(10kg),
2022,2023-01-30,2023-01-30,seller_A,C0224,,,1.0,0.0,노지감귤(10kg),
2022,2023-01-30,2023-01-30,seller_A,C0080,,,1.0,0.0,노지감귤(10kg),
2022,2023-01-30,2023-01-30,seller_A,C0081,,,1.0,0.0,노지감귤(10kg),
2022,2023-01-30,2023-01-30,seller_A,C0533,,,1.0,0.0,노지감귤(10kg),
2022,2023-01-30,2023-01-30,seller_A,C0083,,,1.0,0.0,노지감귤(10kg),
2022,2023-01-30,2023-01-30,seller_A,C0535,,,1.0,0.0,노지감귤(10kg),
2022,2023-01-30,2023-01-30,seller_A,C1502,,,1.0,0.0,노지감귤(10kg),
2022,2023-01-30,2023-01-30,seller_A,C0537,,,1.0,0.0,노지감귤(10kg),
2022,2023-01-30,2023-02-01,seller_A,C0538,서울,강남구,1.0,0.0,노지감귤(10kg),
2022,2023-01-30,2023-02-01,seller_A,C0539,경남,거제시,1.0,0.0,노지감귤(10kg),
2022,2023-01-30,2023-02-01,seller_A,C0540,경남,창원시,1.0,0.0,노지감귤(10kg),
2022,2023-01-30,2023-02-01,seller_A,C0541,경남,창원시,1.0,0.0,노지감귤(10kg),
2022,2023-01-30,2023-02-01,seller_A,C0542,경남,창원시,1.0,0.0,노지감귤(10kg),
2022,2023-01-30,2023-02-01,seller_A,C0543,부산,사하구,1.0,0.0,노지감귤(10kg),
2022,2023-01-30,2023-02-01,seller_A,C0454,경남,창원시,2.0,0.0,노지감귤(10kg),
2022,2022-11-15,2022-11-21,seller_B,C0544,충남,당진시,1.0,0.0,노지감귤(10Kg),
2022,2022-11-15,2022-11-21,seller_B,C0544,서울,동작구,1.0,0.0,노지감귤(10Kg),
2022,2022-11-15,2022-11-21,seller_B,C0545,경기,용인시,1.0,0.0,노지감귤(10Kg),
2022,2022-11-15,2022-11-21,seller_B,C0546,경기,수원시,1.0,0.0,노지감귤(10Kg),
2022,2022-11-16,2022-11-21,seller_B,C0547,경기,용인시,1.0,0.0,노지감귤(10Kg),
2022,2022-11-16,2022-11-21,seller_B,C0502,경기,용인시,0.0,1.0,노지감귤(5Kg),
2022,2022-11-16,2022-11-21,seller_B,C0548,경기,용인시,0.0,1.0,노지감귤(5Kg),
2022,2022-11-17,2022-11-21,seller_B,C0549,전남,구례군,1.0,0.0,노지감귤(10Kg),
2022,2022-11-17,2022-11-21,seller_B,C0550,경기,가평군,1.0,0.0,노지감귤(10Kg),
2022,2022-11-17,2022-11-21,seller_B,C0551,부산,동래구,1.0,0.0,노지감귤(10Kg),
2022,2022-11-17,2022-11-21,seller_B,C0552,경기,용인시,0.0,1.0,노지감귤(5Kg),
2022,2022-11-18,2022-11-29,seller_B,C0553,경기,수원시,1.0,0.0,노지감귤(10Kg),
2022,2022-11-18,2022-11-29,seller_B,C0554,경남,하동군,1.0,0.0,노지감귤(10Kg),
2022,2022-11-18,2022-11-29,seller_B,C0555,경남,양산시,1.0,0.0,노지감귤(10Kg),
2022,2022-11-18,2022-11-29,seller_B,C0556,경기,부천시,1.0,0.0,노지감귤(10Kg),
2022,2022-11-18,2022-11-29,seller_B,C0557,경기,의왕시,1.0,0.0,노지감귤(10Kg),
2022,2022-11-18,2022-11-29,seller_B,C0558,경기,용인시,1.0,0.0,노지감귤(10Kg),
2022,2022-11-18,2022-11-29,seller_B,C0559,서울,강남구,1.0,0.0,노지감귤(10Kg),
2022,2022-11-18,2022-11-29,seller_B,C0560,부산,북구,1.0,0.0,노지감귤(10Kg),
2022,2022-11-22,2022-11-23,seller_B,C0561,서울,강남,1.0,0.0,노지감귤(10kg),
2022,2022-11-22,2022-11-23,seller_B,C0506,서울,용산구,1.0,0.0,노지감귤(10kg),
2022,2022-11-22,2022-11-23,seller_B,C0562,경기,성남시,1.0,0.0,노지감귤(10kg),
2022,2022-11-22,2022-11-23,seller_B,C0563,경기,구리시,1.0,0.0,노지감귤(10kg),
2022,2022-11-22,2022-11-23,seller_B,C0564,경기,오산시,1.0,0.0,노지감귤(10kg),
2022,2022-11-23,2022-11-24,seller_B,C0218,서울,강서구,1.0,0.0,노지감귤(10kg),
2022,2022-11-23,2022-11-24,seller_B,C0565,서울,성북구,1.0,0.0,노지감귤(10kg),
2022,2022-11-23,2022-11-24,seller_B,C0566,경기,양평군,1.0,0.0,노지감귤(10kg),
2022,2022-11-23,2022-11-24,seller_B,C0567,서울,송파구,1.0,0.0,노지감귤(10kg),
2022,2022-11-23,2022-11-24,seller_B,C0568,서울,송파구,2.0,0.0,노지감귤(10kg),
2022,2022-11-23,2022-11-24,seller_B,C0569,서울,영등포구,2.0,0.0,노지감귤(10kg),
2022,2022-11-23,2022-11-24,seller_B,C0570,서울,관악구,2.0,0.0,노지감귤(10kg),
2022,2022-11-23,2022-11-24,seller_B,C0571,서울,강서구,2.0,0.0,노지감귤(10kg),
2022,2022-11-23,2022-11-24,seller_B,C0572,대구,달서구,1.0,0.0,노지감귤(10kg),
2022,2022-11-23,2022-11-24,seller_B,C0572,서울,마포구,1.0,0.0,노지감귤(10kg),
2022,2022-11-23,2022-11-25,seller_B,C0573,서울,노원구,1.0,0.0,노지감귤(10kg),
2022,2022-11-23,2022-11-25,seller_B,C0574,서울,노원구,1.0,0.0,노지감귤(10kg),
2022,2022-11-23,2022-11-25,seller_B,C0575,경기,일산시,1.0,0.0,노지감귤(10kg),
2022,2022-11-23,2022-11-25,seller_B,C0576,서울,강동구,1.0,0.0,노지감귤(10kg),
2022,2022-11-23,2022-11-25,seller_B,C0577,서울,서초구,1.0,0.0,노지감귤(10kg),
2022,2022-11-23,2022-11-25,seller_B,C0578,서울,서초구,1.0,0.0,노지감귤(10kg),
2022,2022-11-23,2022-11-25,seller_B,C0579,서울,성동구,1.0,0.0,노지감귤(10kg),
2022,2022-11-23,2022-11-25,seller_B,C0580,경기,고양시,1.0,0.0,노지감귤(10kg),
2022,2022-11-23,2022-11-25,seller_B,C0581,서울,서초구,1.0,0.0,노지감귤(10kg),
2022,2022-11-23,2022-11-25,seller_B,C0582,경기,하남시,1.0,0.0,노지감귤(10kg),
2022,2022-11-23,2022-11-25,seller_B,C0583,경기,고양시,1.0,0.0,노지감귤(10kg),
2022,2022-11-25,2022-11-29,seller_B,C0584,대구,동구,0.0,1.0,노지감귤(5kg),
2022,2022-11-25,2022-11-29,seller_B,C0585,서울,은평구,0.0,1.0,노지감귤(5kg),
2022,2022-11-25,2022-11-29,seller_B,C0586,전남,보성군,0.0,1.0,노지감귤(5kg),
2022,2022-11-25,2022-11-29,seller_B,C0587,서울,노원구,0.0,1.0,노지감귤(5kg),
2022,2022-11-25,2022-11-29,seller_B,C0588,서울,노원구,0.0,1.0,노지감귤(5kg),
2022,2022-11-25,2022-11-29,seller_B,C0589,서울,노원구,0.0,1.0,노지감귤(5kg),
2022,2022-11-25,2022-11-29,seller_B,C0590,서울,노원구,0.0,1.0,노지감귤(5kg),
2022,2022-11-25,2022-11-29,seller_B,C0591,서울,서초구,0.0,1.0,노지감귤(5kg),
2022,2022-11-26,2022-12-02,seller_B,C0592,서울,강남구,0.0,1.0,노지감귤(5kg),
2022,2022-11-26,2022-12-02,seller_B,C0593,광주,광역시,0.0,1.0,노지감귤(5kg),
2022,2022-11-26,2022-12-02,seller_B,C0594,서울,강서구,0.0,1.0,노지감귤(5kg),
2022,2022-11-26,2022-12-02,seller_B,C0595,광주,서구,0.0,1.0,노지감귤(5kg),
2022,2022-11-26,2022-12-02,seller_B,C0596,광주,서구,0.0,1.0,노지감귤(5kg),
2022,2022-11-26,2022-12-02,seller_B,C0597,경기,하남시,0.0,1.0,노지감귤(5kg),
2022,2022-11-27,2022-11-29,seller_B,C0598,서울,서초구,1.0,0.0,노지감귤(10kg),
2022,2022-11-28,2022-11-30,seller_B,C0599,서울,강서구,1.0,0.0,노지감귤(10kg),
2022,2022-11-28,2022-11-30,seller_B,C0600,경기,고양시,2.0,0.0,노지감귤(10kg),
2022,2022-11-29,2022-12-01,seller_B,C0601,충남,서천군,5.0,0.0,노지감귤(10kg),
2022,2022-11-29,2022-12-01,seller_B,C0602,서울,관악구,1.0,0.0,노지감귤(10kg),
2022,2022-11-29,2022-12-01,seller_B,C0603,서울,서초구,1.0,0.0,노지감귤(10kg),
2022,2022-11-29,2022-12-01,seller_B,C0604,강원,고성군,1.0,0.0,노지감귤(10kg),
2022,2022-11-29,2022-12-01,seller_B,C0605,서울,동작구,1.0,0.0,노지감귤(10kg),
2022,2022-11-29,2022-12-01,seller_B,C0606,경기,구리시,1.0,0.0,노지감귤(10kg),
2022,2022-11-29,2022-12-01,seller_B,C0607,경기,부천시,1.0,0.0,노지감귤(10kg),
2022,2022-11-29,2022-12-01,seller_B,C0608,경기,고양시,1.0,0.0,노지감귤(10kg),
2022,2022-11-29,2022-12-01,seller_B,C0609,경기,안양시,1.0,0.0,노지감귤(10kg),
2022,2022-11-30,2022-12-01,seller_B,C0610,서울,송파구,1.0,0.0,노지감귤(10kg),
2022,2022-11-30,2022-12-01,seller_B,C0611,경기,군포시,1.0,0.0,노지감귤(10kg),
2022,2022-11-30,2022-12-01,seller_B,C0612,서울,송파구,1.0,0.0,노지감귤(10kg),
2022,2022-11-30,2022-12-01,seller_B,C0613,서울,도봉구,1.0,0.0,노지감귤(10kg),
2022,2022-12-01,2022-12-02,seller_B,C0254,경기,용인시,1.0,0.0,노지감귤(10kg),
2022,2022-12-01,2022-12-02,seller_B,C0614,서울,서초구,1.0,0.0,노지감귤(10kg),
2022,2022-12-01,2022-12-02,seller_B,C0615,서울,마포구,1.0,0.0,노지감귤(10kg),
2022,2022-12-01,2022-12-02,seller_B,C0616,울산,중구,1.0,0.0,노지감귤(10kg),
2022,2022-12-01,2022-12-02,seller_B,C0617,경기,고양시,0.0,1.0,노지감귤(5kg),
2022,2022-12-01,2022-12-02,seller_B,C0618,서울,마포구,1.0,0.0,노지감귤(10kg),
2022,2022-12-01,2022-12-02,seller_B,C0619,인천,남동구,1.0,0.0,노지감귤(10kg),
2022,2022-12-01,2022-12-02,seller_B,C0620,인천,연수구,1.0,0.0,노지감귤(10kg),
2022,2022-12-01,2022-12-02,seller_B,C0501,경기,수원시,1.0,0.0,노지감귤(10kg),
2022,2022-12-01,2022-12-02,seller_B,C0621,경남,창원시,1.0,0.0,노지감귤(10kg),
2022,2022-12-01,2022-12-02,seller_B,C0622,서울,영등포구,1.0,0.0,노지감귤(10kg),
2022,2022-12-01,2022-12-02,seller_B,C0623,인천,서구,1.0,0.0,노지감귤(10kg),
2022,2022-12-02,2022-12-04,seller_B,C0624,경기,수원시,1.0,0.0,노지감귤(10kg),
2022,2022-12-02,2022-12-04,seller_B,C0625,경남,창원시,1.0,0.0,노지감귤(10kg),
2022,2022-12-02,2022-12-04,seller_B,C0626,경기,용인시,1.0,0.0,노지감귤(10kg),
2022,2022-12-02,2022-12-04,seller_B,C0627,서울,동작구,2.0,0.0,노지감귤(10kg),
2022,2022-12-02,2022-12-04,seller_B,C0628,서울,서초구,1.0,0.0,노지감귤(10kg),
2022,2022-12-02,2022-12-04,seller_B,C0629,경기,남양주시,1.0,0.0,노지감귤(10kg),
2022,2022-12-02,2022-12-04,seller_B,C0568,서울,송파구,1.0,0.0,노지감귤(10kg),
2022,2022-12-02,2022-12-04,seller_B,C0630,경기,하남시,1.0,0.0,노지감귤(10kg),
2022,2022-12-02,2022-12-04,seller_B,C0631,서울,강동구,1.0,0.0,노지감귤(10kg),
2022,2022-12-02,2022-12-04,seller_B,C0632,서울,마포구,1.0,0.0,노지감귤(10kg),
2022,2022-12-02,2022-12-04,seller_B,C0633,서울,송파구,1.0,0.0,노지감귤(10kg),
2022,2022-12-02,2022-12-04,seller_B,C0634,경기,화성시,1.0,0.0,노지감귤(10kg),
2022,2022-12-02,2022-12-04,seller_B,C0635,서울,용산구,1.0,0.0,노지감귤(10kg),
2022,2022-12-02,2022-12-04,seller_B,C0636,대전,서구,1.0,0.0,노지감귤(10kg),
2022,2022-12-04,2022-12-05,seller_B,C0637,인천,미추홀구,1.0,0.0,노지감귤(10kg),
2022,2022-12-05,2022-12-06,seller_B,C0607,경기,부천시,1.0,0.0,노지감귤(10kg),
2022,2022-12-05,2022-12-06,seller_B,C0548,경기,용인시,1.0,0.0,노지감귤(10kg),
2022,2022-12-05,2022-12-06,seller_B,C0638,전북,군산시,1.0,0.0,노지감귤(10kg),
2022,2022-12-05,2022-12-06,seller_B,C0639,경기,안산시,1.0,0.0,노지감귤(10kg),
2022,2022-12-05,2022-12-06,seller_B,C0640,전북,익산시,1.0,0.0,노지감귤(10kg),
2022,2022-12-05,2022-12-06,seller_B,C0641,경기,성남시,1.0,0.0,노지감귤(10kg),
2022,2022-12-05,2022-12-06,seller_B,C0642,서울,중구,1.0,0.0,노지감귤(10kg),
2022,2022-12-05,2022-12-06,seller_B,C0643,경기,화성시,1.0,0.0,노지감귤(10kg),
2022,2022-12-05,2022-12-06,seller_B,C0644,경기,김포시,1.0,0.0,노지감귤(10kg),
2022,2022-12-06,2022-12-07,seller_B,C0645,경남,창원시,1.0,0.0,노지감귤(10kg),
2022,2022-12-06,2022-12-07,seller_B,C0646,경남,창원시,1.0,0.0,노지감귤(10kg),
2022,2022-12-06,2022-12-07,seller_B,C0621,경남,창원시,1.0,0.0,노지감귤(10kg),
2022,2022-12-06,2022-12-07,seller_B,C0647,경기,안양시,1.0,0.0,노지감귤(10kg),
2022,2022-12-06,2022-12-07,seller_B,C0648,서울,강남구,1.0,0.0,노지감귤(10kg),
2022,2022-12-07,2022-12-08,seller_B,C0649,서울,강북구,2.0,0.0,노지감귤(10kg),
2022,2022-12-07,2022-12-08,seller_B,C0650,서울,구로구,1.0,0.0,노지감귤(10kg),
2022,2022-12-07,2022-12-08,seller_B,C0651,서울,성북구,1.0,0.0,노지감귤(10kg),
2022,2022-12-07,2022-12-08,seller_B,C0652,경기,의정부시,1.0,0.0,노지감귤(10kg),
2022,2022-12-07,2022-12-08,seller_B,C0652,경기,의정부시,0.0,2.0,노지감귤(5kg),
2022,2022-12-07,2022-12-08,seller_B,C0653,서울,중구,2.0,0.0,노지감귤(10kg),
2022,2022-12-07,2022-12-08,seller_B,C0654,서울,양천구,0.0,1.0,노지감귤(5kg),
2022,2022-12-07,2022-12-08,seller_B,C0655,경기,고양시,0.0,1.0,노지감귤(5kg),
2022,2022-12-07,2022-12-08,seller_B,C0656,서울,서대문구,0.0,1.0,노지감귤(5kg),
2022,2022-12-07,2022-12-08,seller_B,C0657,서울,동작구,0.0,1.0,노지감귤(5kg),
2022,2022-12-07,2022-12-08,seller_B,C0658,경기,성남시,0.0,1.0,노지감귤(5kg),
2022,2022-12-07,2022-12-08,seller_B,C0659,서울,양천구,0.0,1.0,노지감귤(5kg),
2022,2022-12-07,2022-12-08,seller_B,C0660,서울,성동구,0.0,1.0,노지감귤(5kg),
2022,2022-12-07,2022-12-08,seller_B,C0661,서울,종로구,1.0,0.0,노지감귤(10kg),
2022,2022-12-07,2022-12-08,seller_B,C0658,경기,성남시,1.0,0.0,노지감귤(10kg),
2022,2022-12-07,2022-12-08,seller_B,C0662,경기,광주시,0.0,1.0,노지감귤(5kg),
2022,2022-12-07,2022-12-08,seller_B,C0663,경기,용인시,0.0,1.0,노지감귤(5kg),
2022,2022-12-07,2022-12-08,seller_B,C0664,경기,용인시,0.0,1.0,노지감귤(5kg),
2022,2022-12-07,2022-12-08,seller_B,C0665,경기,화성시,0.0,1.0,노지감귤(5kg),
2022,2022-12-07,2022-12-08,seller_B,C0666,경기,성남시,0.0,1.0,노지감귤(5kg),
2022,2022-12-07,2022-12-08,seller_B,C0667,경기,용인시,0.0,1.0,노지감귤(5kg),
2022,2022-12-07,2022-12-08,seller_B,C0668,경기,수원시,0.0,1.0,노지감귤(5kg),
2022,2022-12-07,2022-12-08,seller_B,C0669,경기,하남시,1.0,0.0,노지감귤(10kg),
2022,2022-12-07,2022-12-08,seller_B,C0310,경기,시흥시,5.0,0.0,노지감귤(10kg),
2022,2022-12-07,2022-12-08,seller_B,C0670,서울,강북구,2.0,0.0,노지감귤(10kg),
2022,2022-12-07,2022-12-08,seller_B,C0671,경기,화성시,1.0,0.0,노지감귤(10kg),
2022,2022-12-07,2022-12-08,seller_B,C0672,대구,북구,1.0,0.0,노지감귤(10kg),
2022,2022-12-07,2022-12-08,seller_B,C0673,대구,북구,1.0,0.0,노지감귤(10kg),
2022,2022-12-07,2022-12-08,seller_B,C0674,경북,경산시,1.0,0.0,노지감귤(10kg),
2022,2022-12-07,2022-12-08,seller_B,C0675,대구,동구,1.0,0.0,노지감귤(10kg),
2022,2022-12-07,2022-12-08,seller_B,C0676,경기,고양시,1.0,0.0,노지감귤(10kg),
2022,2022-12-07,2022-12-08,seller_B,C0677,경기,성남시,2.0,0.0,노지감귤(10kg),
2022,2022-12-08,2022-12-09,seller_B,C0678,서울,성북구,1.0,0.0,노지감귤(10kg),
2022,2022-12-08,2022-12-09,seller_B,C0679,대전,중구,1.0,0.0,노지감귤(10kg),
2022,2022-12-08,2022-12-09,seller_B,C0680,서울,구로구,1.0,0.0,노지감귤(10kg),
2022,2022-12-08,2022-12-09,seller_B,C0681,경기,광주시,1.0,0.0,노지감귤(10kg),
2022,2022-12-08,2022-12-09,seller_B,C0682,서울,서대문구,2.0,0.0,노지감귤(10kg),
2022,2022-12-08,2022-12-09,seller_B,C0683,서울,강남구,1.0,0.0,노지감귤(10kg),
2022,2022-12-08,2022-12-09,seller_B,C0684,경기,성남시,1.0,0.0,노지감귤(10kg),
2022,2022-12-08,2022-12-09,seller_B,C0685,서울,강북구,2.0,0.0,노지감귤(10kg),
2022,2022-12-08,2022-12-09,seller_B,C0686,경기,용인시,1.0,0.0,노지감귤(10kg),
2022,2022-12-09,2022-12-11,seller_B,C0687,충남,당진시,2.0,0.0,노지감귤(10kg),
2022,2022-12-09,2022-12-11,seller_B,C0688,광주,광산구,1.0,0.0,노지감귤(10kg),
2022,2022-12-09,2022-12-11,seller_B,C0689,경기,이천시,1.0,0.0,노지감귤(10kg),
2022,2022-12-09,2022-12-11,seller_B,C0689,경기,남양주시,1.0,0.0,노지감귤(10kg),
2022,2022-12-09,2022-12-11,seller_B,C0689,,전만,1.0,0.0,노지감귤(10kg),
2022,2022-12-09,2022-12-11,seller_B,C0690,전남,영광군,1.0,0.0,노지감귤(10kg),
2022,2022-12-10,2022-12-11,seller_B,C0691,전남,여수시,1.0,0.0,노지감귤(10kg),
2022,2022-12-10,2022-12-11,seller_B,C0692,경기,광명시,1.0,0.0,노지감귤(10kg),
2022,2022-12-10,2022-12-11,seller_B,C0693,경북,의성군,1.0,0.0,노지감귤(10kg),
2022,2022-12-10,2022-12-11,seller_B,C0694,서울,강서구,1.0,0.0,노지감귤(10kg),
2022,2022-12-10,2022-12-11,seller_B,C0695,서울,구로구,1.0,0.0,노지감귤(10kg),
2022,2022-12-11,2022-12-12,seller_B,C0696,서울,동작구,1.0,0.0,노지감귤(10kg),
2022,2022-12-12,2022-12-13,seller_B,C0697,전북,전주시,1.0,0.0,노지감귤(10kg),
2022,2022-12-12,2022-12-13,seller_B,C0698,경기,평택시,1.0,0.0,노지감귤(10kg),
2022,2022-12-12,2022-12-13,seller_B,C0699,서울,강동구,1.0,0.0,노지감귤(10kg),
2022,2022-12-12,2022-12-13,seller_B,C0700,서울,노원구,1.0,0.0,노지감귤(10kg),
2022,2022-12-13,2022-12-14,seller_B,C0701,서울,서초구,1.0,0.0,노지감귤(10kg),
2022,2022-12-13,2022-12-14,seller_B,C0702,서울,서초구,1.0,0.0,노지감귤(10kg),
2022,2022-12-13,2022-12-14,seller_B,C0703,서울,은평구,1.0,0.0,노지감귤(10kg),
2022,2022-12-13,2022-12-14,seller_B,C0704,경기,남양주시,1.0,0.0,노지감귤(10kg),
2022,2022-12-13,2022-12-14,seller_B,C0705,충남,천안시,1.0,0.0,노지감귤(10kg),
2022,2022-12-13,2022-12-14,seller_B,C0706,경기,고양시,1.0,0.0,노지감귤(10kg),
2022,2022-12-13,2022-12-14,seller_B,C0707,경북,포항시,1.0,0.0,노지감귤(10kg),
2022,2022-12-13,2022-12-14,seller_B,C0708,서울,서초구,1.0,0.0,노지감귤(10kg),
2022,2022-12-13,2022-12-14,seller_B,C0709,서울,서초구,1.0,0.0,노지감귤(10kg),
2022,2022-12-13,2022-12-14,seller_B,C0710,경기,의정부시,1.0,0.0,노지감귤(10kg),
2022,2022-12-13,2022-12-14,seller_B,C0711,서울,서초구,1.0,0.0,노지감귤(10kg),
2022,2022-12-13,2022-12-14,seller_B,C0712,서울,성북구,1.0,0.0,노지감귤(10kg),
2022,2022-12-13,2022-12-14,seller_B,C0713,경기,용인시,1.0,0.0,노지감귤(10kg),
2022,2022-12-13,2022-12-14,seller_B,C0714,경기,용인시,1.0,0.0,노지감귤(10kg),
2022,2022-12-14,2022-12-15,seller_B,C0715,서울,강동구,0.0,1.0,노지감귤(5kg),
2022,2022-12-14,2022-12-15,seller_B,C0716,서울,은평구,0.0,1.0,노지감귤(5kg),
2022,2022-12-14,2022-12-15,seller_B,C0548,경기,용인시,1.0,0.0,노지감귤(10kg),
2022,2022-12-14,2022-12-15,seller_B,C0717,대구,달서구,1.0,0.0,노지감귤(10kg),
2022,2022-12-14,2022-12-15,seller_B,C0718,대구,동구,1.0,0.0,노지감귤(10kg),
2022,2022-12-14,2022-12-15,seller_B,C0719,인천,남동구,0.0,1.0,노지감귤(5kg),
2022,2022-12-14,2022-12-15,seller_B,C0720,서울,송파구,0.0,1.0,노지감귤(5kg),
2022,2022-12-15,2022-12-16,seller_B,C0721,서울,강동구,1.0,0.0,노지감귤(10kg),
2022,2022-12-15,2022-12-16,seller_B,C0721,서울,관악구,1.0,0.0,노지감귤(10kg),
2022,2022-12-15,2022-12-16,seller_B,C0722,서울,서대문구,1.0,0.0,노지감귤(10kg),
2022,2022-12-16,2022-12-18,seller_B,C0723,전남,영광군,1.0,0.0,노지감귤(10kg),
2022,2022-12-16,2022-12-18,seller_B,C0724,충남,서산시,1.0,0.0,노지감귤(10kg),
2022,2022-12-16,2022-12-18,seller_B,C0725,서울,강서구,0.0,1.0,노지감귤(5kg),
2022,2022-12-16,2022-12-18,seller_B,C0583,경기,고양시,1.0,0.0,노지감귤(10kg),
2022,2022-12-16,2022-12-18,seller_B,C0726,경기,수원시,1.0,0.0,노지감귤(10kg),
2022,2022-12-16,2022-12-18,seller_B,C0727,서울,성북구,1.0,0.0,노지감귤(10kg),
2022,2022-12-16,2022-12-18,seller_B,C0603,서울,서초구,1.0,0.0,노지감귤(10kg),
2022,2022-12-16,2022-12-18,seller_B,C0728,서울,강남구,1.0,0.0,노지감귤(10kg),
2022,2022-12-16,2022-12-18,seller_B,C0729,경기,고양시,1.0,0.0,노지감귤(10kg),
2022,2022-12-16,2022-12-18,seller_B,C0730,경기,파주시,1.0,0.0,노지감귤(10kg),
2022,2022-12-16,2022-12-18,seller_B,C0731,서울,은평구,1.0,0.0,노지감귤(10kg),
2022,2022-12-16,2022-12-18,seller_B,C0732,서울,송파구,1.0,0.0,노지감귤(10kg),
2022,2022-12-16,2022-12-18,seller_B,C0733,경기,의정부시,1.0,0.0,노지감귤(10kg),
2022,2022-12-16,2022-12-18,seller_B,C0734,서울,도봉구,1.0,0.0,노지감귤(10kg),
2022,2022-12-16,2022-12-18,seller_B,C0735,서울,동대문구,3.0,0.0,노지감귤(10kg),
2022,2022-12-17,2022-12-18,seller_B,C0677,경기,성남시,2.0,0.0,노지감귤(10kg),
2022,2022-12-18,2022-12-19,seller_B,C0736,경기,성남시,1.0,0.0,노지감귤(10kg),
2022,2022-12-18,2022-12-19,seller_B,C0737,서울,양천구,1.0,0.0,노지감귤(10kg),
2022,2022-12-18,2022-12-19,seller_B,C0738,서울,송파구,1.0,0.0,노지감귤(10kg),
2022,2022-12-18,2022-12-19,seller_B,C0739,서울,강남구,1.0,0.0,노지감귤(10kg),
2022,2022-12-19,2022-12-19,seller_B,C0628,서울,서초구,1.0,0.0,노지감귤(10kg),12/19추가
2022,2022-12-19,2022-12-19,seller_B,C0740,강원,인제군,1.0,0.0,노지감귤(10kg),
2022,2022-12-20,2022-12-21,seller_B,C0741,경기,김포시,1.0,0.0,노지감귤(10kg),
2022,2022-12-20,2022-12-21,seller_B,C0567,서울,송파구,1.0,0.0,노지감귤(10kg),
2022,2022-12-20,2022-12-21,seller_B,C0742,인천,서구,1.0,0.0,노지감귤(10kg),
2022,2022-12-20,2022-12-21,seller_B,C0743,서울,마포구,0.0,1.0,노지감귤(5kg),
2022,2022-12-20,2022-12-21,seller_B,C0744,경기,군포시,1.0,0.0,노지감귤(10kg),
2022,2022-12-20,2022-12-21,seller_B,C0745,서울,강서구,1.0,0.0,노지감귤(10kg),
2022,2022-12-20,2022-12-21,seller_B,C0661,서울,종로구,1.0,0.0,노지감귤(10kg),
2022,2022-12-20,2022-12-21,seller_B,C0746,서울,강서구,1.0,0.0,노지감귤(10kg),
2022,2022-12-20,2022-12-21,seller_B,C0669,경기,하남시,1.0,0.0,노지감귤(10kg),
2022,2022-12-20,2022-12-21,seller_B,C0729,경기,고양시,1.0,0.0,노지감귤(10kg),
2022,2022-12-20,2022-12-21,seller_B,C0747,세종,세종,1.0,0.0,노지감귤(10kg),
2022,2022-12-20,2022-12-21,seller_B,C0649,서울,강북구,1.0,0.0,노지감귤(10kg),
2022,2022-12-20,2022-12-21,seller_B,C0650,서울,구로구,1.0,0.0,노지감귤(10kg),
2022,2022-12-20,2022-12-21,seller_B,C0748,서울,서초구,1.0,0.0,노지감귤(10kg),
2022,2022-12-20,2022-12-21,seller_B,C0749,서울,성동구,1.0,0.0,노지감귤(10kg),
2022,2022-12-20,2022-12-21,seller_B,C0750,경기,고양시,1.0,0.0,노지감귤(10kg),
2022,2022-12-20,2022-12-21,seller_B,C0652,경기,의정부시,1.0,0.0,노지감귤(10kg),
2022,2022-12-20,2022-12-21,seller_B,C0751,서울,중랑구,1.0,0.0,노지감귤(10kg),
2022,2022-12-20,2022-12-21,seller_B,C0752,서울,성북구,1.0,0.0,노지감귤(10kg),
2022,2022-12-22,2022-12-25,seller_B,C0753,서울,강북구,1.0,0.0,노지감귤(10kg),
2022,2022-12-24,2022-12-25,seller_B,C0754,서울,송파구,1.0,0.0,노지감귤(10kg),
2022,2022-12-24,2022-12-25,seller_B,C0755,서울,구로구,1.0,0.0,노지감귤(10kg),
2022,2022-12-24,2022-12-25,seller_B,C0756,서울,서초구,1.0,0.0,노지감귤(10kg),
2022,2022-12-24,2022-12-25,seller_B,C0757,경기,용인시,1.0,0.0,노지감귤(10kg),
2022,2022-12-24,2022-12-25,seller_B,C0758,서울,중구,1.0,0.0,노지감귤(10kg),
2022,2022-12-24,2022-12-25,seller_B,C0759,경기,고양시,1.0,0.0,노지감귤(10kg),
2022,2022-12-24,2022-12-25,seller_B,C0760,서울,성동구,1.0,0.0,노지감귤(10kg),
2022,2022-12-24,2022-12-25,seller_B,C0761,서울,송파구,1.0,0.0,노지감귤(10kg),
2022,2022-12-24,2022-12-25,seller_B,C0762,서울,동작구,1.0,0.0,노지감귤(10kg),
2022,2022-12-24,2022-12-25,seller_B,C0744,경기,군포시,1.0,0.0,노지감귤(10kg),
2022,2022-12-24,2022-12-25,seller_B,C0763,서울,노원구,1.0,0.0,노지감귤(10kg),
2022,2022-12-26,2022-12-27,seller_B,C0697,전북,전주시,1.0,0.0,노지감귤(10kg),
2022,2022-12-26,2022-12-27,seller_B,C0720,서울,송파구,1.0,0.0,노지감귤(10kg),
2022,2022-12-26,2023-01-06,seller_B,C0741,경기,김포시,1.0,0.0,노지감귤(10kg),금
2022,2023-01-01,2023-01-06,seller_B,C0684,경기,성남시,1.0,0.0,노지감귤(10kg),금
2022,2023-01-02,2023-01-06,seller_B,C0764,서울,서초구,1.0,0.0,노지감귤(10kg),금
2022,2023-01-02,2023-01-06,seller_B,C0765,서울,성북구,1.0,0.0,노지감귤(10kg),금
2022,2023-01-02,2023-01-06,seller_B,C0766,경기,광주시,1.0,0.0,노지감귤(10kg),금
2022,2023-01-02,2023-01-06,seller_B,C0767,전북,완주군,1.0,0.0,노지감귤(10kg),금
2022,2023-01-03,2023-01-06,seller_B,C0768,대전,동구,1.0,0.0,노지감귤(10kg),금
2022,2023-01-03,2023-01-06,seller_B,C0769,서울,서대문구,1.0,0.0,노지감귤(10kg),금
2022,2023-01-03,2023-01-06,seller_B,C0770,대전,동구,1.0,0.0,노지감귤(10kg),금
2022,2023-01-03,2023-01-06,seller_B,C0503,경기,고양시,1.0,0.0,노지감귤(10kg),금
2022,2023-01-03,2023-01-06,seller_B,C0771,서울,관악구,1.0,0.0,노지감귤(10kg),금
2022,2023-01-03,2023-01-06,seller_B,C0772,경기,수원시,1.0,0.0,노지감귤(10kg),금
2022,2023-01-04,2023-01-08,seller_B,C0649,서울,강북구,2.0,0.0,노지감귤(10kg),
2022,2023-01-04,2023-01-08,seller_B,C0773,서울,강남구,1.0,0.0,노지감귤(10kg),
2022,2023-01-04,2023-01-08,seller_B,C0774,경기,고양시,0.0,1.0,노지감귤(5kg),
2022,2023-01-04,2023-01-08,seller_B,C0775,서울,은평구,1.0,0.0,노지감귤(10kg),
2022,2023-01-04,2023-01-08,seller_B,C0776,서울,은평구,0.0,1.0,노지감귤(5kg),
2022,2023-01-05,2023-01-08,seller_B,C0777,서울,송파구,0.0,1.0,노지감귤(5kg),
2022,2023-01-05,2023-01-08,seller_B,C0778,서울,서대문구,0.0,1.0,노지감귤(5kg),
2022,2023-01-05,2023-01-08,seller_B,C0779,서울,동작구,0.0,1.0,노지감귤(5kg),
2022,2023-01-06,2023-01-08,seller_B,C0224,경남,진주시,1.0,0.0,노지감귤(10kg),
2022,2023-01-06,2023-01-08,seller_B,C0178,경기,성남시,1.0,0.0,노지감귤(10kg),
2022,2023-01-06,2023-01-08,seller_B,C0780,경기,성남시,1.0,0.0,노지감귤(10kg),
2022,2023-01-06,2023-01-08,seller_B,C0781,경기,안양시,1.0,0.0,노지감귤(10kg),
2022,2023-01-06,2023-01-08,seller_B,C0782,충남,공주시,1.0,0.0,노지감귤(10kg),
2022,2023-01-06,2023-01-08,seller_B,C0574,서울,노원구,1.0,0.0,노지감귤(10kg),
2022,2023-01-06,2023-01-08,seller_B,C0735,서울,동대문구,1.0,0.0,노지감귤(10kg),
2022,2023-01-06,2023-01-08,seller_B,C0583,경기,고양시,1.0,0.0,노지감귤(10kg),
2022,2023-01-06,2023-01-08,seller_B,C0783,서울,영등포구,1.0,0.0,노지감귤(10kg),
2022,2023-01-06,2023-01-08,seller_B,C0573,서울,노원구,1.0,0.0,노지감귤(10kg),
2022,2023-01-06,2023-01-08,seller_B,C0784,경남,진주시,1.0,0.0,노지감귤(10kg),
2022,2023-01-06,2023-01-08,seller_B,C0785,서울,양천구,1.0,0.0,노지감귤(10kg),
2022,2023-01-06,2023-01-08,seller_B,C0786,서울,동대문구,1.0,0.0,노지감귤(10kg),
2022,2023-01-06,2023-01-08,seller_B,C0787,서울,서초구,1.0,0.0,노지감귤(10kg),
2022,2023-01-06,2023-01-08,seller_B,C0575,경기,일산시,1.0,0.0,노지감귤(10kg),
2022,2023-01-06,2023-01-08,seller_B,C0788,경기,화성시,1.0,0.0,노지감귤(10kg),
2022,2023-01-06,2023-01-08,seller_B,C0789,서울,양천구,1.0,0.0,노지감귤(10kg),
2022,2023-01-07,2023-01-08,seller_B,C0766,경기,광주시,1.0,0.0,노지감귤(10kg),
2022,2023-01-07,2023-01-08,seller_B,C0790,서울,성북구,2.0,0.0,노지감귤(10kg),
2022,2023-01-07,2023-01-08,seller_B,C0791,서울,은평구,2.0,0.0,노지감귤(10kg),
2022,2023-01-07,2023-01-08,seller_B,C0792,서울,도봉구,2.0,0.0,노지감귤(10kg),
2022,2023-01-07,2023-01-08,seller_B,C0793,경기,고양시,2.0,0.0,노지감귤(10kg),
2022,2023-01-07,2023-01-08,seller_B,C0794,서울,송파구,1.0,0.0,노지감귤(10kg),
2022,2023-01-07,2023-01-08,seller_B,C0603,서울,서초구,1.0,0.0,노지감귤(10kg),
2022,2023-01-07,2023-01-08,seller_B,C0795,서울,올림픽로,2.0,0.0,노지감귤(10kg),
2022,2023-01-07,2023-01-08,seller_B,C0751,서울,중랑구,2.0,0.0,노지감귤(10kg),
2022,2023-01-07,2023-01-08,seller_B,C0796,서울,서초구,1.0,0.0,노지감귤(10kg),
2022,2023-01-08,2023-01-09,seller_B,C0797,서울,양천구,0.0,1.0,노지감귤(5kg),
2022,2023-01-08,2023-01-09,seller_B,C0798,서울,강남구,1.0,0.0,노지감귤(10kg),
2022,2023-01-08,2023-01-09,seller_B,C0799,서울,서초구,2.0,0.0,노지감귤(10kg),
2022,2023-01-08,2023-01-09,seller_B,C0800,경기,김포시,1.0,0.0,노지감귤(10kg),
2022,2023-01-08,2023-01-09,seller_B,C0801,서울,강남구,1.0,0.0,노지감귤(10kg),
2022,2023-01-08,2023-01-09,seller_B,C0802,서울,양천구,1.0,0.0,노지감귤(10kg),
2022,2023-01-08,2023-01-09,seller_B,C0803,서울,영등포구,1.0,0.0,노지감귤(10kg),
2022,2023-01-08,2023-01-09,seller_B,C0804,서울,동작구,1.0,0.0,노지감귤(10kg),
2022,2023-01-08,2023-01-09,seller_B,C0805,경기,광주시,1.0,0.0,노지감귤(10kg),
2022,2023-01-08,2023-01-09,seller_B,C0806,경기,광주시,1.0,0.0,노지감귤(10kg),
2022,2023-01-08,2023-01-09,seller_B,C0807,서울,강동구,1.0,0.0,노지감귤(10kg),
2022,2023-01-08,2023-01-09,seller_B,C0551,부산,동래구,1.0,0.0,노지감귤(10kg),
2022,2023-01-08,2023-01-09,seller_B,C0808,서울,도봉구,1.0,0.0,노지감귤(10kg),
2022,2023-01-08,2023-01-09,seller_B,C0809,서울,성동구,1.0,0.0,노지감귤(10kg),
2022,2023-01-08,2023-01-09,seller_B,C0810,경남,창녕군,1.0,0.0,노지감귤(10kg),
2022,2023-01-08,2023-01-09,seller_B,C0811,서울,광진구,1.0,0.0,노지감귤(10kg),
2022,2023-01-08,2023-01-09,seller_B,C0812,서울,강북구,2.0,0.0,노지감귤(10kg),
2022,2023-01-08,2023-01-10,seller_B,C0548,경기,용인시,1.0,0.0,노지감귤(10kg),
2022,2023-01-08,2023-01-10,seller_B,C0647,경기,안양시,2.0,0.0,노지감귤(10kg),
2022,2023-01-08,2023-01-10,seller_B,C0627,서울,동작구,2.0,0.0,노지감귤(10kg),
2022,2023-01-08,2023-01-10,seller_B,C0600,경기,고양시,2.0,0.0,노지감귤(10kg),
2022,2023-01-08,2023-01-10,seller_B,C0546,경기,수원시,1.0,0.0,노지감귤(10kg),
2022,2023-01-08,2023-01-10,seller_B,C0813,경기,부천시,1.0,0.0,노지감귤(10kg),
2022,2023-01-08,2023-01-10,seller_B,C0814,서울,서대문구,1.0,0.0,노지감귤(10kg),
2022,2023-01-08,2023-01-10,seller_B,C0815,서울,종로구,1.0,0.0,노지감귤(10kg),
2022,2023-01-08,2023-01-10,seller_B,C0816,인천,서구,1.0,0.0,노지감귤(10kg),
2022,2023-01-08,2023-01-10,seller_B,C0817,서울,강북구,1.0,0.0,노지감귤(10kg),
2022,2023-01-08,2023-01-10,seller_B,C0818,서울,서대문구,1.0,0.0,노지감귤(10kg),
2022,2023-01-08,2023-01-10,seller_B,C0819,경기,용인시,1.0,0.0,노지감귤(10kg),
2022,2023-01-08,2023-01-10,seller_B,C0820,경기,광주시,1.0,0.0,노지감귤(10kg),
2022,2023-01-08,2023-01-10,seller_B,C0821,경기,수원시,1.0,0.0,노지감귤(10kg),
2022,2023-01-06,2023-01-10,seller_B,C0822,서울,강동구,1.0,0.0,노지감귤(10kg),
2022,2023-01-09,2023-01-10,seller_B,C0823,인천,중구,1.0,0.0,노지감귤(10kg),
2022,2023-01-09,2023-01-10,seller_B,C0741,경기,김포시,1.0,0.0,노지감귤(10kg),
2022,2023-01-09,2023-01-10,seller_B,C0824,경기,성남시,1.0,0.0,노지감귤(10kg),
2022,2023-01-09,2023-01-11,seller_B,C0561,서울,강남,2.0,0.0,노지감귤(10kg),
2022,2023-01-09,2023-01-11,seller_B,C0696,서울,동작구,1.0,0.0,노지감귤(10kg),
2022,2023-01-09,2023-01-11,seller_B,C0825,서울,강동구,1.0,0.0,노지감귤(10kg),
2022,2023-01-09,2023-01-11,seller_B,C0826,경기,고양시,1.0,0.0,노지감귤(10kg),
2022,2023-01-09,2023-01-11,seller_B,C0827,서울,도봉구,1.0,0.0,노지감귤(10kg),
2022,2023-01-09,2023-01-11,seller_B,C0828,서울,노원구,1.0,0.0,노지감귤(10kg),
2022,2023-01-10,2023-01-11,seller_B,C0722,서울,서대문구,1.0,0.0,노지감귤(10kg),
2022,2023-01-10,2023-01-11,seller_B,C0829,서울,마포구,1.0,0.0,노지감귤(10kg),
2022,2023-01-10,2023-01-11,seller_B,C0830,전북,부안군,1.0,0.0,노지감귤(10kg),
2022,2023-01-11,2023-01-12,seller_B,C0802,서울,양천구,1.0,0.0,노지감귤(10kg),
2022,2023-01-11,2023-01-12,seller_B,C0831,서울,강남구,1.0,0.0,노지감귤(10kg),
2022,2023-01-11,2023-01-12,seller_B,C0832,서울,강남구,1.0,0.0,노지감귤(10kg),
2022,2023-01-11,2023-01-12,seller_B,C0833,경기,남양주시,1.0,0.0,노지감귤(10kg),
2022,2023-01-11,2023-01-12,seller_B,C0834,경기,과천시,1.0,0.0,노지감귤(10kg),
2022,2023-01-11,2023-01-12,seller_B,C0835,서울,용산구,1.0,0.0,노지감귤(10kg),
2022,2023-01-11,2023-01-12,seller_B,C0836,서울,양천구,2.0,0.0,노지감귤(10kg),
2022,2023-01-11,2023-01-12,seller_B,C0837,서울,노원구,1.0,0.0,노지감귤(10kg),
2022,2023-01-11,2023-01-12,seller_B,C0837,서울,서대문구,1.0,0.0,노지감귤(10kg),
2022,2023-01-11,2023-01-12,seller_B,C0472,서울,강동구,1.0,0.0,노지감귤(10kg),
2022,2023-01-11,2023-01-12,seller_B,C0838,서울,영등포구,2.0,0.0,노지감귤(10kg),
2022,2023-01-11,2023-01-12,seller_B,C0839,경기,김포시,1.0,0.0,노지감귤(10kg),
2022,2023-01-08,2023-01-13,seller_B,C0772,경기,수원시,1.0,0.0,노지감귤(10kg),
2022,2023-01-11,2023-01-15,seller_B,C0840,충북,증평군,1.0,0.0,노지감귤(10kg),2
2022,2023-01-13,2023-01-15,seller_B,C0841,경기,고양시,0.0,1.0,노지감귤(5kg),
2022,2023-01-13,2023-01-15,seller_B,C0842,인천,부평구,0.0,1.0,노지감귤(5kg),
2022,2023-01-13,2023-01-15,seller_B,C0843,경기,안산시,0.0,1.0,노지감귤(5kg),
2022,2023-01-13,2023-01-15,seller_B,C0844,서울,성북구,0.0,1.0,노지감귤(5kg),
2022,2023-01-13,2023-01-15,seller_B,C0845,경기,구리시,0.0,1.0,노지감귤(5kg),
2022,2023-01-12,2023-01-18,seller_B,C0846,경기,파주시,1.0,0.0,노지감귤(10kg),2
2022,2023-01-12,2023-01-18,seller_B,C0847,경기,수원시,2.0,0.0,노지감귤(10kg),2
2022,2023-01-12,2023-01-18,seller_B,C0821,경기,용인시,1.0,0.0,노지감귤(10kg),2
2022,2023-01-12,2023-01-18,seller_B,C0848,서울,강동구,1.0,0.0,노지감귤(10kg),2
2022,2023-01-12,2023-01-18,seller_B,C0849,서울,강동구,1.0,0.0,노지감귤(10kg),
2022,2023-01-12,2023-01-18,seller_B,C0652,경기,의정부시,1.0,0.0,노지감귤(10kg),
2022,2023-01-12,2023-01-18,seller_B,C0827,서울,도봉구,1.0,0.0,노지감귤(10kg),
2022,2023-01-13,2023-01-18,seller_B,C0850,경기,용인시,1.0,0.0,노지감귤(10kg),
2022,2023-01-13,2023-01-18,seller_B,C0851,서울,성북구,1.0,0.0,노지감귤(10kg),
2022,2023-01-13,2023-01-18,seller_B,C0696,서울,동작구,1.0,0.0,노지감귤(10kg),
2022,2023-01-13,2023-01-18,seller_B,C0852,강원,횡성군,1.0,0.0,노지감귤(10kg),
2022,2023-01-13,2023-01-18,seller_B,C0853,서울,성동구,2.0,0.0,노지감귤(10kg),
2022,2023-01-13,2023-01-18,seller_B,C0719,인천,남동구,7.0,0.0,노지감귤(10kg),
2022,2023-01-14,2023-01-18,seller_B,C0854,서울,동작구,1.0,0.0,노지감귤(10kg),
2022,2023-01-14,2023-01-18,seller_B,C0855,서울,성북구,1.0,0.0,노지감귤(10kg),
2022,2023-01-14,2023-01-18,seller_B,C0856,서울,성북구,1.0,0.0,노지감귤(10kg),
2022,2023-01-14,2023-01-18,seller_B,C0857,서울,성북구,1.0,0.0,노지감귤(10kg),
2022,2023-01-14,2023-01-18,seller_B,C0858,경기,수원시,1.0,0.0,노지감귤(10kg),
2022,2023-01-15,2023-01-18,seller_B,C0834,경기,과천시,1.0,0.0,노지감귤(10kg),
2022,2023-01-16,2023-01-18,seller_B,C0628,서울,서초구,1.0,0.0,노지감귤(10kg),
2022,2023-01-07,2023-01-25,seller_B,C0766,경기,광주시,2.0,0.0,노지감귤(10kg),
2022,2023-01-17,2023-01-25,seller_B,C0759,경기,고양시,1.0,0.0,노지감귤(10kg),
2022,2023-01-18,2023-01-25,seller_B,C0859,인천,남동구,1.0,0.0,노지감귤(10kg),
2022,2023-01-25,2023-01-26,seller_B,C0860,서울,동작구,1.0,0.0,노지감귤(10kg),
2022,2023-01-25,2023-01-26,seller_B,C0861,서울,마포구,1.0,0.0,노지감귤(10kg),
2022,2023-01-25,2023-01-26,seller_B,C0862,서울,용산구,1.0,0.0,노지감귤(10kg),
2022,2023-01-25,2023-01-26,seller_B,C0860,서울,동작구,2.0,0.0,노지감귤(10kg),
2022,2023-01-27,2023-01-29,seller_B,C0863,충남,논산시,1.0,0.0,노지감귤(10kg),
2022,2023-01-27,2023-01-29,seller_B,C0796,서울,서초구,1.0,0.0,노지감귤(10kg),
2022,2023-01-27,2023-01-29,seller_B,C0834,경기,과천시,1.0,0.0,노지감귤(10kg),
2022,2023-01-27,2023-01-29,seller_B,C0849,서울,강동구,1.0,0.0,노지감귤(10kg),
2022,2023-01-27,2023-01-29,seller_B,C0671,경기,화성시,1.0,0.0,노지감귤(10kg),
2022,2023-01-27,2023-01-29,seller_B,C0672,대구,북구,1.0,0.0,노지감귤(10kg),
2022,2023-01-27,2023-01-29,seller_B,C0673,대구,북구,1.0,0.0,노지감귤(10kg),
2022,2023-01-27,2023-01-29,seller_B,C0674,경북,경산시,1.0,0.0,노지감귤(10kg),
2022,2023-01-27,2023-01-29,seller_B,C0675,대구,동구,1.0,0.0,노지감귤(10kg),
2022,2023-01-27,2023-01-29,seller_B,C0864,경기,하남시,1.0,0.0,노지감귤(10kg),
2022,2023-01-27,2023-01-29,seller_B,C0670,경기,양주시,1.0,0.0,노지감귤(10kg),
2022,2023-01-27,2023-01-29,seller_B,C0670,서울,강북구,1.0,0.0,노지감귤(10kg),
2022,2023-01-27,2023-01-29,seller_B,C0865,서울,강서구,1.0,0.0,노지감귤(10kg),
2022,2023-01-27,2023-01-29,seller_B,C0670,서울,광진구,1.0,0.0,노지감귤(10kg),
2022,2023-01-27,2023-01-29,seller_B,C0866,서울,양천구,1.0,0.0,노지감귤(10kg),
2022,2023-01-27,2023-01-29,seller_B,C0867,서울,광진구,1.0,0.0,노지감귤(10kg),
2022,2023-01-27,2023-01-29,seller_B,C0868,서울,광진구,1.0,0.0,노지감귤(10kg),
2022,2023-01-27,2023-01-29,seller_B,C0869,서울,노원구,1.0,0.0,노지감귤(10kg),
2022,2023-01-27,2023-01-29,seller_B,C0870,경기,안양시,1.0,0.0,노지감귤(10kg),
2022,2023-01-27,2023-01-29,seller_B,C0827,서울,도봉구,2.0,0.0,노지감귤(10kg),
2022,2023-01-27,2023-01-29,seller_B,C0871,서울,도봉구,1.0,0.0,노지감귤(10kg),
2022,2023-01-28,2023-01-29,seller_B,C0767,전북,완주군,1.0,0.0,노지감귤(10kg),
2022,2023-01-28,2023-01-29,seller_B,C0872,서울,노원구,1.0,0.0,노지감귤(10kg),
2022,2023-01-28,2023-01-29,seller_B,C0873,경기,남양주시,1.0,0.0,노지감귤(10kg),
2022,2023-01-28,2023-01-29,seller_B,C0848,서울,강동구,1.0,0.0,노지감귤(10kg),
2022,2023-01-28,2023-01-29,seller_B,C0821,경기,용인시,1.0,0.0,노지감귤(10kg),
2022,2023-01-28,2023-01-29,seller_B,C0821,경기,수원시,1.0,0.0,노지감귤(10kg),
2022,2023-01-28,2023-01-29,seller_B,C0819,경기,용인시,1.0,0.0,노지감귤(10kg),
2022,2023-01-28,2023-01-29,seller_B,C0874,서울,관악구,1.0,0.0,노지감귤(10kg),
2022,2023-01-28,2023-01-29,seller_B,C0875,경북,구미시,1.0,0.0,노지감귤(10kg),
2022,2023-01-28,2023-01-29,seller_B,C0876,서울,노원구,1.0,0.0,노지감귤(10kg),
2022,2023-01-28,2023-01-29,seller_B,C0877,경기,안산시,7.0,0.0,노지감귤(10kg),
2022,2023-01-29,2023-01-30,seller_B,C0819,경기,용인시,1.0,0.0,노지감귤(10kg),
2022,2023-01-29,2023-01-30,seller_B,C0809,서울,성동구,1.0,0.0,노지감귤(10kg),
2022,2023-01-30,2023-02-01,seller_B,C0878,전북,전주시,1.0,0.0,노지감귤(10kg),
2022,2023-01-30,2023-02-01,seller_B,C0879,서울,송파구,1.0,0.0,노지감귤(10kg),
2022,2023-01-30,2023-02-01,seller_B,C0811,서울,광진구,1.0,0.0,노지감귤(10kg),
2022,2022-11-27,2022-11-29,seller_C,C0880,대구,북구,1.0,0.0,노지감귤(10kg),
2022,2022-11-27,2022-11-29,seller_C,C0880,서울,은평구,1.0,0.0,노지감귤(10kg),
2022,2022-11-27,2022-11-29,seller_C,C0881,경기,구리시,1.0,0.0,노지감귤(10kg),
2022,2022-11-27,2022-11-29,seller_C,C0882,경기,안양시,1.0,0.0,노지감귤(10kg),
2022,2022-11-27,2022-11-30,seller_C,C0883,대구,북구,5.0,0.0,노지감귤(10kg),
2022,2022-11-27,2022-11-30,seller_C,C0884,서울,은평구,1.0,0.0,노지감귤(10kg),
2022,2022-11-27,2022-11-30,seller_C,C0885,경기,김포시,1.0,0.0,노지감귤(10kg),
2022,2022-11-27,2022-11-30,seller_C,C0886,경기,광명시,1.0,0.0,노지감귤(10kg),
2022,2022-11-27,2022-11-30,seller_C,C0887,경기,성남시,1.0,0.0,노지감귤(10kg),
2022,2022-11-27,2022-11-30,seller_C,C0888,서울,도봉구,2.0,0.0,노지감귤(10kg),
2022,2022-11-27,2022-11-30,seller_C,C0889,서울,노원구,1.0,0.0,노지감귤(10kg),
2022,2022-11-27,2022-11-30,seller_C,C0890,서울,성북구,1.0,0.0,노지감귤(10kg),
2022,2022-11-27,2022-11-30,seller_C,C0890,서울,마포구,1.0,0.0,노지감귤(10kg),
2022,2022-11-27,2022-11-30,seller_C,C0891,서울,성북구,1.0,0.0,노지감귤(10kg),
2022,2022-11-27,2022-11-30,seller_C,C0892,서울,관악구,1.0,0.0,노지감귤(10kg),
2022,2022-11-27,2022-11-29,seller_C,C0893,서울,은평구,0.0,1.0,노지감귤(5kg),
2022,2022-11-27,2022-11-29,seller_C,C0894,서울,노원구,0.0,1.0,노지감귤(5kg),
2022,2022-11-27,2022-11-29,seller_C,C0895,서울,구로구,0.0,1.0,노지감귤(5kg),
2022,2022-11-27,2022-11-29,seller_C,C0883,대구,북구,0.0,1.0,노지감귤(5kg),
2022,2022-11-27,2022-11-29,seller_C,C0896,대구,수성구,0.0,1.0,노지감귤(5kg),
2022,2022-11-27,2022-11-29,seller_C,C0897,서울,고려대로,0.0,1.0,노지감귤(5kg),
2022,2022-11-27,2022-11-29,seller_C,C0898,서울,강서구,0.0,1.0,노지감귤(5kg),
2022,2022-11-27,2022-11-29,seller_C,C0898,서울,성북구,0.0,1.0,노지감귤(5kg),
2022,2022-12-04,2022-12-05,seller_C,C0899,서울,강북구,0.0,1.0,노지감귤(5kg),
2022,2022-12-04,2022-12-05,seller_C,C0900,서울,노원구,0.0,2.0,노지감귤(5kg),
2022,2022-12-04,2022-12-05,seller_C,C0901,서울,양천구,0.0,1.0,노지감귤(5kg),
2022,2022-12-04,2022-12-05,seller_C,C0902,서울,성북구,1.0,0.0,노지감귤(10kg),
2022,2022-12-11,2022-12-12,seller_C,C0903,서울,종로구,1.0,0.0,노지감귤(10kg),
2022,2022-12-11,2022-12-12,seller_C,C0890,서울,마포구,1.0,0.0,노지감귤(10kg),
2022,2022-12-11,2022-12-12,seller_C,C0890,서울,성북구,2.0,0.0,노지감귤(10kg),
2022,2022-12-11,2022-12-12,seller_C,C0883,경기,고양시,1.0,0.0,노지감귤(10kg),
2022,2022-12-18,2022-12-19,seller_C,C0904,충북,음성군,0.0,1.0,노지감귤(5kg),
2022,2022-12-18,2022-12-19,seller_C,C0905,경기,성남시,0.0,1.0,노지감귤(5kg),
2022,2022-12-18,2022-12-19,seller_C,C0901,서울,목동동로,1.0,0.0,노지감귤(10kg),
2022,2022-12-18,2022-12-19,seller_C,C0901,인천,미추홀구,1.0,0.0,노지감귤(10kg),
2022,2022-12-22,2022-12-25,seller_C,C0880,대구,북구,1.0,0.0,노지감귤(10kg),
2022,2022-12-22,2022-12-25,seller_C,C0880,서울,은평구,1.0,0.0,노지감귤(10kg),
2022,2022-12-22,2022-12-25,seller_C,C0906,경기,하남시,0.0,1.0,노지감귤(5kg),
2022,2022-12-22,2022-12-25,seller_C,C0897,서울,고려대로,0.0,1.0,노지감귤(5kg),
2022,2022-12-24,2022-12-25,seller_C,C0903,서울,종로구,1.0,0.0,노지감귤(10kg),
2022,2022-12-25,2022-12-27,seller_C,C0905,경기,성남시,1.0,0.0,노지감귤(10kg),
2022,2023-01-03,2023-01-06,seller_C,C0907,서울,관악구,0.0,1.0,노지감귤(5kg),
2022,2023-01-03,2023-01-06,seller_C,C0908,경기,광주시,1.0,0.0,노지감귤(10kg),
2022,2023-01-03,2023-01-06,seller_C,C0909,경기,성남시,2.0,0.0,노지감귤(10kg),
2022,2023-01-03,2023-01-06,seller_C,C0910,전북,정읍시,1.0,0.0,노지감귤(10kg),
2022,2023-01-10,2023-01-11,seller_C,C0911,서울,성북구,0.0,1.0,노지감귤(5kg),
2022,2023-01-10,2023-01-11,seller_C,C0912,서울,광진구,0.0,1.0,노지감귤(5kg),
2022,2023-01-10,2023-01-11,seller_C,C0913,서울,서대문구,0.0,1.0,노지감귤(5kg),
2022,2023-01-10,2023-01-11,seller_C,C0914,경기,양주시,1.0,0.0,노지감귤(10kg),
2022,2023-01-10,2023-01-11,seller_C,C0890,서울,마포구,1.0,0.0,노지감귤(10kg),
2022,2023-01-12,2023-01-17,seller_C,C0915,서울,중랑구,1.0,0.0,노지감귤(10kg),
2023,2023-11-07,2023-11-07,seller_A,C0916,대구,달서구,1.0,0.0,노지감귤 10kg,
2023,2023-11-07,2023-11-07,seller_A,C0917,경기,포천시,1.0,0.0,,
2023,2023-11-15,2023-11-21,seller_A,C0527,경기,용인시,1.0,0.0,노지감귤 10kg,
2023,2023-11-15,2023-11-21,seller_A,C0918,경기,용인시,1.0,0.0,노지감귤 10kg,
2023,2023-11-20,2023-11-21,seller_A,C0110,서울,강남구,2.0,0.0,노지감귤 10kg,
2023,2023-11-20,2023-11-21,seller_A,C0034,서울,도봉구,0.0,5.0,노지감귤 5kg,
2023,2023-11-20,2023-11-21,seller_A,C0004,서울,종로구,1.0,0.0,노지감귤 10kg,
2023,2023-11-20,2023-11-21,seller_A,C0004,인천,서구,1.0,0.0,노지감귤 10kg,
2023,2023-11-20,2023-11-21,seller_A,C0371,경기,남양주시,1.0,0.0,노지감귤 10kg,
2023,2023-11-20,2023-11-21,seller_A,C0919,경기,김포시,1.0,0.0,노지감귤 10kg,
2023,2023-11-20,2023-11-21,seller_A,C0920,인천,연수구,1.0,0.0,노지감귤 10kg,
2023,2023-11-20,2023-11-21,seller_A,C0921,서울,영등포구,1.0,0.0,노지감귤 10kg,
2023,2023-11-20,2023-11-21,seller_A,C0008,서울,성북구,1.0,0.0,노지감귤 10kg,
2023,2023-11-20,2023-11-21,seller_A,C0922,경기,화성시,1.0,0.0,노지감귤 10kg,
2023,2023-11-20,2023-11-21,seller_A,C0020,경기,수원시,2.0,0.0,노지감귤 10kg,
2023,2023-11-20,2023-11-21,seller_A,C0240,서울,노원구,1.0,0.0,노지감귤 10kg,
2023,2023-11-20,2023-11-21,seller_A,C0065,서울,용산구,1.0,0.0,노지감귤 10kg,
2023,2023-11-20,2023-11-21,seller_A,C0066,부산,수영구,1.0,0.0,노지감귤 10kg,
2023,2023-11-20,2023-11-21,seller_A,C0064,서울,도봉구,1.0,0.0,노지감귤 10kg,
2023,2023-11-20,2023-11-21,seller_A,C0223,경기,용인시,1.0,0.0,노지감귤 10kg,
2023,2023-11-20,2023-11-21,seller_A,C0113,서울,영등포구,1.0,0.0,노지감귤 10kg,
2023,2023-11-20,2023-11-21,seller_A,C0923,서울,용산구,1.0,0.0,노지감귤 10kg,
2023,2023-11-20,2023-11-21,seller_A,C0114,서울,용산구,1.0,0.0,노지감귤 10kg,
2023,2023-11-20,2023-11-21,seller_A,C0112,서울,용산구,1.0,0.0,노지감귤 10kg,
2023,2023-11-20,2023-11-21,seller_A,C0924,부산,해운대구,1.0,0.0,노지감귤 10kg,
2023,2023-11-20,2023-11-22,seller_A,C0925,경기,양주시,1.0,0.0,노지감귤 10kg,
2023,2023-11-20,2023-11-22,seller_A,C0031,서울,도봉구,1.0,0.0,노지감귤 10kg,
2023,2023-11-21,2023-11-22,seller_A,C0926,경남,거제시,1.0,0.0,노지감귤 10kg,
2023,2023-11-21,2023-11-22,seller_A,C0927,경남,밀양시,1.0,0.0,노지감귤 10kg,
2023,2023-11-21,2023-11-22,seller_A,C0928,경기,고양시,1.0,0.0,노지감귤 10kg,
2023,2023-11-21,2023-11-22,seller_A,C0929,경남,밀양시,1.0,0.0,노지감귤 10kg,
2023,2023-11-21,2023-11-22,seller_A,C0055,서울,도봉구,1.0,0.0,노지감귤 10kg,
2023,2023-11-21,2023-11-22,seller_A,C0930,인천,부평구,1.0,0.0,노지감귤 10kg,
2023,2023-11-21,2023-11-22,seller_A,C0396,경기,구리시,1.0,0.0,노지감귤 10kg,
2023,2023-11-21,2023-11-22,seller_A,C0398,경기,의정부시,1.0,0.0,노지감귤 10kg,
2023,2023-11-21,2023-11-22,seller_A,C0131,경기,파주시,1.0,0.0,노지감귤 10kg,
2023,2023-11-21,2023-11-22,seller_A,C0073,서울,성북구,1.0,0.0,노지감귤 10kg,
2023,2023-11-21,2023-11-22,seller_A,C0073,서울,성북구,1.0,0.0,노지감귤 10kg,
2023,2023-11-21,2023-11-22,seller_A,C0931,경기,광명시,1.0,0.0,노지감귤 10kg,
2023,2023-11-21,2023-11-22,seller_A,C0932,경기,용인시,1.0,0.0,노지감귤 10kg,
2023,2023-11-21,2023-11-22,seller_A,C0932,경남,창원시,1.0,0.0,노지감귤 10kg,
2023,2023-11-21,2023-11-22,seller_A,C0933,제주,첨단로동길,1.0,0.0,노지감귤 10kg,
2023,2023-11-21,2023-11-22,seller_A,C0549,광주,북구,1.0,0.0,노지감귤 10kg,
2023,2023-11-21,2023-11-22,seller_A,C0082,서울,구로구,1.0,0.0,노지감귤 10kg,
2023,2023-11-21,2023-11-22,seller_A,C0083,서울,구로구,1.0,0.0,노지감귤 10kg,
2023,2023-11-21,2023-11-22,seller_A,C0934,서울,양천구,1.0,0.0,노지감귤 10kg,
2023,2023-11-21,2023-11-22,seller_A,C0935,경기,김포시,1.0,0.0,노지감귤 10kg,
2023,2023-11-21,2023-11-22,seller_A,C0079,서울,강서구,1.0,0.0,노지감귤 10kg,
2023,2023-11-21,2023-11-22,seller_A,C0080,서울,양천구,1.0,0.0,노지감귤 10kg,
2023,2023-11-21,2023-11-22,seller_A,C0081,경기,고양시,1.0,0.0,노지감귤 10kg,
2023,2023-11-21,2023-11-22,seller_A,C0084,서울,양천구,1.0,0.0,노지감귤 10kg,
2023,2023-11-21,2023-11-22,seller_A,C0167,서울,도봉구,1.0,0.0,노지감귤 10kg,
2023,2023-11-21,2023-11-22,seller_A,C0936,광주,서구,1.0,0.0,노지감귤 10kg,
2023,2023-11-21,2023-11-22,seller_A,C0936,광주,남구,1.0,0.0,노지감귤 10kg,
2023,2023-11-21,2023-11-22,seller_A,C0937,전북,전주시,1.0,0.0,노지감귤 10kg,
2023,2023-11-21,2023-11-22,seller_A,C0938,전남,순천시,1.0,0.0,노지감귤 10kg,
2023,2023-11-21,2023-11-22,seller_A,C0062,서울,동작구,1.0,0.0,노지감귤 10kg,
2023,2023-11-21,2023-11-23,seller_A,C0939,서울,강남구,1.0,0.0,노지감귤 10kg,
2023,2023-11-21,2023-11-23,seller_A,C0940,서울,강남구,1.0,0.0,노지감귤 10kg,
2023,2023-11-22,2023-11-23,seller_A,C0018,경기,구리시,1.0,0.0,노지감귤 10kg,
2023,2023-11-22,2023-11-23,seller_A,C0011,서울,금천구,1.0,0.0,노지감귤 10kg,
2023,2023-11-22,2023-11-23,seller_A,C0010,서울,성동구,1.0,0.0,노지감귤 10kg,
2023,2023-11-22,2023-11-23,seller_A,C0941,경기,용인시,1.0,0.0,노지감귤 10kg,
2023,2023-11-22,2023-11-23,seller_A,C0006,서울,도봉구,1.0,0.0,노지감귤 10kg,
2023,2023-11-22,2023-11-23,seller_A,C0039,경기,김포시,1.0,0.0,노지감귤 10kg,
2023,2023-11-22,2023-11-23,seller_A,C0168,경북,포항시,1.0,0.0,노지감귤 10kg,
2023,2023-11-22,2023-11-23,seller_A,C0169,충남,천안시,1.0,0.0,노지감귤 10kg,
2023,2023-11-22,2023-11-23,seller_A,C0171,부산,북구,1.0,0.0,노지감귤 10kg,
2023,2023-11-22,2023-11-23,seller_A,C0175,서울,관악구,1.0,0.0,노지감귤 10kg,
2023,2023-11-22,2023-11-23,seller_A,C0942,부산,부산진구,1.0,0.0,노지감귤 10kg,
2023,2023-11-22,2023-11-23,seller_A,C0943,대구,동구,1.0,0.0,노지감귤 10kg,
2023,2023-11-22,2023-11-23,seller_A,C0944,부산,해운대구,1.0,0.0,노지감귤 10kg,
2023,2023-11-22,2023-11-23,seller_A,C0174,경기,용인시,1.0,0.0,노지감귤 10kg,
2023,2023-11-22,2023-11-23,seller_A,C0172,대전,유성구,1.0,0.0,노지감귤 10kg,
2023,2023-11-22,2023-11-23,seller_A,C0170,경남,김해시,2.0,0.0,노지감귤 10kg,
2023,2023-11-22,2023-11-23,seller_A,C0059,경남,하동군,2.0,0.0,노지감귤 10kg,
2023,2023-11-22,2023-11-23,seller_A,C0945,경남,창원시,1.0,0.0,노지감귤 10kg,
2023,2023-11-22,2023-11-23,seller_A,C0037,서울,도봉구,1.0,0.0,노지감귤 10kg,
2023,2023-11-22,2023-11-23,seller_A,C0946,경기,평택시,1.0,0.0,노지감귤 10kg,
2023,2023-11-22,2023-11-24,seller_A,C0947,경기,구리시,1.0,0.0,노지감귤 10kg,
2023,2023-11-23,2023-11-24,seller_A,C0948,경기,부천시,1.0,0.0,노지감귤 10kg,
2023,2023-11-23,2023-11-24,seller_A,C0949,경기,고양시,1.0,0.0,노지감귤 10kg,
2023,2023-11-23,2023-11-24,seller_A,C0950,서울,성북구,1.0,0.0,노지감귤 10kg,
2023,2023-11-23,2023-11-24,seller_A,C0951,서울,강남구,1.0,0.0,노지감귤 10kg,
2023,2023-11-23,2023-11-24,seller_A,C0464,경기,광명시,1.0,0.0,노지감귤 10kg,
2023,2023-11-23,2023-11-24,seller_A,C0952,경기,부천시,1.0,0.0,노지감귤 10kg,
2023,2023-11-23,2023-11-24,seller_A,C0953,경기,수원시,1.0,0.0,노지감귤 10kg,
2023,2023-11-24,2023-11-27,seller_A,C0182,경기,고양시,2.0,0.0,노지감귤 10kg,
2023,2023-11-24,2023-11-27,seller_A,C0954,경기,양주시,1.0,0.0,노지감귤 10kg,
2023,2023-11-24,2023-11-27,seller_A,C0955,서울,강북구,1.0,0.0,노지감귤 10kg,
2023,2023-11-24,2023-11-27,seller_A,C0956,서울,도봉구,1.0,0.0,노지감귤 10kg,
2023,2023-11-24,2023-11-27,seller_A,C0957,서울,도봉구,1.0,0.0,노지감귤 10kg,
2023,2023-11-24,2023-11-27,seller_A,C0958,서울,성북구,1.0,0.0,노지감귤 10kg,
2023,2023-11-25,2023-11-27,seller_A,C0055,서울,도봉구,1.0,0.0,노지감귤 10kg,
2023,2023-11-25,2023-11-27,seller_A,C0959,경기,파주시,2.0,0.0,노지감귤 10kg,
2023,2023-11-25,2023-11-27,seller_A,C0960,서울,도봉구,0.0,1.0,노지감귤 5kg,
2023,2023-11-25,2023-11-27,seller_A,C0064,서울,도봉구,1.0,0.0,노지감귤 10kg,
2023,2023-11-25,2023-11-27,seller_A,C0961,경기,부천시,1.0,0.0,노지감귤 10kg,
2023,2023-11-26,2023-11-28,seller_A,C0962,서울,마포구,1.0,0.0,노지감귤 10kg,
2023,2023-11-26,2023-11-28,seller_A,C0963,경기,하남시,1.0,0.0,노지감귤 10kg,
2023,2023-11-26,2023-11-28,seller_A,C0964,서울,구로구,1.0,0.0,노지감귤 10kg,
2023,2023-11-26,2023-11-28,seller_A,C0965,경기,파주시,1.0,0.0,노지감귤 10kg,
2023,2023-11-26,2023-11-28,seller_A,C0013,서울,관악구,1.0,0.0,노지감귤 10kg,
2023,2023-11-26,2023-11-28,seller_A,C0966,부산,남구,1.0,0.0,노지감귤 10kg,
2023,2023-11-26,2023-11-28,seller_A,C0967,서울,동대문구,1.0,0.0,노지감귤 10kg,
2023,2023-11-26,2023-11-28,seller_A,C0252,서울,동대문구,1.0,0.0,노지감귤 10kg,
2023,2023-11-26,2023-11-28,seller_A,C0255,서울,강남구,1.0,0.0,노지감귤 10kg,
2023,2023-11-26,2023-11-28,seller_A,C0256,서울,서대문구,1.0,0.0,노지감귤 10kg,
2023,2023-11-26,2023-11-28,seller_A,C0257,경기,고양시,1.0,0.0,노지감귤 10kg,
2023,2023-11-26,2023-11-28,seller_A,C0968,경기,용인시,1.0,0.0,노지감귤 10kg,
2023,2023-11-26,2023-11-28,seller_A,C0969,서울,관악구,1.0,0.0,노지감귤 10kg,
2023,2023-11-26,2023-11-28,seller_A,C0970,경기,용인시,1.0,0.0,노지감귤 10kg,
2023,2023-11-26,2023-11-28,seller_A,C0971,경기,용인시,1.0,0.0,노지감귤 10kg,
2023,2023-11-26,2023-11-28,seller_A,C0258,서울,은평구,1.0,0.0,노지감귤 10kg,
2023,2023-11-26,2023-11-28,seller_A,C0259,충남,천안시,1.0,0.0,노지감귤 10kg,
2023,2023-11-26,2023-11-28,seller_A,C0289,경기,고양시,1.0,0.0,노지감귤 10kg,
2023,2023-11-26,2023-11-28,seller_A,C0972,전남,무안군,1.0,0.0,노지감귤 10kg,
2023,2023-11-26,2023-11-28,seller_A,C0973,서울,강북구,1.0,0.0,노지감귤 10kg,
2023,2023-11-26,2023-11-28,seller_A,C0974,서울,강동구,1.0,0.0,노지감귤 10kg,
2023,2023-11-26,2023-11-28,seller_A,C0975,경기,용인시,1.0,0.0,노지감귤 10kg,
2023,2023-11-27,2023-11-28,seller_A,C0099,경북,경산시,1.0,0.0,노지감귤 10kg,
2023,2023-11-27,2023-11-28,seller_A,C0976,서울,송파구,1.0,0.0,노지감귤 10kg,
2023,2023-11-27,2023-11-28,seller_A,C0016,경기,의정부시,1.0,0.0,노지감귤 10kg,
2023,2023-11-27,2023-11-28,seller_A,C0950,서울,성북구,1.0,0.0,노지감귤 10kg,
2023,2023-11-27,2023-11-28,seller_A,C0046,서울,도봉구,2.0,0.0,노지감귤 10kg,
2023,2023-11-27,2023-11-28,seller_A,C0047,충북,청주시,1.0,0.0,노지감귤 10kg,
2023,2023-11-27,2023-11-28,seller_A,C0048,경기,평택시,1.0,0.0,노지감귤 10kg,
2023,2023-11-27,2023-11-28,seller_A,C0977,세종,세종,1.0,0.0,노지감귤 10kg,
2023,2023-11-27,2023-11-28,seller_A,C0932,경기,용인시,1.0,0.0,노지감귤 10kg,
2023,2023-11-27,2023-11-28,seller_A,C0933,제주,첨단로동길,2.0,0.0,노지감귤 10kg,
2023,2023-11-27,2023-11-28,seller_A,C0978,전북,진안군,1.0,0.0,노지감귤 10kg,
2023,2023-11-27,2023-11-28,seller_A,C0978,인천,중구,1.0,0.0,노지감귤 10kg,
2023,2023-11-27,2023-11-28,seller_A,C0979,인천,계양구,1.0,0.0,노지감귤 10kg,
2023,2023-11-27,2023-11-28,seller_A,C0121,세종,세종,1.0,0.0,노지감귤 10kg,
2023,2023-11-27,2023-11-28,seller_A,C0980,대전,유성구,0.0,1.0,노지감귤 5kg,
2023,2023-11-27,2023-11-28,seller_A,C0122,경기,고양시,1.0,0.0,노지감귤 10kg,
2023,2023-11-27,2023-11-28,seller_A,C0123,충북,청주시,1.0,0.0,노지감귤 10kg,
2023,2023-11-27,2023-11-28,seller_A,C0981,서울,은평구,1.0,0.0,노지감귤 10kg,
2023,2023-11-27,2023-11-28,seller_A,C0982,경기,용인시,1.0,0.0,노지감귤 10kg,
2023,2023-11-27,2023-11-28,seller_A,C0848,서울,강동구,1.0,0.0,노지감귤 10kg,
2023,2023-11-27,2023-11-28,seller_A,C0983,경기,용인시,1.0,0.0,노지감귤 10kg,
2023,2023-11-27,2023-11-28,seller_A,C0984,경기,용인시,1.0,0.0,노지감귤 10kg,
2023,2023-11-27,2023-11-28,seller_A,C0820,경기,광주시,1.0,0.0,노지감귤 10kg,
2023,2023-11-27,2023-11-28,seller_A,C0985,경기,용인시,1.0,0.0,노지감귤 10kg,
2023,2023-11-27,2023-11-28,seller_A,C0986,경기,용인시,0.0,1.0,노지감귤 5kg,
2023,2023-11-27,2023-11-28,seller_A,C0987,경기,용인시,0.0,1.0,노지감귤 5kg,
2023,2023-11-28,2023-11-28,seller_A,C0988,경기,과천시,1.0,0.0,노지감귤 10kg,
2023,2023-11-28,2023-11-28,seller_A,C0989,강원,고성군,1.0,0.0,노지감귤 10kg,
2023,2023-11-28,2023-11-28,seller_A,C0175,서울,관악구,2.0,0.0,노지감귤 10kg,
2023,2023-11-27,2023-12-03,seller_A,C0990,서울,양천구,1.0,0.0,노지감귤 10kg,
2023,2023-11-27,2023-12-03,seller_A,C0991,경기,용인시,1.0,0.0,노지감귤 10kg,
2023,2023-11-27,2023-12-03,seller_A,C0992,서울,서초구,1.0,0.0,노지감귤 10kg,
2023,2023-11-27,2023-12-03,seller_A,C0993,인천,부평구,1.0,0.0,노지감귤 10kg,
2023,2023-11-27,2023-12-03,seller_A,C0994,서울,관악구,1.0,0.0,노지감귤 10kg,
2023,2023-11-27,2023-12-03,seller_A,C0876,서울,노원구,1.0,0.0,노지감귤 10kg,
2023,2023-11-27,2023-12-03,seller_A,C0875,경북,구미시,1.0,0.0,노지감귤 10kg,
2023,2023-11-27,2023-12-03,seller_A,C0995,경기,파주시,1.0,0.0,노지감귤 10kg,
2023,2023-11-27,2023-12-03,seller_A,C0877,경기,안산시,1.0,0.0,노지감귤 10kg,
2023,2023-11-27,2023-12-03,seller_A,C0996,대구,달서구,1.0,0.0,노지감귤 10kg,
2023,2023-11-27,2023-12-03,seller_A,C0997,경기,안산시,2.0,0.0,노지감귤 10kg,
2023,2023-11-27,2023-12-03,seller_A,C0039,경기,파주시,1.0,0.0,노지감귤 10kg,
2023,2023-11-27,2023-12-03,seller_A,C0039,경기,김포시,1.0,0.0,노지감귤 10kg,
2023,2023-11-27,2023-12-03,seller_A,C0039,서울,강서구,1.0,0.0,노지감귤 10kg,
2023,2023-11-27,2023-12-03,seller_A,C0039,경기,고양시,1.0,0.0,노지감귤 10kg,
2023,2023-11-27,2023-12-03,seller_A,C0998,서울,강북구,1.0,0.0,노지감귤 10kg,
2023,2023-11-27,2023-12-03,seller_A,C0999,경기,고양시,1.0,0.0,노지감귤 10kg,
2023,2023-11-27,2023-12-03,seller_A,C0875,경북,구미시,4.0,0.0,노지감귤 10kg,
2023,2023-11-27,2023-12-03,seller_A,C1000,서울,노원구,1.0,0.0,노지감귤 10kg,
2023,2023-11-27,2023-12-03,seller_A,C1001,경기,화성시,1.0,0.0,노지감귤 10kg,
2023,2023-11-28,2023-12-03,seller_A,C1002,충북,음성군,1.0,0.0,노지감귤 10kg,
2023,2023-11-28,2023-12-03,seller_A,C0085,서울,관악구,1.0,0.0,노지감귤 10kg,
2023,2023-11-28,2023-12-03,seller_A,C1003,경기,광주시,1.0,0.0,노지감귤 10kg,
2023,2023-11-28,2023-12-03,seller_A,C1004,경기,수원시,1.0,0.0,노지감귤 10kg,
2023,2023-11-28,2023-12-03,seller_A,C1005,경기,광주시,1.0,0.0,노지감귤 10kg,
2023,2023-11-28,2023-12-03,seller_A,C0513,경기,평택시,1.0,0.0,노지감귤 10kg,
2023,2023-11-28,2023-12-03,seller_A,C1006,경기,광명시,1.0,0.0,노지감귤 10kg,
2023,2023-11-28,2023-12-03,seller_A,C1007,경기,고양시,1.0,0.0,노지감귤 10kg,
2023,2023-11-28,2023-12-03,seller_A,C1008,경기,수원시,1.0,0.0,노지감귤 10kg,
2023,2023-11-28,2023-12-03,seller_A,C0128,경기,광주시,1.0,0.0,노지감귤 10kg,
2023,2023-11-28,2023-12-03,seller_A,C1009,경기,성남시,1.0,0.0,노지감귤 10kg,
2023,2023-11-28,2023-12-03,seller_A,C0004,인천,서구,1.0,0.0,노지감귤 10kg,
2023,2023-11-29,2023-12-03,seller_A,C1010,대전,서구,1.0,0.0,노지감귤 10kg,
2023,2023-11-29,2023-12-03,seller_A,C1011,세종,세종,1.0,0.0,노지감귤 10kg,
2023,2023-11-29,2023-12-03,seller_A,C1012,충북,충주시,1.0,0.0,노지감귤 10kg,
2023,2023-11-29,2023-12-03,seller_A,C1013,서울,동소문로,1.0,0.0,노지감귤 10kg,
2023,2023-11-29,2023-12-03,seller_A,C0508,서울,영등포구,1.0,0.0,노지감귤 10kg,
2023,2023-11-29,2023-12-03,seller_A,C1014,경기,하남시,1.0,0.0,노지감귤 10kg,
2023,2023-11-29,2023-12-03,seller_A,C1015,경남,밀양시,1.0,0.0,노지감귤 10kg,
2023,2023-11-29,2023-12-04,seller_A,C1016,경기,수원시,1.0,0.0,노지감귤 10kg,
2023,2023-11-29,2023-12-04,seller_A,C1017,경기,김포시,1.0,0.0,노지감귤 10kg,
2023,2023-11-29,2023-12-04,seller_A,C1018,경기,김포시,1.0,0.0,노지감귤 10kg,
2023,2023-11-29,2023-12-04,seller_A,C1019,서울,강남구,1.0,0.0,노지감귤 10kg,
2023,2023-11-30,2023-12-04,seller_A,C0952,경기,부천시,1.0,0.0,노지감귤 10kg,
2023,2023-11-30,2023-12-04,seller_A,C1020,서울,양천구,1.0,0.0,노지감귤 10kg,
2023,2023-11-30,2023-12-04,seller_A,C1021,서울,송파구,1.0,0.0,노지감귤 10kg,
2023,2023-11-30,2023-12-04,seller_A,C1022,서울,광진구,1.0,0.0,노지감귤 10kg,
2023,2023-11-30,2023-12-04,seller_A,C1023,서울,광진구,1.0,0.0,노지감귤 10kg,
2023,2023-11-30,2023-12-04,seller_A,C1024,경기,김포시,1.0,0.0,노지감귤 10kg,
2023,2023-11-30,2023-12-04,seller_A,C1025,경기,성남시,1.0,0.0,노지감귤 10kg,
2023,2023-11-30,2023-12-04,seller_A,C1026,경남,창원시,1.0,0.0,노지감귤 10kg,
2023,2023-11-30,2023-12-04,seller_A,C1027,부산,연제구,1.0,0.0,노지감귤 10kg,
2023,2023-11-30,2023-12-04,seller_A,C0265,경기,고양시,1.0,0.0,노지감귤 10kg,
2023,2023-11-30,2023-12-04,seller_A,C0332,경기,고양시,1.0,0.0,노지감귤 10kg,
2023,2023-11-30,2023-12-04,seller_A,C0253,경기,고양시,1.0,0.0,노지감귤 10kg,
2023,2023-11-30,2023-12-04,seller_A,C0463,경기,고양시,1.0,0.0,노지감귤 10kg,
2023,2023-11-30,2023-12-04,seller_A,C1028,전남,곡성군,2.0,0.0,노지감귤 10kg,전단지
2023,2023-11-30,2023-12-04,seller_A,C1029,전남,구례군,1.0,0.0,노지감귤 10kg,전단지
2023,2023-11-30,2023-12-04,seller_A,C0089,전남,여수시,2.0,0.0,노지감귤 10kg,전단지
2023,2023-11-30,2023-12-04,seller_A,C0092,경기,수원시,1.0,0.0,노지감귤 10kg,전단지
2023,2023-11-30,2023-12-04,seller_A,C0093,경기,수원시,2.0,0.0,노지감귤 10kg,전단지
2023,2023-11-30,2023-12-04,seller_A,C1030,경기,용인시,1.0,0.0,노지감귤 10kg,전단지
2023,2023-11-30,2023-12-04,seller_A,C1031,서울,강서구,1.0,0.0,노지감귤 10kg,전단지
2023,2023-12-01,2023-12-04,seller_A,C1032,경기,파주시,1.0,0.0,노지감귤 10kg,
2023,2023-12-01,2023-12-04,seller_A,C1032,경기,파주시,1.0,0.0,노지감귤 10kg,
2023,2023-12-01,2023-12-04,seller_A,C0052,경기,의정부시,1.0,0.0,노지감귤 10kg,
2023,2023-12-01,2023-12-04,seller_A,C1033,충북,청주시,1.0,0.0,노지감귤 10kg,수요일
2023,2023-12-01,2023-12-05,seller_A,C1034,서울,금천구,1.0,0.0,노지감귤 10kg,
2023,2023-12-01,2023-12-05,seller_A,C1035,서울,종로구,1.0,0.0,노지감귤 10kg,
2023,2023-12-01,2023-12-05,seller_A,C1036,서울,동작구,1.0,0.0,노지감귤 10kg,
2023,2023-12-01,2023-12-05,seller_A,C1037,경기,평택시,1.0,0.0,노지감귤 10kg,
2023,2023-12-01,2023-12-05,seller_A,C1038,서울,성북구,1.0,0.0,노지감귤 10kg,
2023,2023-12-01,2023-12-05,seller_A,C1039,충남,예신군,0.0,1.0,노지감귤 5kg,
2023,2023-12-01,2023-12-05,seller_A,C1040,경기,수원시,1.0,0.0,노지감귤 10kg,
2023,2023-12-01,2023-12-05,seller_A,C0018,경기,구리시,1.0,0.0,노지감귤 10kg,
2023,2023-12-01,2023-12-05,seller_A,C0075,서울,도봉구,1.0,0.0,노지감귤 10kg,
2023,2023-12-01,2023-12-05,seller_A,C1041,인천,계양구,1.0,0.0,노지감귤 10kg,
2023,2023-12-01,2023-12-05,seller_A,C1042,강원,태백시,2.0,0.0,노지감귤 10kg,
2023,2023-12-02,2023-12-05,seller_A,C0188,서울,영등포구,1.0,0.0,노지감귤 10kg,
2023,2023-12-02,2023-12-05,seller_A,C1043,서울,서대문구,1.0,0.0,노지감귤 10kg,
2023,2023-12-02,2023-12-05,seller_A,C1044,서울,서대문구,1.0,0.0,노지감귤 10kg,
2023,2023-12-02,2023-12-05,seller_A,C1045,전남,영암군,1.0,0.0,노지감귤 10kg,
2023,2023-12-02,2023-12-05,seller_A,C0846,경기,파주시,1.0,0.0,노지감귤 10kg,
2023,2023-12-02,2023-12-05,seller_A,C0064,서울,도봉구,1.0,0.0,노지감귤 10kg,
2023,2023-12-02,2023-12-05,seller_A,C1046,강원,동해시,1.0,0.0,노지감귤 10kg,
2023,2023-12-03,2023-12-06,seller_A,C0162,제주,용담로,1.0,0.0,노지감귤 10kg,
2023,2023-12-03,2023-12-06,seller_A,C1047,서울,동대문구,1.0,0.0,노지감귤 10kg,
2023,2023-12-03,2023-12-06,seller_A,C1048,서울,성남시,1.0,0.0,노지감귤 10kg,
2023,2023-12-03,2023-12-06,seller_A,C1049,서울,성동구,1.0,0.0,노지감귤 10kg,
2023,2023-12-03,2023-12-06,seller_A,C0467,경기,고양시,1.0,0.0,노지감귤 10kg,
2023,2023-12-03,2023-12-06,seller_A,C1050,경기,남양주시,1.0,0.0,노지감귤 10kg,
2023,2023-12-03,2023-12-06,seller_A,C1051,서울,강서구,1.0,0.0,노지감귤 10kg,
2023,2023-12-03,2023-12-06,seller_A,C1052,서울,송파구,1.0,0.0,노지감귤 10kg,
2023,2023-12-03,2023-12-06,seller_A,C0168,경북,포항시,1.0,0.0,노지감귤 10kg,
2023,2023-12-03,2023-12-06,seller_A,C0169,충남,천안시,1.0,0.0,노지감귤 10kg,
2023,2023-12-03,2023-12-06,seller_A,C0171,부산,북구,1.0,0.0,노지감귤 10kg,
2023,2023-12-03,2023-12-06,seller_A,C0170,경남,김해시,1.0,0.0,노지감귤 10kg,
2023,2023-12-03,2023-12-06,seller_A,C0950,서울,성북구,1.0,0.0,노지감귤 10kg,
2023,2023-12-03,2023-12-06,seller_A,C1053,서울,중구,1.0,0.0,노지감귤 10kg,
2023,2023-12-03,2023-12-06,seller_A,C1054,충남,공주시,1.0,0.0,노지감귤 10kg,
2023,2023-12-03,2023-12-06,seller_A,C0066,부산,수영구,1.0,0.0,노지감귤 10kg,
2023,2023-12-03,2023-12-06,seller_A,C0427,서울,도봉구,1.0,0.0,노지감귤 10kg,
2023,2023-12-03,2023-12-06,seller_A,C1055,대구,수성구,1.0,0.0,노지감귤 10kg,
2023,2023-12-03,2023-12-06,seller_A,C1056,경기,용인시,1.0,0.0,노지감귤 10kg,
2023,2023-12-04,2023-12-06,seller_A,C0062,서울,동작구,2.0,0.0,노지감귤 10kg,김연희3
2023,2023-12-04,2023-12-07,seller_A,C1057,서울,중구,1.0,0.0,노지감귤 10kg,
2023,2023-12-04,2023-12-07,seller_A,C1058,전북,군산시,1.0,0.0,노지감귤 10kg,
2023,2023-12-04,2023-12-07,seller_A,C0021,경기,용인시,2.0,0.0,노지감귤 10kg,
2023,2023-12-04,2023-12-07,seller_A,C0347,서울,영등포구,1.0,0.0,노지감귤 10kg,
2023,2023-12-04,2023-12-07,seller_A,C0240,서울,노원구,1.0,0.0,노지감귤 10kg,
2023,2023-12-04,2023-12-07,seller_A,C1059,서울,노원구,1.0,0.0,노지감귤 10kg,
2023,2023-12-04,2023-12-07,seller_A,C0008,서울,성북구,1.0,0.0,노지감귤 10kg,
2023,2023-12-04,2023-12-07,seller_A,C1060,경북,청송군,1.0,0.0,노지감귤 10kg,
2023,2023-12-04,2023-12-07,seller_A,C1061,서울,서대문구,1.0,0.0,노지감귤 10kg,
2023,2023-12-04,2023-12-07,seller_A,C1062,세종,세종,1.0,0.0,노지감귤 10kg,
2023,2023-12-04,2023-12-07,seller_A,C1063,서울,강북구,2.0,0.0,노지감귤 10kg,
2023,2023-12-05,2023-12-07,seller_A,C0035,경기,성남시,1.0,0.0,노지감귤 10kg,김연희4
2023,2023-12-05,2023-12-07,seller_A,C1064,서울,서초구,1.0,0.0,노지감귤 10kg,
2023,2023-12-05,2023-12-07,seller_A,C1065,서울,강남구,1.0,0.0,노지감귤 10kg,
2023,2023-12-05,2023-12-07,seller_A,C1066,부산,남구,1.0,0.0,노지감귤 10kg,
2023,2023-12-05,2023-12-07,seller_A,C1067,서울,도봉구,1.0,0.0,노지감귤 10kg,
2023,2023-12-05,2023-12-07,seller_A,C1068,서울,강남구,1.0,0.0,노지감귤 10kg,
2023,2023-12-05,2023-12-07,seller_A,C0500,서울,도봉구,1.0,0.0,노지감귤 10kg,
2023,2023-12-05,2023-12-07,seller_A,C1069,서울,마포구,1.0,0.0,노지감귤 10kg,
2023,2023-12-05,2023-12-07,seller_A,C1070,경기,용인시,1.0,0.0,노지감귤 10kg,
2023,2023-12-05,2023-12-07,seller_A,C0940,서울,강남구,1.0,0.0,노지감귤 10kg,
2023,2023-12-05,2023-12-07,seller_A,C0031,서울,도봉구,1.0,0.0,노지감귤 10kg,
2023,2023-12-05,2023-12-07,seller_A,C0983,경기,용인시,2.0,0.0,노지감귤 10kg,
2023,2023-12-06,2023-12-10,seller_A,C0805,경기,광주시,1.0,0.0,노지감귤 10kg,
2023,2023-12-06,2023-12-10,seller_A,C1071,경기,수원시,1.0,0.0,노지감귤 10kg,
2023,2023-12-06,2023-12-10,seller_A,C1072,인천,남동구,1.0,0.0,노지감귤 10kg,
2023,2023-12-07,2023-12-10,seller_A,C0016,경기,의정부시,1.0,0.0,노지감귤 10kg,
2023,2023-12-07,2023-12-10,seller_A,C0094,경기,의정부시,1.0,0.0,노지감귤 10kg,
2023,2023-12-07,2023-12-10,seller_A,C0216,인천,연수구,2.0,0.0,노지감귤 10kg,왕다마
2023,2023-12-07,2023-12-10,seller_A,C1073,경북,안동시,1.0,0.0,노지감귤 10kg,
2023,2023-12-07,2023-12-10,seller_A,C1074,경기,수원시,1.0,0.0,노지감귤 10kg,
2023,2023-12-08,2023-12-10,seller_A,C0031,서울,도봉구,1.0,0.0,노지감귤 10kg,
2023,2023-12-08,2023-12-10,seller_A,C1075,경기,수원시,1.0,0.0,노지감귤 10kg,
2023,2023-12-08,2023-12-10,seller_A,C1076,서울,중구,1.0,0.0,노지감귤 10kg,
2023,2023-12-08,2023-12-10,seller_A,C1077,서울,동대문구,1.0,0.0,노지감귤 10kg,
2023,2023-12-08,2023-12-10,seller_A,C1078,경기,부천시,1.0,0.0,노지감귤 10kg,
2023,2023-12-08,2023-12-10,seller_A,C1079,경기,화성시,1.0,0.0,노지감귤 10kg,
2023,2023-12-08,2023-12-10,seller_A,C1080,경기,평택시,1.0,0.0,노지감귤 10kg,
2023,2023-12-08,2023-12-10,seller_A,C1081,경기,남양주시,1.0,0.0,노지감귤 10kg,
2023,2023-12-08,2023-12-10,seller_A,C0502,경기,용인시,1.0,0.0,노지감귤 10kg,
2023,2023-12-09,2023-12-10,seller_A,C1082,경기,화성시,1.0,0.0,노지감귤 10kg,
2023,2023-12-11,2023-12-13,seller_A,C0215,경기,용인시,2.0,0.0,노지감귤 10kg,
2023,2023-12-11,2023-12-13,seller_A,C0106,서울,서초구,1.0,0.0,노지감귤 10kg,
2023,2023-12-11,2023-12-13,seller_A,C0064,서울,도봉구,1.0,0.0,노지감귤 10kg,
2023,2023-12-11,2023-12-13,seller_A,C0010,서울,성동구,1.0,0.0,노지감귤 10kg,
2023,2023-12-11,2023-12-13,seller_A,C0006,서울,도봉구,1.0,0.0,노지감귤 10kg,
2023,2023-12-11,2023-12-13,seller_A,C0018,경기,구리시,1.0,0.0,노지감귤 10kg,
2023,2023-12-11,2023-12-13,seller_A,C0365,서울,강북구,2.0,0.0,노지감귤 10kg,
2023,2023-12-11,2023-12-13,seller_A,C0217,경기,광주시,1.0,0.0,노지감귤 10kg,
2023,2023-12-12,2023-12-13,seller_A,C0141,경기,의왕시,1.0,0.0,노지감귤 10kg,
2023,2023-12-12,2023-12-13,seller_A,C0142,서울,강서구,1.0,0.0,노지감귤 10kg,
2023,2023-12-12,2023-12-13,seller_A,C0139,인천,서구,1.0,0.0,노지감귤 10kg,
2023,2023-12-12,2023-12-13,seller_A,C1083,서울,구로구,1.0,0.0,노지감귤 10kg,
2023,2023-12-12,2023-12-13,seller_A,C1084,서울,강서구,1.0,0.0,노지감귤 10kg,
2023,2023-12-12,2023-12-13,seller_A,C0084,서울,양천구,1.0,0.0,노지감귤 10kg,
2023,2023-12-12,2023-12-13,seller_A,C0144,서울,도봉구,1.0,0.0,노지감귤 10kg,
2023,2023-12-12,2023-12-13,seller_A,C1043,서울,서대문구,1.0,0.0,노지감귤 10kg,
2023,2023-12-12,2023-12-13,seller_A,C1085,경기,고양시,1.0,0.0,노지감귤 10kg,
2023,2023-12-12,2023-12-13,seller_A,C0085,서울,관악구,1.0,0.0,노지감귤 10kg,
2023,2023-12-12,2023-12-13,seller_A,C1086,서울,송파구,1.0,0.0,노지감귤 10kg,
2023,2023-12-12,2023-12-13,seller_A,C1087,서울,송파구,1.0,0.0,노지감귤 10kg,
2023,2023-12-12,2023-12-13,seller_A,C1067,서울,도봉구,1.0,0.0,노지감귤 10kg,
2023,2023-12-12,2023-12-13,seller_A,C1065,서울,강남구,1.0,0.0,노지감귤 10kg,
2023,2023-12-12,2023-12-13,seller_A,C1088,서울,영등포구,1.0,0.0,노지감귤 10kg,
2023,2023-12-12,2023-12-13,seller_A,C0950,서울,성북구,1.0,0.0,노지감귤 10kg,
2023,2023-12-12,2023-12-13,seller_A,C1089,인천,연수구,1.0,0.0,노지감귤 10kg,
2023,2023-12-12,2023-12-13,seller_A,C1090,경기,고양시,2.0,0.0,노지감귤 10kg,
2023,2023-12-12,2023-12-13,seller_A,C0008,서울,성북구,1.0,0.0,노지감귤 10kg,
2023,2023-12-12,2023-12-13,seller_A,C1091,대전,서구,0.0,1.0,노지감귤 5kg,추가
2023,2023-12-13,2023-12-16,seller_A,C1092,충북,충주시,1.0,0.0,노지감귤 10kg,
2023,2023-12-13,2023-12-16,seller_A,C1093,경기,하남시,1.0,0.0,노지감귤 10kg,
2023,2023-12-13,2023-12-16,seller_A,C0065,서울,용산구,1.0,0.0,노지감귤 10kg,
2023,2023-12-13,2023-12-16,seller_A,C1094,경기,수원시,1.0,0.0,노지감귤 10kg,
2023,2023-12-13,2023-12-16,seller_A,C0952,경기,부천시,1.0,0.0,노지감귤 10kg,
2023,2023-12-14,2023-12-16,seller_A,C1095,인천,부평구,2.0,0.0,노지감귤 10kg,
2023,2023-12-14,2023-12-16,seller_A,C1096,경기,광주시,1.0,0.0,노지감귤 10kg,
2023,2023-12-14,2023-12-16,seller_A,C1097,경기,김포시,1.0,0.0,노지감귤 10kg,
2023,2023-12-14,2023-12-16,seller_A,C1098,경북,포항시,1.0,0.0,노지감귤 10kg,
2023,2023-12-14,2023-12-16,seller_A,C1099,서울,영등포구,1.0,0.0,노지감귤 10kg,
2023,2023-12-14,2023-12-16,seller_A,C1100,경북,포항시,1.0,0.0,노지감귤 10kg,
2023,2023-12-14,2023-12-16,seller_A,C0035,경기,성남시,1.0,0.0,노지감귤 10kg,
2023,2023-12-14,2023-12-16,seller_A,C0182,경기,고양시,1.0,0.0,노지감귤 10kg,
2023,2023-12-14,2023-12-16,seller_A,C0074,서울,송파구,1.0,0.0,노지감귤 10kg,
2023,2023-12-14,2023-12-16,seller_A,C0251,경기,고양시,1.0,0.0,노지감귤 10kg,
2023,2023-12-15,2023-12-16,seller_A,C0389,서울,도봉구,1.0,0.0,노지감귤 10kg,
2023,2023-12-15,2023-12-16,seller_A,C0002,서울,도봉구,1.0,0.0,노지감귤 10kg,
2023,2023-12-15,2023-12-16,seller_A,C1101,서울,도봉구,1.0,0.0,노지감귤 10kg,
2023,2023-12-15,2023-12-16,seller_A,C0388,서울,도봉구,1.0,0.0,노지감귤 10kg,
2023,2023-12-15,2023-12-16,seller_A,C0055,서울,도봉구,1.0,0.0,노지감귤 10kg,
2023,2023-12-15,2023-12-16,seller_A,C0846,경기,파주시,1.0,0.0,노지감귤 10kg,
2023,2023-12-15,2023-12-16,seller_A,C0821,경기,수원시,1.0,0.0,노지감귤 10kg,
2023,2023-12-15,2023-12-16,seller_A,C0986,경기,용인시,1.0,0.0,노지감귤 10kg,
2023,2023-12-15,2023-12-16,seller_A,C0987,경기,용인시,1.0,0.0,노지감귤 10kg,
2023,2023-12-15,2023-12-16,seller_A,C0983,경기,용인시,1.0,0.0,노지감귤 10kg,
2023,2023-12-15,2023-12-16,seller_A,C0219,경기,남양주시,1.0,0.0,노지감귤 10kg,
2023,2023-12-15,2023-12-16,seller_A,C1102,경기,용인시,1.0,0.0,노지감귤 10kg,
2023,2023-12-15,2023-12-16,seller_A,C0034,서울,도봉구,1.0,0.0,노지감귤 10kg,
2023,2023-12-15,2023-12-16,seller_A,C0940,서울,강남구,0.0,1.0,노지감귤 5kg,
2023,2023-12-15,2023-12-16,seller_A,C0696,서울,동작구,1.0,0.0,노지감귤 10kg,
2023,2023-12-15,2023-12-16,seller_A,C0469,경기,김포시,1.0,0.0,노지감귤 10kg,
2023,2023-12-15,2023-12-16,seller_A,C0260,경기,고양시,1.0,0.0,노지감귤 10kg,
2023,2023-12-15,2023-12-16,seller_A,C0020,경기,수원시,1.0,0.0,노지감귤 10kg,
2023,2023-12-15,2023-12-16,seller_A,C1102,경기,용인시,1.0,0.0,노지감귤 10kg,
2023,2023-12-15,2023-12-16,seller_A,C0058,서울,도봉구,1.0,0.0,노지감귤 10kg,
2023,2023-12-15,2023-12-16,seller_A,C0392,,,0.0,0.0,,
2023,2023-12-15,2023-12-16,seller_A,C0178,,,0.0,0.0,,
2023,2023-12-18,2023-12-19,seller_A,C0214,경기,고양시,1.0,0.0,노지감귤 10kg,
2023,2023-12-18,2023-12-19,seller_A,C0935,경기,김포시,1.0,0.0,노지감귤 10kg,
2023,2023-12-18,2023-12-19,seller_A,C1013,서울,동소문로,1.0,0.0,노지감귤 10kg,왕
2023,2023-12-18,2023-12-19,seller_A,C1106,부산,북구,1.0,0.0,노지감귤 10kg,왕
2023,2023-12-18,2023-12-19,seller_A,C0340,경기,남양주시,1.0,0.0,노지감귤 10kg,왕
2023,2023-12-18,2023-12-19,seller_A,C0045,서울,양천구,1.0,0.0,노지감귤 10kg,왕
2023,2023-12-18,2023-12-19,seller_A,C0382,경남,거제시,1.0,0.0,노지감귤 10kg,왕
2023,2023-12-18,2023-12-19,seller_A,C0062,서울,동작구,2.0,0.0,노지감귤 10kg,왕
2023,2023-12-18,2023-12-19,seller_A,C0179,충북,청주시,0.0,1.0,노지감귤 5kg,
2023,2023-12-19,2023-12-20,seller_A,C1107,서울,송파구,1.0,0.0,노지감귤 10kg,
2023,2023-12-19,2023-12-20,seller_A,C1108,인천,서구,1.0,0.0,노지감귤 10kg,
2023,2023-12-19,2023-12-20,seller_A,C0004,서울,종로구,1.0,0.0,노지감귤 10kg,
2023,2023-12-19,2023-12-20,seller_A,C0392,경기,양주시,1.0,0.0,노지감귤 10kg,
2023,2023-12-19,2023-12-20,seller_A,C0393,충남,공주시,1.0,0.0,노지감귤 10kg,
2023,2023-12-19,2023-12-20,seller_A,C0400,대전,유성구,1.0,0.0,노지감귤 10kg,
2023,2023-12-19,2023-12-20,seller_A,C1109,충남,공주시,1.0,0.0,노지감귤 10kg,
2023,2023-12-19,2023-12-20,seller_A,C0222,제주,충효길,1.0,0.0,노지감귤 10kg,
2023,2023-12-19,2023-12-20,seller_A,C0215,경기,용인시,2.0,0.0,노지감귤 10kg,
2023,2023-12-19,2023-12-20,seller_A,C0039,경기,김포시,1.0,0.0,노지감귤 10kg,
2023,2023-12-19,2023-12-20,seller_A,C0950,서울,성북구,1.0,0.0,노지감귤 10kg,
2023,2023-12-20,2023-12-21,seller_A,C0263,서울,성동구,1.0,0.0,노지감귤 10kg,
2023,2023-12-20,2023-12-21,seller_A,C0919,경기,김포시,1.0,0.0,노지감귤 10kg,
2023,2023-12-20,2023-12-21,seller_A,C0427,서울,도봉구,1.0,0.0,노지감귤 10kg,
2023,2023-12-20,2023-12-21,seller_A,C0425,전남,해남군,2.0,0.0,노지감귤 10kg,
2023,2023-12-21,2023-12-25,seller_A,C0121,세종,세종,1.0,0.0,노지감귤 10kg,
2023,2023-12-21,2023-12-25,seller_A,C1032,경기,파주시,2.0,0.0,노지감귤 10kg,
2023,2023-12-21,2023-12-25,seller_A,C1062,세종,세종,1.0,0.0,노지감귤 10kg,
2023,2023-12-21,2023-12-25,seller_A,C1102,경기,용인시,2.0,0.0,노지감귤 10kg,
2023,2023-12-21,2023-12-25,seller_A,C1110,경기,의왕시,1.0,0.0,노지감귤 10kg,
2023,2023-12-21,2023-12-25,seller_A,C0846,경기,파주시,1.0,0.0,노지감귤 10kg,
2023,2023-12-21,2023-12-25,seller_A,C0983,경기,용인시,1.0,0.0,노지감귤 10kg,
2023,2023-12-21,2023-12-25,seller_A,C0084,서울,양천구,1.0,0.0,노지감귤 10kg,
2023,2023-12-21,2023-12-25,seller_A,C0064,서울,도봉구,1.0,0.0,노지감귤 10kg,
2023,2023-12-21,2023-12-25,seller_A,C0066,부산,수영구,1.0,0.0,노지감귤 10kg,
2023,2023-12-21,2023-12-25,seller_A,C1111,경기,평택시,1.0,0.0,노지감귤 10kg,
2023,2024-01-08,2024-01-09,seller_A,C0258,서울,은평구,1.0,0.0,노지감귤 10kg,
2023,2024-01-08,2024-01-09,seller_A,C0289,경기,고양시,2.0,0.0,노지감귤 10kg,
2023,2024-01-08,2024-01-09,seller_A,C0463,경기,고양시,1.0,0.0,노지감귤 10kg,
2023,2024-01-08,2024-01-09,seller_A,C0999,경기,고양시,1.0,0.0,노지감귤 10kg,
2023,2024-01-08,2024-01-09,seller_A,C0875,경북,구미시,1.0,0.0,노지감귤 10kg,
2023,2024-01-08,2024-01-09,seller_A,C0994,서울,관악구,1.0,0.0,노지감귤 10kg,
2023,2024-01-08,2024-01-09,seller_A,C0877,경기,안산시,1.0,0.0,노지감귤 10kg,
2023,2024-01-08,2024-01-09,seller_A,C0997,경기,안산시,1.0,0.0,노지감귤 10kg,
2023,2024-01-08,2024-01-09,seller_A,C0469,경기,김포시,1.0,0.0,노지감귤 10kg,
2023,2024-01-08,2024-01-09,seller_A,C0020,경기,수원시,1.0,0.0,노지감귤 10kg,
2023,2024-01-08,2024-01-09,seller_A,C1112,제주,연화로,1.0,0.0,노지감귤 10kg,
2023,2024-01-08,2024-01-09,seller_A,C0465,서울,중랑구,3.0,0.0,노지감귤 10kg,
2023,2024-01-08,2024-01-09,seller_A,C0496,경기,남양주시,1.0,0.0,노지감귤 10kg,
2023,2024-01-08,2024-01-09,seller_A,C1077,서울,동대문구,4.0,0.0,노지감귤 10kg,
2023,2024-01-08,2024-01-09,seller_A,C1076,서울,중구,2.0,0.0,노지감귤 10kg,
2023,2024-01-08,2024-01-09,seller_A,C1113,경기,화성시,1.0,0.0,노지감귤 10kg,
2023,2024-01-08,2024-01-11,seller_A,C1114,경남,창원시,2.0,0.0,노지감귤 10kg,
2023,2024-01-10,2024-01-11,seller_A,C0509,서울,중랑구,1.0,0.0,노지감귤 10kg,
2023,2024-01-10,2024-01-11,seller_A,C0464,경기,광명시,1.0,0.0,노지감귤 10kg,
2023,2024-01-10,2024-01-11,seller_A,C0466,경기,군포시,1.0,0.0,노지감귤 10kg,
2023,2024-01-10,2024-01-11,seller_A,C0020,경기,수원시,1.0,0.0,노지감귤 10kg,
2023,2024-01-10,2024-01-11,seller_A,C0388,서울,도봉구,1.0,0.0,노지감귤 10kg,
2023,2024-01-10,2024-01-11,seller_A,C0065,서울,용산구,1.0,0.0,노지감귤 10kg,
2023,2024-01-10,2024-01-11,seller_A,C0066,부산,수영구,1.0,0.0,노지감귤 10kg,
2023,2024-01-10,2024-01-11,seller_A,C0064,서울,도봉구,2.0,0.0,노지감귤 10kg,
2023,2024-01-10,2024-01-11,seller_A,C0510,서울,노원구,2.0,0.0,노지감귤 10kg,
2023,2024-01-10,2024-01-11,seller_A,C0877,경기,안산시,1.0,0.0,노지감귤 10kg,
2023,2024-01-10,2024-01-11,seller_A,C1115,대구,북구,1.0,0.0,노지감귤 10kg,
2023,2023-11-20,2023-11-21,seller_B,C0827,서울,도봉구,1.0,0.0,노지감귤 10kg,
2023,2023-11-20,2023-11-21,seller_B,C0628,서울,서초구,1.0,0.0,노지감귤 10kg,
2023,2023-11-20,2023-11-21,seller_B,C1116,서울,마포구,1.0,0.0,노지감귤 10kg,
2023,2023-11-20,2023-11-21,seller_B,C1117,서울,중구,1.0,0.0,노지감귤 10kg,
2023,2023-11-20,2023-11-21,seller_B,C1118,서울,광진구,1.0,0.0,노지감귤 10kg,
2023,2023-11-20,2023-11-21,seller_B,C1119,서울,서대문구,1.0,0.0,노지감귤 10kg,
2023,2023-11-20,2023-11-21,seller_B,C0549,전남,구례군,1.0,0.0,노지감귤(10Kg),
2023,2023-11-20,2023-11-21,seller_B,C1120,서울,노원구,1.0,0.0,노지감귤 10kg,
2023,2023-11-20,2023-11-21,seller_B,C0677,경기,성남시,2.0,0.0,노지감귤 10kg,
2023,2023-11-20,2023-11-21,seller_B,C1121,전남,순천시,1.0,0.0,노지감귤 10kg,
2023,2023-11-20,2023-11-21,seller_B,C1122,인천,서구,1.0,0.0,노지감귤 10kg,
2023,2023-11-20,2023-11-21,seller_B,C0742,서울,강동구,1.0,0.0,노지감귤 10kg,
2023,2023-11-20,2023-11-21,seller_B,C1123,경기,수원시,1.0,0.0,노지감귤 10kg,
2023,2023-11-20,2023-11-21,seller_B,C1124,경기,하남시,1.0,0.0,노지감귤 10kg,
2023,2023-11-20,2023-11-22,seller_B,C0811,서울,광진구,1.0,0.0,노지감귤 10kg,
2023,2023-11-20,2023-11-22,seller_B,C0565,서울,성북구,1.0,0.0,노지감귤 10kg,
2023,2023-11-20,2023-11-22,seller_B,C0671,경기,화성시,1.0,0.0,노지감귤(10kg),
2023,2023-11-20,2023-11-22,seller_B,C0672,대구,북구,1.0,0.0,노지감귤(10kg),
2023,2023-11-20,2023-11-22,seller_B,C0673,대구,북구,1.0,0.0,노지감귤(10kg),
2023,2023-11-20,2023-11-22,seller_B,C0674,경북,경산시,1.0,0.0,노지감귤(10kg),
2023,2023-11-20,2023-11-22,seller_B,C0675,대구,동구,1.0,0.0,노지감귤(10kg),
2023,2023-11-20,2023-11-22,seller_B,C0670,서울,강북구,1.0,0.0,노지감귤(10kg),
2023,2023-11-20,2023-11-22,seller_B,C0864,경기,하남시,1.0,0.0,노지감귤(10kg),
2023,2023-11-20,2023-11-22,seller_B,C0670,경기,양주시,1.0,0.0,노지감귤(10kg),
2023,2023-11-20,2023-11-22,seller_B,C0670,서울,강북구,1.0,0.0,노지감귤(10kg),
2023,2023-11-20,2023-11-22,seller_B,C0865,서울,강서구,1.0,0.0,노지감귤(10kg),
2023,2023-11-20,2023-11-22,seller_B,C0670,서울,광진구,1.0,0.0,노지감귤(10kg),
2023,2023-11-20,2023-11-22,seller_B,C0866,서울,양천구,1.0,0.0,노지감귤(10kg),
2023,2023-11-20,2023-11-22,seller_B,C0868,서울,광진구,1.0,0.0,노지감귤(10kg),
2023,2023-11-20,2023-11-22,seller_B,C1125,경기,안산시,1.0,0.0,노지감귤 10kg,
2023,2023-11-20,2023-11-22,seller_B,C1126,충남,서산시,1.0,0.0,노지감귤 10kg,
2023,2023-11-20,2023-11-22,seller_B,C1127,충남,태안군,1.0,0.0,노지감귤 10kg,
2023,2023-11-20,2023-11-22,seller_B,C1128,충남,태안군,1.0,0.0,노지감귤 10kg,
2023,2023-11-20,2023-11-22,seller_B,C1129,경기,군포시,1.0,0.0,노지감귤 10kg,
2023,2023-11-20,2023-11-22,seller_B,C0669,경기,하남시,1.0,0.0,노지감귤 10kg,
2023,2023-11-20,2023-11-22,seller_B,C1130,서울,도봉구,1.0,0.0,노지감귤 10kg,
2023,2023-11-20,2023-11-22,seller_B,C0573,서울,노원구,1.0,0.0,노지감귤 10kg,
2023,2023-11-20,2023-11-22,seller_B,C0574,서울,노원구,1.0,0.0,노지감귤 10kg,
2023,2023-11-20,2023-11-22,seller_B,C0575,경기,일산시,1.0,0.0,노지감귤 10kg,
2023,2023-11-20,2023-11-22,seller_B,C0576,서울,강동구,1.0,0.0,노지감귤 10kg,
2023,2023-11-20,2023-11-22,seller_B,C0577,서울,서초구,1.0,0.0,노지감귤 10kg,
2023,2023-11-20,2023-11-22,seller_B,C0578,서울,서초구,1.0,0.0,노지감귤 10kg,
2023,2023-11-20,2023-11-22,seller_B,C0579,서울,성동구,1.0,0.0,노지감귤 10kg,
2023,2023-11-20,2023-11-22,seller_B,C0580,경기,고양시,1.0,0.0,노지감귤 10kg,
2023,2023-11-20,2023-11-22,seller_B,C0581,서울,서초구,1.0,0.0,노지감귤 10kg,
2023,2023-11-20,2023-11-22,seller_B,C0582,경기,하남시,1.0,0.0,노지감귤 10kg,
2023,2023-11-20,2023-11-22,seller_B,C0583,경기,고양시,1.0,0.0,노지감귤 10kg,
2023,2023-11-21,2023-11-22,seller_B,C1131,서울,종로구,0.0,2.0,노지감귤 5kg,
2023,2023-11-21,2023-11-22,seller_B,C1132,경기,동두천시,0.0,1.0,노지감귤 5kg,
2023,2023-11-21,2023-11-22,seller_B,C1133,서울,성북구,0.0,1.0,노지감귤 5kg,
2023,2023-11-21,2023-11-22,seller_B,C1134,경기,광주시,1.0,0.0,노지감귤 10kg,
2023,2023-11-21,2023-11-22,seller_B,C0564,경기,오산시,0.0,1.0,노지감귤 5kg,
2023,2023-11-21,2023-11-22,seller_B,C0562,경기,성남시,1.0,0.0,노지감귤 10kg,
2023,2023-11-21,2023-11-22,seller_B,C1135,부산,영도구,0.0,1.0,노지감귤 5kg,
2023,2023-11-21,2023-11-23,seller_B,C0568,서울,송파구,1.0,0.0,노지감귤(10kg),
2023,2023-11-21,2023-11-23,seller_B,C1136,경기,가평군,1.0,0.0,노지감귤(10kg),
2023,2023-11-21,2023-11-23,seller_B,C0569,서울,영등포구,2.0,0.0,노지감귤(10kg),
2023,2023-11-21,2023-11-23,seller_B,C0570,서울,관악구,2.0,0.0,노지감귤(10kg),
2023,2023-11-21,2023-11-23,seller_B,C0571,서울,강서구,2.0,0.0,노지감귤(10kg),
2023,2023-11-21,2023-11-23,seller_B,C0572,대구,달서구,2.0,0.0,노지감귤(10kg),
2023,2023-11-22,2023-11-23,seller_B,C1137,경북,안동시,1.0,0.0,노지감귤(10kg),
2023,2023-11-22,2023-11-23,seller_B,C1138,경기,광명시,1.0,0.0,노지감귤 10kg,
2023,2023-11-22,2023-11-23,seller_B,C1139,서울,강동구,1.0,0.0,노지감귤 10kg,
2023,2023-11-22,2023-11-23,seller_B,C0834,경기,과천시,1.0,0.0,노지감귤 10kg,
2023,2023-11-22,2023-11-23,seller_B,C0834,서울,중구,0.0,1.0,노지감귤 5kg,
2023,2023-11-22,2023-11-24,seller_B,C0870,경기,안양시,1.0,0.0,노지감귤 10kg,
2023,2023-11-22,2023-11-24,seller_B,C1079,경기,화성시,1.0,0.0,노지감귤 10kg,
2023,2023-11-23,2023-11-24,seller_B,C0650,서울,구로구,1.0,0.0,노지감귤 10kg,
2023,2023-11-23,2023-11-24,seller_B,C1140,인천,연수구,1.0,0.0,노지감귤 10kg,
2023,2023-11-23,2023-11-24,seller_B,C0692,경기,광명시,1.0,0.0,노지감귤 10kg,
2023,2023-11-23,2023-11-24,seller_B,C0694,서울,강서구,1.0,0.0,노지감귤 10kg,
2023,2023-11-23,2023-11-24,seller_B,C0695,서울,구로구,1.0,0.0,노지감귤 10kg,
2023,2023-11-23,2023-11-24,seller_B,C1141,서울,광진구,1.0,0.0,노지감귤 10kg,
2023,2023-11-23,2023-11-24,seller_B,C1142,서울,용산구,1.0,0.0,노지감귤 10kg,
2023,2023-11-23,2023-11-24,seller_B,C1143,경기,수원시,1.0,0.0,노지감귤 10kg,
2023,2023-11-23,2023-11-24,seller_B,C1144,경기,수원시,1.0,0.0,노지감귤 10kg,
2023,2023-11-23,2023-11-24,seller_B,C1145,경기,수원시,1.0,0.0,노지감귤 10kg,
2023,2023-11-23,2023-11-24,seller_B,C1146,경기,오산시,1.0,0.0,노지감귤 10kg,
2023,2023-11-23,2023-11-24,seller_B,C1147,서울,도봉구,1.0,0.0,노지감귤 10kg,
2023,2023-11-23,2023-11-24,seller_B,C1148,경기,화성시,1.0,0.0,노지감귤 10kg,
2023,2023-11-23,2023-11-24,seller_B,C1149,인천,계양구,1.0,0.0,노지감귤 10kg,
2023,2023-11-23,2023-11-24,seller_B,C1150,서울,광진구,1.0,0.0,노지감귤 10kg,
2023,2023-11-23,2023-11-24,seller_B,C1151,경기,안양시,1.0,0.0,노지감귤 10kg,
2023,2023-11-23,2023-11-24,seller_B,C1152,경기,용인시,1.0,0.0,노지감귤 10kg,
2023,2023-11-23,2023-11-27,seller_B,C0691,전남,여수시,1.0,0.0,노지감귤 10kg,
2023,2023-11-23,2023-11-27,seller_B,C0693,경북,의성군,1.0,0.0,노지감귤 10kg,
2023,2023-11-24,2023-11-27,seller_B,C1153,인천,중구,1.0,0.0,노지감귤 10kg,
2023,2023-11-24,2023-11-27,seller_B,C1154,서울,송파구,1.0,0.0,노지감귤 10kg,
2023,2023-11-24,2023-11-27,seller_B,C1155,서울,강남구,1.0,0.0,노지감귤 10kg,
2023,2023-11-24,2023-11-27,seller_B,C0658,경기,성남시,1.0,0.0,노지감귤 10kg,
2023,2023-11-24,2023-11-27,seller_B,C0658,경기,성남시,0.0,1.0,노지감귤 5kg,
2023,2023-11-24,2023-11-27,seller_B,C1156,경기,용인시,1.0,0.0,노지감귤 10kg,
2023,2023-11-24,2023-11-27,seller_B,C0662,경기,광주시,1.0,0.0,노지감귤 10kg,
2023,2023-11-24,2023-11-27,seller_B,C0663,경기,용인시,1.0,0.0,노지감귤 10kg,
2023,2023-11-24,2023-11-27,seller_B,C1157,경기,용인시,1.0,0.0,노지감귤 10kg,
2023,2023-11-24,2023-11-27,seller_B,C1158,경기,용인시,1.0,0.0,노지감귤 10kg,
2023,2023-11-26,2023-11-27,seller_B,C1159,경기,남양주시,1.0,0.0,노지감귤 10kg,
2023,2023-11-26,2023-11-28,seller_B,C0688,광주,광산구,1.0,0.0,노지감귤 10kg,
2023,2023-11-26,2023-11-28,seller_B,C0689,경기,이천시,1.0,0.0,노지감귤 10kg,
2023,2023-11-26,2023-11-28,seller_B,C0689,경기,남양주시,1.0,0.0,노지감귤 10kg,
2023,2023-11-26,2023-11-28,seller_B,C0689,전남,영광군,1.0,0.0,노지감귤 10kg,
2023,2023-11-26,2023-11-28,seller_B,C0690,전남,영광군,1.0,0.0,노지감귤 10kg,
2023,2023-11-26,2023-11-28,seller_B,C0178,경기,성남시,1.0,0.0,노지감귤 10kg,
2023,2023-11-26,2023-11-28,seller_B,C0191,대전,중구,1.0,0.0,노지감귤 10kg,
2023,2023-11-26,2023-11-28,seller_B,C0561,서울,강남,2.0,0.0,노지감귤 10kg,
2023,2023-11-26,2023-11-28,seller_B,C0506,서울,용산구,1.0,0.0,노지감귤 10kg,
2023,2023-11-26,2023-11-28,seller_B,C0218,서울,강서구,1.0,0.0,노지감귤 10kg,
2023,2023-11-26,2023-11-28,seller_B,C1160,경남,함양군,2.0,0.0,노지감귤 10kg,
2023,2023-11-26,2023-11-28,seller_B,C0568,서울,송파구,1.0,0.0,노지감귤 10kg,
2023,2023-11-26,2023-11-28,seller_B,C0630,경기,하남시,1.0,0.0,노지감귤 10kg,
2023,2023-11-26,2023-11-28,seller_B,C0631,서울,강동구,1.0,0.0,노지감귤 10kg,
2023,2023-11-26,2023-11-28,seller_B,C0632,서울,마포구,1.0,0.0,노지감귤 10kg,
2023,2023-11-27,2023-11-28,seller_B,C1161,경기,안산시,1.0,0.0,노지감귤 10kg,
2023,2023-11-27,2023-11-28,seller_B,C1162,서울,성동구,1.0,0.0,노지감귤 10kg,
2023,2023-11-27,2023-11-28,seller_B,C0699,서울,강북구,1.0,0.0,노지감귤 10kg,
2023,2023-11-27,2023-11-28,seller_B,C0699,서울,강동구,1.0,0.0,노지감귤 10kg,
2023,2023-11-27,2023-11-28,seller_B,C0599,서울,강서구,1.0,0.0,노지감귤 10kg,
2023,2023-11-27,2023-11-28,seller_B,C0600,경기,고양시,1.0,0.0,노지감귤 10kg,
2023,2023-11-27,2023-12-03,seller_B,C1163,충북,청주시,1.0,0.0,노지감귤 10kg,
2023,2023-11-27,2023-12-03,seller_B,C0642,서울,중구,1.0,0.0,노지감귤 10kg,
2023,2023-11-27,2023-12-03,seller_B,C0643,경기,화성시,1.0,0.0,노지감귤 10kg,
2023,2023-11-27,2023-12-03,seller_B,C1164,인천,중구,1.0,0.0,노지감귤 10kg,
2023,2023-11-27,2023-12-03,seller_B,C0644,경기,김포시,1.0,0.0,노지감귤 10kg,
2023,2023-11-27,2023-12-03,seller_B,C0575,경기,고양시,1.0,0.0,노지감귤 10kg,
2023,2023-11-27,2023-12-03,seller_B,C1165,경기,화성시,1.0,0.0,노지감귤 10kg,
2023,2023-11-28,2023-12-03,seller_B,C1166,경기,광명시,1.0,0.0,노지감귤 10kg,
2023,2023-11-29,2023-12-03,seller_B,C0780,경기,성남시,1.0,0.0,노지감귤 10kg,
2023,2023-11-29,2023-12-03,seller_B,C1167,경기,안양시,1.0,0.0,노지감귤 10kg,
2023,2023-11-29,2023-12-03,seller_B,C1168,경기,과천시,1.0,0.0,노지감귤 10kg,
2023,2023-11-29,2023-12-03,seller_B,C1169,경기,파주시금천2동997,1.0,0.0,노지감귤 10kg,
2023,2023-11-29,2023-12-03,seller_B,C1170,강원,원주시,1.0,0.0,노지감귤 10kg,
2023,2023-11-29,2023-12-03,seller_B,C1171,강원,정선군,1.0,0.0,노지감귤 10kg,
2023,2023-11-29,2023-12-03,seller_B,C1172,충북,청주시,1.0,0.0,노지감귤 10kg,
2023,2023-11-29,2023-12-03,seller_B,C1173,경기,하남시,1.0,0.0,노지감귤 10kg,
2023,2023-11-29,2023-12-03,seller_B,C1174,서울,강동구,1.0,0.0,노지감귤 10kg,
2023,2023-11-29,2023-12-03,seller_B,C1175,경기,성남시,1.0,0.0,노지감귤 10kg,
2023,2023-11-29,2023-12-03,seller_B,C1176,충북,제천시,1.0,0.0,노지감귤 10kg,
2023,2023-11-30,2023-12-04,seller_B,C0548,경기,용인시,1.0,0.0,노지감귤 10kg,
2023,2023-11-30,2023-12-04,seller_B,C0602,서울,관악구,1.0,0.0,노지감귤(10kg),
2023,2023-11-30,2023-12-04,seller_B,C0606,경기,구리시,1.0,0.0,노지감귤(10kg),
2023,2023-11-30,2023-12-04,seller_B,C0607,경기,부천시,1.0,0.0,노지감귤(10kg),
2023,2023-11-30,2023-12-04,seller_B,C0608,경기,고양시,1.0,0.0,노지감귤(10kg),
2023,2023-11-30,2023-12-04,seller_B,C0609,경기,안양시,1.0,0.0,노지감귤(10kg),
2023,2023-11-30,2023-12-04,seller_B,C1177,서울,영등포구,1.0,0.0,노지감귤(10kg),
2023,2023-11-30,2023-12-04,seller_B,C0637,인천,미추홀구,1.0,0.0,노지감귤(10kg),
2023,2023-11-30,2023-12-04,seller_B,C0636,대전,서구,1.0,0.0,노지감귤(10kg),
2023,2023-11-30,2023-12-04,seller_B,C0870,경기,안양시,2.0,0.0,노지감귤 10kg,
2023,2023-11-30,2023-12-04,seller_B,C1178,인천,연수구,1.0,0.0,노지감귤 10kg,
2023,2023-11-30,2023-12-04,seller_B,C1179,경기,광명시,1.0,0.0,노지감귤 10kg,
2023,2023-11-30,2023-12-04,seller_B,C1180,서울,노원구,1.0,0.0,노지감귤 10kg,
2023,2023-11-30,2023-12-04,seller_B,C1181,경기,고양시,1.0,0.0,노지감귤 10kg,
2023,2023-12-01,2023-12-04,seller_B,C1182,서울,중랑구,1.0,0.0,노지감귤 10kg,
2023,2023-12-01,2023-12-04,seller_B,C1183,서울,광진구,1.0,0.0,노지감귤 10kg,
2023,2023-12-03,2023-12-04,seller_B,C1184,경기,김포시,1.0,0.0,노지감귤 10kg,
2023,2023-12-03,2023-12-04,seller_B,C1185,서울,도봉구,1.0,0.0,노지감귤 10kg,
2023,2023-12-03,2023-12-04,seller_B,C1186,서울,도봉구,1.0,0.0,노지감귤 10kg,
2023,2023-12-03,2023-12-04,seller_B,C1187,서울,도봉구,1.0,0.0,노지감귤 10kg,
2023,2023-12-03,2023-12-06,seller_B,C1144,경기,수원시,1.0,0.0,노지감귤 10kg,
2023,2023-12-03,2023-12-06,seller_B,C1188,경기,평택시,1.0,0.0,노지감귤 10kg,
2023,2023-12-03,2023-12-06,seller_B,C0811,서울,광진구,1.0,0.0,노지감귤 10kg,
2023,2023-12-03,2023-12-06,seller_B,C1189,서울,성북구,1.0,0.0,노지감귤 10kg,
2023,2023-12-04,2023-12-06,seller_B,C1190,경기,안양시,1.0,0.0,노지감귤 10kg,
2023,2023-12-04,2023-12-06,seller_B,C1191,경기,안양시,1.0,0.0,노지감귤 10kg,
2023,2023-12-04,2023-12-06,seller_B,C1192,경기,안양시,1.0,0.0,노지감귤 10kg,
2023,2023-12-04,2023-12-06,seller_B,C1193,서울,강서구,1.0,0.0,노지감귤 10kg,
2023,2023-12-04,2023-12-06,seller_B,C1194,서울,강북구,1.0,0.0,노지감귤 10kg,
2023,2023-12-04,2023-12-06,seller_B,C1195,경기,파주시,1.0,0.0,노지감귤 10kg,
2023,2023-12-04,2023-12-06,seller_B,C1196,인천,동구,1.0,0.0,노지감귤 10kg,
2023,2023-12-04,2023-12-06,seller_B,C0834,경기,과천시,1.0,0.0,노지감귤 10kg,
2023,2023-12-04,2023-12-06,seller_B,C1197,경기,이천시,1.0,0.0,노지감귤 10kg,
2023,2023-12-04,2023-12-06,seller_B,C0689,경기,이천시,1.0,0.0,노지감귤 10kg,
2023,2023-12-04,2023-12-06,seller_B,C1198,경기,광명시,1.0,0.0,노지감귤 10kg,
2023,2023-12-04,2023-12-06,seller_B,C1199,경기,용인시,1.0,0.0,노지감귤 10kg,
2023,2023-12-04,2023-12-06,seller_B,C1200,서울,양천구,1.0,0.0,노지감귤 10kg,
2023,2023-12-04,2023-12-06,seller_B,C1201,서울,구로구,1.0,0.0,노지감귤 10kg,
2023,2023-12-04,2023-12-06,seller_B,C1202,제주,구좌읍,0.0,1.0,노지감귤 5kg,
2023,2023-12-05,2023-12-06,seller_B,C1203,경기,성남시,1.0,0.0,노지감귤 10kg,차영모2
2023,2023-12-05,2023-12-07,seller_B,C0677,경기,성남시,4.0,0.0,노지감귤 10kg,
2023,2023-12-05,2023-12-07,seller_B,C1204,서울,강서구,1.0,0.0,노지감귤 10kg,
2023,2023-12-05,2023-12-07,seller_B,C1205,경기,안양시,3.0,0.0,노지감귤 10kg,
2023,2023-12-05,2023-12-07,seller_B,C1206,경기,파주시,1.0,0.0,노지감귤 10kg,
2023,2023-12-05,2023-12-07,seller_B,C1207,서울,서초구,1.0,0.0,노지감귤 10kg,
2023,2023-12-05,2023-12-07,seller_B,C1208,서울,서초구,2.0,0.0,노지감귤 10kg,
2023,2023-12-05,2023-12-07,seller_B,C1209,서울,서초구,1.0,0.0,노지감귤 10kg,
2023,2023-12-05,2023-12-07,seller_B,C1210,서울,성북구,1.0,0.0,노지감귤 10kg,차영모3
2023,2023-12-05,2023-12-07,seller_B,C1211,서울,도봉구,1.0,0.0,노지감귤 10kg,
2023,2023-12-05,2023-12-07,seller_B,C1212,경기,안양시,1.0,0.0,노지감귤 10kg,
2023,2023-12-06,2023-12-10,seller_B,C0669,경기,하남시,2.0,0.0,노지감귤 10kg,
2023,2023-12-06,2023-12-10,seller_B,C1213,서울,동대문구,1.0,0.0,노지감귤 10kg,
2023,2023-12-06,2023-12-10,seller_B,C1214,서울,중랑구,1.0,0.0,노지감귤 10kg,
2023,2023-12-06,2023-12-10,seller_B,C1215,서울,노원구,0.0,1.0,노지감귤 5kg,
2023,2023-12-06,2023-12-10,seller_B,C1216,서울,마포구,1.0,0.0,노지감귤 10kg,
2023,2023-12-06,2023-12-10,seller_B,C1217,서울,금천구,1.0,0.0,노지감귤 10kg,
2023,2023-12-06,2023-12-10,seller_B,C1218,인천,부평구,0.0,1.0,노지감귤 5kg,
2023,2023-12-06,2023-12-10,seller_B,C1219,서울,서대문구,0.0,1.0,노지감귤 5kg,
2023,2023-12-06,2023-12-10,seller_B,C1220,경기,포천시,1.0,0.0,노지감귤 10kg,
2023,2023-12-06,2023-12-10,seller_B,C1221,서울,강동구,1.0,0.0,노지감귤 10kg,
2023,2023-12-06,2023-12-10,seller_B,C0837,충남,서천군,1.0,0.0,노지감귤 10kg,
2023,2023-12-06,2023-12-10,seller_B,C1222,서울,강남구,0.0,1.0,노지감귤 5kg,
2023,2023-12-06,2023-12-10,seller_B,C0714,경기,용인시,0.0,1.0,노지감귤 5kg,
2023,2023-12-06,2023-12-10,seller_B,C1223,서울,성동구,1.0,0.0,노지감귤 10kg,
2023,2023-12-06,2023-12-10,seller_B,C1224,서울,영등포구,1.0,0.0,노지감귤 10kg,
2023,2023-12-06,2023-12-10,seller_B,C1225,서울,동대문구,0.0,1.0,노지감귤 5kg,
2023,2023-12-06,2023-12-10,seller_B,C1226,서울,성북구,0.0,1.0,노지감귤 5kg,
2023,2023-12-06,2023-12-10,seller_B,C1227,서울,마포구,0.0,1.0,노지감귤 5kg,
2023,2023-12-06,2023-12-10,seller_B,C1228,서울,강남구,0.0,1.0,노지감귤 5kg,
2023,2023-12-06,2023-12-10,seller_B,C1229,강원,속초시,1.0,0.0,노지감귤 10kg,
2023,2023-12-06,2023-12-10,seller_B,C1230,서울,강북구,1.0,0.0,노지감귤 10kg,
2023,2023-12-06,2023-12-10,seller_B,C1231,서울,중구,1.0,0.0,노지감귤 10kg,
2023,2023-12-06,2023-12-10,seller_B,C1232,서울,서초구,0.0,1.0,노지감귤 5kg,
2023,2023-12-06,2023-12-10,seller_B,C1233,서울,마포구,1.0,0.0,노지감귤 10kg,
2023,2023-12-06,2023-12-10,seller_B,C1234,서울,강서구,1.0,0.0,노지감귤 10kg,
2023,2023-12-06,2023-12-10,seller_B,C1235,경기,광명시,0.0,1.0,노지감귤 5kg,
2023,2023-12-07,2023-12-10,seller_B,C0601,충남,서천군,3.0,0.0,노지감귤(10kg),
2023,2023-12-07,2023-12-10,seller_B,C1154,서울,송파구,1.0,0.0,노지감귤 10kg,
2023,2023-12-07,2023-12-10,seller_B,C1236,서울,양천구,1.0,0.0,노지감귤 10kg,
2023,2023-12-07,2023-12-10,seller_B,C1237,서울,마포구,1.0,0.0,노지감귤 10kg,
2023,2023-12-07,2023-12-10,seller_B,C1238,서울,강서구,1.0,0.0,노지감귤 10kg,
2023,2023-12-07,2023-12-10,seller_B,C1239,서울,강남구,1.0,0.0,노지감귤 10kg,
2023,2023-12-08,2023-12-10,seller_B,C1240,인천,부평구,1.0,0.0,노지감귤 10kg,
2023,2023-12-08,2023-12-10,seller_B,C1241,인천,서구,1.0,0.0,노지감귤 10kg,
2023,2023-12-08,2023-12-10,seller_B,C1242,경기,남양주시,1.0,0.0,노지감귤 10kg,
2023,2023-12-08,2023-12-10,seller_B,C1243,경기,남양주시,1.0,0.0,노지감귤 10kg,
2023,2023-12-08,2023-12-10,seller_B,C1244,서울,노원구,1.0,0.0,노지감귤 10kg,
2023,2023-12-08,2023-12-10,seller_B,C1245,충북,청주시,0.0,1.0,노지감귤 5kg,
2023,2023-12-08,2023-12-10,seller_B,C1246,경기,과천시,1.0,0.0,노지감귤 10kg,
2023,2023-12-08,2023-12-13,seller_B,C0548,경기,용인시,1.0,0.0,노지감귤 10kg,
2023,2023-12-09,2023-12-13,seller_B,C1247,서울,강남구,1.0,0.0,노지감귤 10kg,
2023,2023-12-09,2023-12-13,seller_B,C1248,서울,도봉구,1.0,0.0,노지감귤 10kg,
2023,2023-12-12,2023-12-13,seller_B,C1249,전남,완도군,1.0,0.0,노지감귤 10kg,
2023,2023-12-12,2023-12-13,seller_B,C0825,서울,강동구,1.0,0.0,노지감귤(10kg),
2023,2023-12-12,2023-12-13,seller_B,C1250,서울,도봉구,1.0,0.0,노지감귤 10kg,
2023,2023-12-12,2023-12-13,seller_B,C0871,서울,도봉구,1.0,0.0,노지감귤 10kg,
2023,2023-12-12,2023-12-13,seller_B,C0827,서울,도봉구,1.0,0.0,노지감귤 10kg,
2023,2023-12-12,2023-12-13,seller_B,C1251,서울,송파구,0.0,1.0,노지감귤 5kg,
2023,2023-12-12,2023-12-13,seller_B,C1252,서울,성북구,0.0,1.0,노지감귤 5kg,
2023,2023-12-12,2023-12-13,seller_B,C1253,경기,양주시,0.0,1.0,노지감귤 5kg,
2023,2023-12-12,2023-12-13,seller_B,C1254,서울,중랑구,1.0,0.0,노지감귤 10kg,
2023,2023-12-12,2023-12-13,seller_B,C1255,서울,동대문구,1.0,0.0,노지감귤 10kg,
2023,2023-12-12,2023-12-13,seller_B,C1256,서울,서대문구,0.0,1.0,노지감귤 5kg,
2023,2023-12-12,2023-12-13,seller_B,C1257,서울,강남구,0.0,1.0,노지감귤 5kg,
2023,2023-12-12,2023-12-13,seller_B,C1258,서울,종로구,0.0,1.0,노지감귤 5kg,
2023,2023-12-15,2023-12-16,seller_B,C1154,서울,서초구,1.0,0.0,노지감귤 10kg,
2023,2023-12-07,2023-12-19,seller_B,C0719,인천,남동구,10.0,0.0,노지감귤 10kg,
2023,2023-12-07,2023-12-19,seller_B,C0852,강원,횡성군,2.0,0.0,노지감귤 10kg,왕
2023,2023-12-07,2023-12-19,seller_B,C0719,경기,평택시,3.0,0.0,노지감귤 10kg,왕
2023,2023-12-07,2023-12-19,seller_B,C0853,서울,성동구,4.0,0.0,노지감귤 10kg,왕
2023,2023-12-07,2023-12-19,seller_B,C0580,경기,고양시,1.0,0.0,노지감귤 10kg,
2023,2023-12-07,2023-12-19,seller_B,C0689,경기,이천시,1.0,0.0,노지감귤 10kg,
2023,2023-12-07,2023-12-19,seller_B,C1197,경기,이천시,1.0,0.0,노지감귤 10kg,
2023,2023-12-07,2023-12-19,seller_B,C1259,경기,이천시,1.0,0.0,노지감귤 10kg,
2023,2023-12-07,2023-12-19,seller_B,C0642,서울,중구,1.0,0.0,노지감귤 10kg,
2023,2023-12-19,2023-12-20,seller_B,C0677,경기,성남시,1.0,0.0,노지감귤 10kg,
2023,2023-12-19,2023-12-20,seller_B,C1260,경기,성남시,1.0,0.0,노지감귤 10kg,
2023,2023-12-19,2023-12-20,seller_B,C1261,대구,수성구,1.0,0.0,노지감귤 10kg,
2023,2023-12-20,2023-12-21,seller_B,C0719,경기,평택시,2.0,0.0,노지감귤 10kg,
2023,2023-12-20,2023-12-21,seller_B,C1262,서울,마포구,1.0,0.0,노지감귤 10kg,
2023,2023-12-21,2023-12-25,seller_B,C1263,서울,광진구,1.0,0.0,노지감귤 10kg,
2023,2023-12-21,2023-12-25,seller_B,C1178,인천,연수구,1.0,0.0,노지감귤 10kg,
2023,2023-11-27,2023-11-28,seller_C,C0883,대구,북구,2.0,0.0,10kg,
2023,2023-11-27,2023-11-28,seller_C,C0881,경기,구리시,2.0,0.0,10kg,
2023,2023-11-27,2023-11-28,seller_C,C0892,서울,관악구,1.0,0.0,10kg,
2023,2023-11-27,2023-11-28,seller_C,C1264,경기,고양시,1.0,0.0,10kg,
2023,2023-11-27,2023-11-28,seller_C,C0888,서울,도봉구,1.0,0.0,10kg,
2023,2023-11-27,2023-11-28,seller_C,C0888,서울,도봉구,1.0,0.0,10kg,
2023,2023-11-27,2023-11-28,seller_C,C1265,경기,용인시,1.0,0.0,10kg,
2023,2023-11-27,2023-11-28,seller_C,C0889,서울,노원구,1.0,0.0,10kg,
2023,2023-11-27,2023-11-28,seller_C,C0905,경기,성남시,1.0,0.0,10kg,
2023,2023-11-27,2023-11-28,seller_C,C0896,서울,강북구,1.0,0.0,10kg,
2023,2023-11-27,2023-11-28,seller_C,C1266,인천,남동구,0.0,1.0,5kg,
2023,2023-11-27,2023-11-28,seller_C,C0897,경기,안양시,0.0,1.0,5kg,
2023,2023-11-27,2023-11-28,seller_C,C1267,서울,관악구,0.0,1.0,5kg,
2023,2023-11-27,2023-11-28,seller_C,C1268,서울,구로구,0.0,1.0,5kg,
2023,2023-11-27,2023-11-28,seller_C,C0907,서울,관악구,0.0,1.0,5kg,
2023,2023-11-27,2023-11-28,seller_C,C1269,서울,영등포구,0.0,1.0,5kg,
2023,2023-11-27,2023-11-28,seller_C,C1270,충북,진천,0.0,1.0,5kg,
2023,2023-11-27,2023-11-28,seller_C,C0904,충북,음성군,0.0,1.0,5kg,
2023,2023-11-27,2023-11-28,seller_C,C1271,서울,성북구,0.0,1.0,5kg,
2023,2023-11-27,2023-12-03,seller_C,C1272,서울,중랑구,1.0,0.0,10kg,
2023,2023-11-27,2023-12-03,seller_C,C0888,서울,구로구,1.0,0.0,10kg,
2023,2023-12-04,2023-12-05,seller_C,C0881,충남,청양군,1.0,0.0,10kg,
2023,2023-12-04,2023-12-05,seller_C,C0907,서울,관악구,0.0,1.0,5kg,
2023,2023-12-04,2023-12-05,seller_C,C1273,경기,용인시,2.0,0.0,10kg,
2023,2023-12-04,2023-12-05,seller_C,C0883,대구,북구,5.0,0.0,10kg,
2023,2023-12-04,2023-12-05,seller_C,C0883,대구,북구,0.0,1.0,5kg,
2023,2023-12-04,2023-12-05,seller_C,C0888,서울,도봉구,1.0,0.0,10kg,
2023,2023-12-04,2023-12-05,seller_C,C0888,서울,강서구,1.0,0.0,10kg,
2023,2023-12-04,2023-12-05,seller_C,C0888,인천,연수구,1.0,0.0,10kg,
2023,2023-12-04,2023-12-05,seller_C,C0888,서울,강북구,1.0,0.0,10kg,
2023,2023-12-04,2023-12-05,seller_C,C0888,서울,성북구,1.0,0.0,10kg,
2023,2023-12-04,2023-12-05,seller_C,C0883,대구,북구,1.0,0.0,10kg,
2023,2023-12-05,2023-12-05,seller_C,C1274,경기,의정부시,1.0,0.0,10kg,김연희4
2023,2023-12-05,2023-12-07,seller_C,C1274,경기,성남시,1.0,0.0,10kg,
2023,2023-12-05,2023-12-13,seller_C,C1275,대구,북구,7.0,0.0,10kg,
2023,2023-12-05,2023-12-13,seller_C,C1276,서울,종로구,1.0,0.0,10kg,
2024,2024-11-21,2024-11-24,seller_A,C1277,서울,서초구,1.0,0.0,노지감귤 10kg,
2024,2024-11-22,2024-11-24,seller_A,C0182,경기,고양시,2.0,0.0,노지감귤 10kg,
2024,2024-11-22,2024-11-24,seller_A,C0952,경기,부천시,1.0,0.0,노지감귤 10kg,
2024,2024-11-22,2024-11-24,seller_A,C0034,서울,도봉구,4.0,0.0,노지감귤 10kg,
2024,2024-11-22,2024-11-24,seller_A,C1278,경기,의정부시,1.0,0.0,노지감귤 10kg,
2024,2024-11-22,2024-11-24,seller_A,C0347,서울,영등포구,1.0,0.0,노지감귤 10kg,
2024,2024-11-22,2024-11-24,seller_A,C0382,경남,거제시,1.0,0.0,노지감귤 10kg,
2024,2024-11-22,2024-11-24,seller_A,C1279,서울,송파구,1.0,0.0,노지감귤 10kg,
2024,2024-11-22,2024-11-24,seller_A,C1086,서울,송파구,1.0,0.0,노지감귤 10kg,
2024,2024-11-22,2024-11-24,seller_A,C1087,서울,송파구,1.0,0.0,노지감귤 10kg,
2024,2024-11-22,2024-11-24,seller_A,C0966,부산,남구,1.0,0.0,노지감귤 10kg,
2024,2024-11-22,2024-11-24,seller_A,C0972,전남,무안군,1.0,0.0,노지감귤 10kg,
2024,2024-11-22,2024-11-24,seller_A,C0974,서울,강동구,1.0,0.0,노지감귤 10kg,
2024,2024-11-22,2024-11-24,seller_A,C1280,서울,송파구,1.0,0.0,노지감귤 10kg,
2024,2024-11-22,2024-11-24,seller_A,C1281,서울,강동구,1.0,0.0,노지감귤 10kg,
2024,2024-11-22,2024-11-24,seller_A,C1027,부산,연제구,1.0,0.0,노지감귤 10kg,
2024,2024-11-22,2024-11-24,seller_A,C1282,대전,서구,0.0,1.0,노지감귤 5kg,
2024,2024-11-23,2024-11-25,seller_A,C0006,서울,도봉구,1.0,0.0,노지감귤 10kg,
2024,2024-11-23,2024-11-25,seller_A,C0006,서울,도봉구,0.0,1.0,노지감귤 5kg,
2024,2024-11-23,2024-11-25,seller_A,C1067,서울,도봉구,1.0,0.0,노지감귤 10kg,
2024,2024-11-23,2024-11-25,seller_A,C0010,서울,성동구,1.0,0.0,노지감귤 10kg,
2024,2024-11-23,2024-11-25,seller_A,C0011,서울,금천구,1.0,0.0,노지감귤 10kg,
2024,2024-11-23,2024-11-25,seller_A,C1283,서울,동작구,1.0,0.0,노지감귤 10kg,
2024,2024-11-23,2024-11-25,seller_A,C1284,서울,중랑구,1.0,0.0,노지감귤 10kg,
2024,2024-11-23,2024-11-25,seller_A,C0004,서울,종로구,1.0,0.0,노지감귤 10kg,
2024,2024-11-23,2024-11-25,seller_A,C0008,서울,성북구,1.0,0.0,노지감귤 10kg,
2024,2024-11-23,2024-11-25,seller_A,C1285,인천,서구,1.0,0.0,노지감귤 10kg,
2024,2024-11-23,2024-11-25,seller_A,C0371,경기,남양주시,1.0,0.0,노지감귤 10kg,
2024,2024-11-23,2024-11-25,seller_A,C1286,인천,서구,1.0,0.0,노지감귤 10kg,
2024,2024-11-23,2024-11-25,seller_A,C1287,인천,계양구,1.0,0.0,노지감귤 10kg,
2024,2024-11-23,2024-11-25,seller_A,C1288,서울,강북구,1.0,0.0,노지감귤 10kg,
2024,2024-11-23,2024-11-25,seller_A,C0064,경기,의정부시,1.0,0.0,노지감귤 10kg,
2024,2024-11-23,2024-11-25,seller_A,C0065,서울,용산구,1.0,0.0,노지감귤 10kg,
2024,2024-11-23,2024-11-25,seller_A,C0066,부산,수영구,1.0,0.0,노지감귤 10kg,
2024,2024-11-23,2024-11-25,seller_A,C0123,충북,청주시,1.0,0.0,노지감귤 10kg,
2024,2024-11-23,2024-11-25,seller_A,C1289,경기,고양시,1.0,0.0,노지감귤 10kg,
2024,2024-11-23,2024-11-25,seller_A,C1289,경기,고양시,1.0,0.0,노지감귤 10kg,
2024,2024-11-23,2024-11-25,seller_A,C0075,경기,의정부시,2.0,0.0,노지감귤 10kg,
2024,2024-11-23,2024-11-25,seller_A,C0076,경기,성남시,2.0,0.0,노지감귤 10kg,
2024,2024-11-23,2024-11-25,seller_A,C0018,서울,중랑구,2.0,0.0,노지감귤 10kg,
2024,2024-11-23,2024-11-25,seller_A,C1290,경기,의정부시,1.0,0.0,노지감귤 10kg,
2024,2024-11-23,2024-11-25,seller_A,C1291,경기,구리시,1.0,0.0,노지감귤 10kg,
2024,2024-11-24,2024-11-25,seller_A,C0035,경기,성남시,2.0,0.0,노지감귤 10kg,
2024,2024-11-24,2024-11-25,seller_A,C0055,서울,도봉구,1.0,0.0,노지감귤 10kg,
2024,2024-11-24,2024-11-25,seller_A,C1292,광주,서구,4.0,0.0,노지감귤 10kg,
2024,2024-11-24,2024-11-25,seller_A,C1293,서울,서초구,1.0,0.0,노지감귤 10kg,
2024,2024-11-24,2024-11-25,seller_A,C0980,대전,유성구,0.0,1.0,노지감귤 5kg,
2024,2024-11-24,2024-11-25,seller_A,C0928,경기,고양시,1.0,0.0,노지감귤 10kg,
2024,2024-11-24,2024-11-25,seller_A,C1294,울산,중구,1.0,0.0,노지감귤 10kg,
2024,2024-11-24,2024-11-25,seller_A,C1295,경남,밀양시,1.0,0.0,노지감귤 10kg,
2024,2024-11-24,2024-11-25,seller_A,C1296,경남,밀양시,1.0,0.0,노지감귤 10kg,
2024,2024-11-24,2024-11-25,seller_A,C0128,경기,광주시,2.0,0.0,노지감귤 10kg,
2024,2024-11-24,2024-11-25,seller_A,C1005,경기,광주시,2.0,0.0,노지감귤 10kg,
2024,2024-11-24,2024-11-25,seller_A,C1057,서울,서초구,1.0,0.0,노지감귤 10kg,
2024,2024-11-25,2024-11-26,seller_A,C1297,경기,가평군,1.0,0.0,노지감귤 10kg,전
2024,2024-11-25,2024-11-26,seller_A,C1298,대구,북구,1.0,0.0,노지감귤 10kg,전
2024,2024-11-25,2024-11-26,seller_A,C1299,경남,진주시,1.0,0.0,노지감귤 10kg,전
2024,2024-11-24,2024-11-27,seller_A,C0037,서울,도봉구,1.0,0.0,노지감귤 10kg,
2024,2024-11-24,2024-11-27,seller_A,C0016,경기,의정부시,2.0,0.0,노지감귤 10kg,
2024,2024-11-24,2024-11-27,seller_A,C0059,경남,하동군,2.0,0.0,노지감귤 10kg,전
2024,2024-11-24,2024-11-27,seller_A,C0168,경북,포항시,1.0,0.0,노지감귤 10kg,전
2024,2024-11-24,2024-11-27,seller_A,C0169,충남,천안시,1.0,0.0,노지감귤 10kg,전
2024,2024-11-24,2024-11-27,seller_A,C0171,부산,북구,1.0,0.0,노지감귤 10kg,전
2024,2024-11-24,2024-11-27,seller_A,C0175,서울,관악구,2.0,0.0,노지감귤 10kg,전
2024,2024-11-24,2024-11-27,seller_A,C0942,부산,부산진구,1.0,0.0,노지감귤 10kg,전
2024,2024-11-24,2024-11-27,seller_A,C0943,대구,동구,2.0,0.0,노지감귤 10kg,전
2024,2024-11-24,2024-11-27,seller_A,C0944,부산,해운대구,1.0,0.0,노지감귤 10kg,전
2024,2024-11-24,2024-11-27,seller_A,C0174,경기,용인시,1.0,0.0,노지감귤 10kg,전
2024,2024-11-24,2024-11-27,seller_A,C0172,대전,유성구,1.0,0.0,노지감귤 10kg,전
2024,2024-11-24,2024-11-27,seller_A,C0170,경남,김해시,2.0,0.0,노지감귤 10kg,전
2024,2024-11-24,2024-11-27,seller_A,C0087,충북,괴산군,2.0,0.0,노지감귤 10kg,전
2024,2024-11-24,2024-11-27,seller_A,C0398,경기,의정부시,1.0,0.0,노지감귤 10kg,
2024,2024-11-24,2024-11-27,seller_A,C0219,경기,남양주시,0.0,1.0,노지감귤 5kg,
2024,2024-11-24,2024-11-27,seller_A,C0128,경기,광주시,1.0,0.0,노지감귤 10kg,
2024,2024-11-24,2024-11-27,seller_A,C0128,경기,광주시,1.0,0.0,노지감귤 10kg,
2024,2024-11-24,2024-11-27,seller_A,C0967,서울,동대문구,0.0,1.0,노지감귤 5kg,
2024,2024-11-26,2024-11-27,seller_A,C0102,부산,사하구,1.0,0.0,노지감귤 10kg,
2024,2024-11-26,2024-11-27,seller_A,C0106,서울,서초구,1.0,0.0,노지감귤 10kg,
2024,2024-11-26,2024-11-28,seller_A,C0020,경기,수원시,2.0,0.0,노지감귤 10kg,
2024,2024-11-26,2024-11-28,seller_A,C0254,서울,동대문구,1.0,0.0,노지감귤 10kg,
2024,2024-11-26,2024-11-28,seller_A,C0255,서울,강남구,1.0,0.0,노지감귤 10kg,
2024,2024-11-26,2024-11-28,seller_A,C0256,서울,강동구,1.0,0.0,노지감귤 10kg,
2024,2024-11-26,2024-11-28,seller_A,C0257,경기,고양시,1.0,0.0,노지감귤 10kg,
2024,2024-11-26,2024-11-28,seller_A,C0254,경기,용인시,1.0,0.0,노지감귤 10kg,
2024,2024-11-26,2024-11-28,seller_A,C0254,서울,은평구,1.0,0.0,노지감귤 10kg,
2024,2024-11-26,2024-11-28,seller_A,C1300,서울,마포구,1.0,0.0,노지감귤 10kg,
2024,2024-11-26,2024-11-28,seller_A,C0265,경기,고양시,1.0,0.0,노지감귤 10kg,
2024,2024-11-26,2024-11-28,seller_A,C0332,경기,고양시,1.0,0.0,노지감귤 10kg,
2024,2024-11-26,2024-11-28,seller_A,C0253,경기,고양시,1.0,0.0,노지감귤 10kg,
2024,2024-11-26,2024-11-28,seller_A,C1301,서울,성동구,0.0,1.0,노지감귤 5kg,
2024,2024-11-26,2024-11-28,seller_A,C1302,서울,은평구,0.0,1.0,노지감귤 5kg,
2024,2024-11-26,2024-11-28,seller_A,C1303,서울,은평구,0.0,1.0,노지감귤 5kg,
2024,2024-11-26,2024-11-28,seller_A,C0259,충남,천안시,1.0,0.0,노지감귤 10kg,
2024,2024-11-26,2024-11-28,seller_A,C0289,경기,일산서구,1.0,0.0,노지감귤 10kg,
2024,2024-11-26,2024-11-28,seller_A,C0333,경기,고양시,1.0,0.0,노지감귤 10kg,
2024,2024-11-26,2024-11-28,seller_A,C1304,서울,강동구,1.0,0.0,노지감귤 10kg,
2024,2024-11-26,2024-12-01,seller_A,C0984,경기,용인시,1.0,0.0,노지감귤 10kg,
2024,2024-11-26,2024-12-01,seller_A,C0820,경기,광주시,1.0,0.0,노지감귤 10kg,
2024,2024-11-26,2024-12-01,seller_A,C0846,경기,파주시,1.0,0.0,노지감귤 10kg,
2024,2024-11-26,2024-12-01,seller_A,C0983,경기,용인시,1.0,0.0,노지감귤 10kg,
2024,2024-11-26,2024-12-01,seller_A,C0821,경기,수원시,1.0,0.0,노지감귤 10kg,
2024,2024-11-26,2024-12-01,seller_A,C0031,서울,도봉구,2.0,0.0,노지감귤 10kg,
2024,2024-11-26,2024-12-01,seller_A,C1305,충남,서산시,1.0,0.0,노지감귤 10kg,
2024,2024-11-26,2024-12-01,seller_A,C0925,경기,양주시,1.0,0.0,노지감귤 10kg,
2024,2024-11-26,2024-12-01,seller_A,C1306,부산,연제구,1.0,0.0,노지감귤 10kg,
2024,2024-11-26,2024-12-01,seller_A,C0142,서울,강서구,1.0,0.0,노지감귤 10kg,
2024,2024-11-26,2024-12-01,seller_A,C1084,서울,강서구,1.0,0.0,노지감귤 10kg,
2024,2024-11-26,2024-12-01,seller_A,C0139,인천,서구,1.0,0.0,노지감귤 10kg,
2024,2024-11-26,2024-12-01,seller_A,C0139,전남,장성군,1.0,0.0,노지감귤 10kg,
2024,2024-11-26,2024-12-01,seller_A,C0084,서울,양천구,1.0,0.0,노지감귤 10kg,
2024,2024-11-26,2024-12-01,seller_A,C0080,서울,양천구,1.0,0.0,노지감귤 10kg,
2024,2024-11-26,2024-12-01,seller_A,C1307,인천,연수구,1.0,0.0,노지감귤 10kg,
2024,2024-11-26,2024-12-01,seller_A,C1308,전남,여수시,1.0,0.0,노지감귤 10kg,
2024,2024-11-26,2024-12-01,seller_A,C1309,서울,강북구,1.0,0.0,노지감귤 10kg,
2024,2024-11-26,2024-12-01,seller_A,C1065,서울,강남구,1.0,0.0,노지감귤 10kg,
2024,2024-11-26,2024-12-01,seller_A,C0427,서울,도봉구,2.0,0.0,노지감귤 10kg,
2024,2024-11-27,2024-12-01,seller_A,C0099,경북,경산시,1.0,0.0,노지감귤 10kg,
2024,2024-11-27,2024-12-01,seller_A,C1310,경기,고촌읍,1.0,0.0,노지감귤 10kg,
2024,2024-11-27,2024-12-01,seller_A,C0039,경기,김포시,1.0,0.0,노지감귤 10kg,
2024,2024-11-27,2024-12-01,seller_A,C0116,서울,서초구,1.0,0.0,노지감귤 10kg,
2024,2024-11-27,2024-12-01,seller_A,C0931,경기,광명시,1.0,0.0,노지감귤 10kg,
2024,2024-11-27,2024-12-01,seller_A,C1311,경기,김포시,1.0,0.0,노지감귤 10kg,
2024,2024-11-27,2024-12-01,seller_A,C0932,경기,용인시,2.0,0.0,노지감귤 10kg,
2024,2024-11-27,2024-12-01,seller_A,C0933,제주,첨단로동길,2.0,0.0,노지감귤 10kg,관내; 관내
2024,2024-11-28,2024-12-01,seller_A,C1312,서울,강서구,1.0,0.0,노지감귤 10kg,
2024,2024-11-28,2024-12-01,seller_A,C1313,광주,광산구,1.0,0.0,노지감귤 10kg,
2024,2024-11-28,2024-12-01,seller_A,C1314,제주,국기로,1.0,0.0,노지감귤 10kg,관내; 관내
2024,2024-11-28,2024-12-01,seller_A,C0991,경기,용인시,1.0,0.0,노지감귤 10kg,
2024,2024-11-28,2024-12-01,seller_A,C0990,서울,양천구,1.0,0.0,노지감귤 10kg,
2024,2024-11-28,2024-12-01,seller_A,C1315,충남,태안군,1.0,0.0,노지감귤 10kg,
2024,2024-11-28,2024-12-01,seller_A,C0082,서울,구로구,1.0,0.0,노지감귤 10kg,
2024,2024-11-28,2024-12-01,seller_A,C0950,서울,성북구,1.0,0.0,노지감귤 10kg,
2024,2024-11-28,2024-12-01,seller_A,C1316,서울,중구,1.0,0.0,노지감귤 10kg,
2024,2024-11-28,2024-12-01,seller_A,C1317,서울,용산구,1.0,0.0,노지감귤 10kg,
2024,2024-11-28,2024-12-01,seller_A,C1318,강원,고성군,2.0,0.0,노지감귤 10kg,전
2024,2024-11-28,2024-12-01,seller_A,C1319,강원,양양군,2.0,0.0,노지감귤 10kg,전
2024,2024-11-28,2024-12-01,seller_A,C1320,서울,마포구,1.0,0.0,노지감귤 10kg,전
2024,2024-11-28,2024-12-01,seller_A,C1321,경기,남양주시,1.0,0.0,노지감귤 10kg,전
2024,2024-11-28,2024-12-01,seller_A,C1322,강원,고성군,1.0,0.0,노지감귤 10kg,전
2024,2024-11-28,2024-12-01,seller_A,C1035,서울,종로구,1.0,0.0,노지감귤 10kg,
2024,2024-11-28,2024-12-01,seller_A,C1035,서울,종로구,0.0,1.0,노지감귤 5kg,
2024,2024-11-28,2024-12-01,seller_A,C1039,충남,예산군,0.0,1.0,노지감귤 5kg,
2024,2024-11-28,2024-12-01,seller_A,C1038,서울,성북구,1.0,0.0,노지감귤 10kg,
2024,2024-11-28,2024-12-01,seller_A,C1034,서울,금천구,1.0,0.0,노지감귤 10kg,
2024,2024-11-28,2024-12-01,seller_A,C1323,경기,용인시,1.0,0.0,노지감귤 10kg,전
2024,2024-11-28,2024-12-01,seller_A,C1324,서울,노원구,1.0,0.0,노지감귤 10kg,전
2024,2024-11-28,2024-12-01,seller_A,C0131,경기,파주시,1.0,0.0,노지감귤 10kg,
2024,2024-11-28,2024-12-01,seller_A,C0073,서울,성북구,1.0,0.0,노지감귤 10kg,
2024,2024-11-28,2024-12-01,seller_A,C0132,경기,성남시,1.0,0.0,노지감귤 10kg,
2024,2024-11-26,2024-12-02,seller_A,C0141,경기,의왕시,1.0,0.0,노지감귤 10kg,cj택배
2024,2024-11-26,2024-12-02,seller_A,C1325,경기,과천시,1.0,0.0,노지감귤 10kg,cj택배; 폭설
2024,2024-11-30,2024-12-03,seller_A,C0214,경기,고양시,1.0,0.0,노지감귤 10kg,
2024,2024-11-30,2024-12-03,seller_A,C0221,세종,세종,1.0,0.0,노지감귤 10kg,
2024,2024-11-30,2024-12-03,seller_A,C0036,경기,성남시,1.0,0.0,노지감귤 10kg,
2024,2024-11-30,2024-12-03,seller_A,C1025,경기,성남시,1.0,0.0,노지감귤 10kg,
2024,2024-11-30,2024-12-03,seller_A,C0048,경기,평택시,0.0,1.0,노지감귤 5kg,
2024,2024-11-30,2024-12-03,seller_A,C0977,세종,세종,1.0,0.0,노지감귤 10kg,
2024,2024-11-30,2024-12-03,seller_A,C0046,서울,도봉구,1.0,0.0,노지감귤 10kg,
2024,2024-11-30,2024-12-03,seller_A,C1326,서울,도봉구,1.0,0.0,노지감귤 10kg,
2024,2024-12-01,2024-12-03,seller_A,C0425,전남,해남군,1.0,0.0,노지감귤 10kg,
2024,2024-12-01,2024-12-03,seller_A,C1327,서울,마포구,0.0,1.0,노지감귤 5kg,
2024,2024-12-01,2024-12-03,seller_A,C1328,서울,서초구,0.0,1.0,노지감귤 5kg,
2024,2024-12-01,2024-12-03,seller_A,C1329,인천,서구,1.0,0.0,노지감귤 10kg,
2024,2024-12-01,2024-12-03,seller_A,C1330,인천,서구,1.0,0.0,노지감귤 10kg,
2024,2024-12-01,2024-12-03,seller_A,C1331,인천,서구,1.0,0.0,노지감귤 10kg,
2024,2024-12-01,2024-12-03,seller_A,C1332,서울,은평구,1.0,0.0,노지감귤 10kg,
2024,2024-12-01,2024-12-03,seller_A,C1333,인천,서구,1.0,0.0,노지감귤 10kg,
2024,2024-12-01,2024-12-03,seller_A,C1334,인천,서구,1.0,0.0,노지감귤 10kg,
2024,2024-12-01,2024-12-03,seller_A,C1335,인천,서구,1.0,0.0,노지감귤 10kg,
2024,2024-12-01,2024-12-03,seller_A,C1336,인천,서구,1.0,0.0,노지감귤 10kg,
2024,2024-12-01,2024-12-03,seller_A,C0276,서울,강동구,1.0,0.0,노지감귤 10kg,
2024,2024-12-01,2024-12-03,seller_A,C1337,서울,강북구,1.0,0.0,노지감귤 10kg,
2024,2024-12-01,2024-12-03,seller_A,C0102,부산,사하구,1.0,0.0,노지감귤 10kg,
2024,2024-12-01,2024-12-03,seller_A,C1338,경북,경산시,1.0,0.0,노지감귤 10kg,
2024,2024-12-01,2024-12-03,seller_A,C0943,대구,북구,1.0,0.0,노지감귤 10kg,
2024,2024-12-01,2024-12-03,seller_A,C0085,서울,관악구,1.0,0.0,노지감귤 10kg,
2024,2024-12-01,2024-12-03,seller_A,C1339,경기,의정부시,1.0,0.0,노지감귤 10kg,
2024,2024-12-01,2024-12-03,seller_A,C1340,경기,의정부시,1.0,0.0,노지감귤 10kg,
2024,2024-12-01,2024-12-03,seller_A,C1341,경기,의정부시,1.0,0.0,노지감귤 10kg,
2024,2024-12-01,2024-12-03,seller_A,C0015,서울,도봉구,1.0,0.0,노지감귤 10kg,
2024,2024-12-01,2024-12-03,seller_A,C0013,서울,서초구,1.0,0.0,노지감귤 10kg,
2024,2024-12-02,2024-12-04,seller_A,C1342,경남,밀양시,1.0,0.0,노지감귤 10kg,
2024,2024-12-02,2024-12-04,seller_A,C1343,경남,거제시,1.0,0.0,노지감귤 10kg,
2024,2024-12-02,2024-12-04,seller_A,C0986,경기,용인시,1.0,0.0,노지감귤 10kg,
2024,2024-12-02,2024-12-04,seller_A,C1067,서울,도봉구,1.0,0.0,노지감귤 10kg,
2024,2024-12-02,2024-12-04,seller_A,C1344,서울,광진구,1.0,0.0,노지감귤 10kg,
2024,2024-12-02,2024-12-04,seller_A,C1345,서울,동대문구,1.0,0.0,노지감귤 10kg,
2024,2024-12-02,2024-12-04,seller_A,C1346,서울,관악구,1.0,0.0,노지감귤 10kg,
2024,2024-12-02,2024-12-04,seller_A,C0274,충북,청주시,1.0,0.0,노지감귤 10kg,
2024,2024-12-02,2024-12-04,seller_A,C0382,경남,거제시,1.0,0.0,노지감귤 10kg,
2024,2024-12-02,2024-12-04,seller_A,C0040,경기,군포시,1.0,0.0,노지감귤 10kg,
2024,2024-12-02,2024-12-04,seller_A,C0082,서울,구로구,1.0,0.0,노지감귤 10kg,
2024,2024-12-02,2024-12-04,seller_A,C0500,서울,도봉구,1.0,0.0,노지감귤 10kg,
2024,2024-12-03,2024-12-04,seller_A,C0075,경기,의정부시,2.0,0.0,노지감귤 10kg,
2024,2024-12-03,2024-12-04,seller_A,C0076,경기,성남시,2.0,0.0,노지감귤 10kg,
2024,2024-12-03,2024-12-04,seller_A,C0018,서울,중랑구,1.0,0.0,노지감귤 10kg,
2024,2024-12-03,2024-12-04,seller_A,C1303,서울,은평구,1.0,0.0,노지감귤 10kg,
2024,2024-12-03,2024-12-04,seller_A,C1288,서울,강북구,1.0,0.0,노지감귤 10kg,
2024,2024-12-03,2024-12-04,seller_A,C1347,경기,안산시,1.0,0.0,노지감귤 10kg,
2024,2024-12-03,2024-12-04,seller_A,C0347,서울,영등포구,1.0,0.0,노지감귤 10kg,
2024,2024-12-03,2024-12-04,seller_A,C0064,경기,의정부시,2.0,0.0,노지감귤 10kg,
2024,2024-12-03,2024-12-04,seller_A,C0035,경기,성남시,1.0,0.0,노지감귤 10kg,
2024,2024-12-03,2024-12-04,seller_A,C0020,경기,수원시,2.0,0.0,노지감귤 10kg,
2024,2024-12-03,2024-12-04,seller_A,C1348,경기,김포시,0.0,1.0,노지감귤 5kg,
2024,2024-12-03,2024-12-04,seller_A,C1349,인천,계양구,0.0,1.0,노지감귤 5kg,
2024,2024-12-03,2024-12-04,seller_A,C0011,서울,금천구,1.0,0.0,노지감귤 10kg,
2024,2024-12-04,2024-12-05,seller_A,C1350,경기,광주시,1.0,0.0,노지감귤 10kg,
2024,2024-12-04,2024-12-05,seller_A,C0144,서울,도봉구,1.0,0.0,노지감귤 10kg,
2024,2024-12-04,2024-12-05,seller_A,C1351,서울,강남구,1.0,0.0,노지감귤 10kg,
2024,2024-12-05,2024-12-06,seller_A,C0110,서울,강남구,1.0,0.0,노지감귤 10kg,
2024,2024-12-05,2024-12-06,seller_A,C0046,서울,동작구,1.0,0.0,노지감귤 10kg,
2024,2024-12-05,2024-12-06,seller_A,C1352,서울,도봉구,1.0,0.0,노지감귤 10kg,
2024,2024-12-06,2024-12-08,seller_A,C0214,경기,고양시,3.0,0.0,노지감귤 10kg,
2024,2024-12-06,2024-12-08,seller_A,C1353,서울,성동구,1.0,0.0,노지감귤 10kg,
2024,2024-12-06,2024-12-08,seller_A,C1354,경기,군포시,0.0,1.0,노지감귤 5kg,
2024,2024-12-06,2024-12-08,seller_A,C0923,서울,용산구,1.0,0.0,노지감귤 10kg,
2024,2024-12-07,2024-12-08,seller_A,C1355,서울,성북구,1.0,0.0,노지감귤 10kg,
2024,2024-12-07,2024-12-08,seller_A,C0957,서울,도봉구,1.0,0.0,노지감귤 10kg,
2024,2024-12-07,2024-12-08,seller_A,C1356,서울,은평구,0.0,1.0,노지감귤 5kg,
2024,2024-12-07,2024-12-08,seller_A,C0502,경기,용인시,1.0,0.0,노지감귤 10kg,
2024,2024-12-05,2024-12-09,seller_A,C0222,제주,신산로,2.0,0.0,노지감귤 10kg,
2024,2024-12-08,2024-12-09,seller_A,C0216,인천,연수구,2.0,0.0,노지감귤 10kg,
2024,2024-12-08,2024-12-09,seller_A,C1112,제주,연화로,1.0,0.0,노지감귤 10kg,
2024,2024-12-08,2024-12-09,seller_A,C0162,제주,용담로,1.0,0.0,노지감귤 10kg,
2024,2024-12-08,2024-12-09,seller_A,C0601,충남,서천군,4.0,0.0,노지감귤(10kg),
2024,2024-12-08,2024-12-09,seller_A,C1357,경기,성남시,1.0,0.0,노지감귤 10kg,
2024,2024-12-09,2024-12-10,seller_A,C1358,경기,의왕시,1.0,0.0,노지감귤 10kg,
2024,2024-12-09,2024-12-10,seller_A,C1337,서울,강북구,1.0,0.0,노지감귤 10kg,
2024,2024-12-09,2024-12-10,seller_A,C1359,서울,강북구,1.0,0.0,노지감귤 10kg,
2024,2024-12-09,2024-12-10,seller_A,C0511,경기,용인시,1.0,0.0,노지감귤 10kg,
2024,2024-12-09,2024-12-10,seller_A,C0512,강원,원주시,1.0,0.0,노지감귤 10kg,
2024,2024-12-09,2024-12-10,seller_A,C0513,경기,평택시,1.0,0.0,노지감귤 10kg,
2024,2024-12-09,2024-12-10,seller_A,C0464,경기,광명시,1.0,0.0,노지감귤 10kg,
2024,2024-12-07,2024-12-11,seller_A,C1011,세종,세종,1.0,0.0,노지감귤 10kg,
2024,2024-12-10,2024-12-11,seller_A,C1360,경기,하남시,1.0,0.0,노지감귤 10kg,
2024,2024-12-10,2024-12-11,seller_A,C1361,강원,삼척시,1.0,0.0,노지감귤 10kg,
2024,2024-12-10,2024-12-11,seller_A,C1287,인천,계양구,1.0,0.0,노지감귤 10kg,
2024,2024-12-10,2024-12-11,seller_A,C0396,경기,구리시,1.0,0.0,노지감귤 10kg,
2024,2024-12-10,2024-12-11,seller_A,C0398,경기,의정부시,1.0,0.0,노지감귤 10kg,
2024,2024-12-10,2024-12-11,seller_A,C1362,서울,동대문구,1.0,0.0,노지감귤 10kg,
2024,2024-12-10,2024-12-11,seller_A,C1272,서울,중랑구,1.0,0.0,노지감귤 10kg,
2024,2024-12-10,2024-12-11,seller_A,C0124,서울,성동구,1.0,0.0,노지감귤 10kg,
2024,2024-12-10,2024-12-11,seller_A,C1363,서울,성동구,1.0,0.0,노지감귤 10kg,
2024,2024-12-10,2024-12-11,seller_A,C0085,서울,관악구,1.0,0.0,노지감귤 10kg,
2024,2024-12-10,2024-12-11,seller_A,C0950,서울,성북구,1.0,0.0,노지감귤 10kg,
2024,2024-12-10,2024-12-11,seller_A,C1364,전남,영광군,1.0,0.0,노지감귤 10kg,
2024,2024-12-10,2024-12-11,seller_A,C0193,서울,송파구,1.0,0.0,노지감귤 10kg,
2024,2024-12-10,2024-12-11,seller_A,C0543,부산,사하구,1.0,0.0,노지감귤 10kg,
2024,2024-12-10,2024-12-11,seller_A,C1365,경기,성남시,1.0,0.0,노지감귤 10kg,
2024,2024-12-10,2024-12-11,seller_A,C1366,충북,청주시,1.0,0.0,노지감귤 10kg,
2024,2024-12-10,2024-12-11,seller_A,C1348,경기,김포시,1.0,0.0,노지감귤 10kg,
2024,2024-12-10,2024-12-11,seller_A,C1070,경기,용인시,1.0,0.0,노지감귤 10kg,
2024,2024-12-10,2024-12-11,seller_A,C1367,경기,고양시,1.0,0.0,노지감귤 10kg,
2024,2024-12-10,2024-12-11,seller_A,C1368,경기,광명시,2.0,0.0,노지감귤 10kg,
2024,2024-12-10,2024-12-11,seller_A,C1078,경기,부천시,1.0,0.0,노지감귤 10kg,
2024,2024-12-10,2024-12-11,seller_A,C1369,세종,세종,1.0,0.0,노지감귤 10kg,
2024,2024-12-11,2024-12-12,seller_A,C1370,충북,단양군,1.0,0.0,노지감귤 10kg,
2024,2024-12-11,2024-12-12,seller_A,C0877,경기,안산시,1.0,0.0,노지감귤 10kg,
2024,2024-12-11,2024-12-12,seller_A,C0874,서울,관악구,1.0,0.0,노지감귤 10kg,
2024,2024-12-11,2024-12-12,seller_A,C0876,서울,노원구,1.0,0.0,노지감귤 10kg,
2024,2024-12-11,2024-12-12,seller_A,C0997,경기,안산시,1.0,0.0,노지감귤 10kg,
2024,2024-12-11,2024-12-12,seller_A,C1371,경기,화성시,1.0,0.0,노지감귤 10kg,
2024,2024-12-11,2024-12-12,seller_A,C0875,경북,구미시,0.0,1.0,노지감귤 5kg,
2024,2024-12-11,2024-12-12,seller_A,C0999,경기,고양시,0.0,1.0,노지감귤 5kg,
2024,2024-12-11,2024-12-12,seller_A,C0997,경기,안산시,0.0,1.0,노지감귤 5kg,
2024,2024-12-11,2024-12-12,seller_A,C1372,경기,하남시,0.0,1.0,노지감귤 5kg,
2024,2024-12-11,2024-12-12,seller_A,C1084,서울,강서구,2.0,0.0,노지감귤 10kg,
2024,2024-12-11,2024-12-12,seller_A,C1373,서울,마포구,1.0,0.0,노지감귤 10kg,
2024,2024-12-11,2024-12-12,seller_A,C1083,서울,구로구,1.0,0.0,노지감귤 10kg,
2024,2024-12-11,2024-12-12,seller_A,C1374,서울,강서구,1.0,0.0,노지감귤 10kg,
2024,2024-12-11,2024-12-12,seller_A,C0084,서울,양천구,1.0,0.0,노지감귤 10kg,왕
2024,2024-12-11,2024-12-12,seller_A,C0510,서울,노원구,1.0,0.0,노지감귤 10kg,
2024,2024-12-11,2024-12-12,seller_A,C1375,서울,강서구,1.0,0.0,노지감귤 10kg,
2024,2024-12-12,2024-12-12,seller_A,C0034,서울,도봉구,2.0,0.0,노지감귤 10kg,
2024,2024-12-12,2024-12-12,seller_A,C1849,,,4.0,0.0,노지감귤 10kg,
2024,2024-12-12,2024-12-12,seller_A,C1358,,,2.0,0.0,노지감귤 10kg,
2024,2024-12-11,2024-12-13,seller_A,C0508,서울,영등포구,0.0,1.0,노지감귤 5kg,
2024,2024-12-12,2024-12-13,seller_A,C1378,경기,남양주시,1.0,0.0,노지감귤 10kg,
2024,2024-12-12,2024-12-13,seller_A,C1379,경기,구리시,1.0,0.0,노지감귤 10kg,
2024,2024-12-12,2024-12-13,seller_A,C1052,서울,송파구,1.0,0.0,노지감귤 10kg,
2024,2024-12-12,2024-12-13,seller_A,C1380,서울,광진구,1.0,0.0,노지감귤 10kg,큰거
2024,2024-12-12,2024-12-13,seller_A,C1381,전남,광양시,1.0,0.0,노지감귤 10kg,
2024,2024-12-12,2024-12-13,seller_A,C1382,인천,서구,1.0,0.0,노지감귤 10kg,
2024,2024-12-12,2024-12-13,seller_A,C1383,충남,계룡시,1.0,0.0,노지감귤 10kg,
2024,2024-12-12,2024-12-13,seller_A,C1384,경기,광명시,1.0,0.0,노지감귤 10kg,
2024,2024-12-12,2024-12-13,seller_A,C1304,서울,강동구,1.0,0.0,노지감귤 10kg,
2024,2024-12-12,2024-12-13,seller_A,C0254,서울,은평구,1.0,0.0,노지감귤 10kg,
2024,2024-12-13,2024-12-15,seller_A,C1385,경기,김포시,1.0,0.0,노지감귤 10kg,
2024,2024-12-13,2024-12-15,seller_A,C1386,전북,남원시,1.0,0.0,노지감귤 10kg,왕
2024,2024-12-13,2024-12-15,seller_A,C0251,경기,고양시,1.0,0.0,노지감귤 10kg,
2024,2024-12-13,2024-12-15,seller_A,C0371,경기,남양주시,1.0,0.0,노지감귤 10kg,왕
2024,2024-12-13,2024-12-15,seller_A,C0004,서울,종로구,1.0,0.0,노지감귤 10kg,왕
2024,2024-12-13,2024-12-15,seller_A,C1387,광주,광산구,1.0,0.0,노지감귤 10kg,신경
2024,2024-12-13,2024-12-15,seller_A,C1086,서울,송파구,1.0,0.0,노지감귤 10kg,
2024,2024-12-13,2024-12-15,seller_A,C0018,서울,중랑구,1.0,0.0,노지감귤 10kg,꼬
2024,2024-12-14,2024-12-15,seller_A,C0011,서울,금천구,1.0,0.0,노지감귤 10kg,왕
2024,2024-12-14,2024-12-15,seller_A,C0020,경기,수원시,1.0,0.0,노지감귤 10kg,왕
2024,2024-12-14,2024-12-15,seller_A,C0217,경기,광주시,1.0,0.0,노지감귤 10kg,왕
2024,2024-12-14,2024-12-15,seller_A,C1388,인천,부평구,0.0,1.0,노지감귤 5kg,
2024,2024-12-15,2024-12-16,seller_A,C0128,경기,광주시,1.0,0.0,노지감귤 10kg,왕
2024,2024-12-15,2024-12-16,seller_A,C0510,서울,노원구,1.0,0.0,노지감귤 10kg,소
2024,2024-12-15,2024-12-16,seller_A,C1065,서울,강남구,1.0,0.0,노지감귤 10kg,
2024,2024-12-15,2024-12-16,seller_A,C1347,경기,안산시,1.0,0.0,노지감귤 10kg,
2024,2024-12-15,2024-12-16,seller_A,C1357,경기,성남시,1.0,0.0,노지감귤 10kg,
2024,2024-12-15,2024-12-16,seller_A,C1389,경기,김포시,1.0,0.0,노지감귤 10kg,왕
2024,2024-12-15,2024-12-16,seller_A,C1390,서울,관악구,1.0,0.0,노지감귤 10kg,
2024,2024-12-15,2024-12-16,seller_A,C1391,전북,전주시,1.0,0.0,노지감귤 10kg,
2024,2024-12-15,2024-12-16,seller_A,C1392,경기,양주시,1.0,0.0,노지감귤 10kg,
2024,2024-12-15,2024-12-16,seller_A,C1393,경기,화성시,1.0,0.0,노지감귤 10kg,
2024,2024-12-13,2024-12-17,seller_A,C1277,서울,서초구,1.0,0.0,노지감귤 10kg,
2024,2024-12-16,2024-12-17,seller_A,C0144,서울,도봉구,1.0,0.0,노지감귤 10kg,
2024,2024-12-16,2024-12-17,seller_A,C1394,서울,종로구,1.0,0.0,노지감귤 10kg,신경
2024,2024-12-16,2024-12-17,seller_A,C1395,경기,포천시,1.0,0.0,노지감귤 10kg,신경
2024,2024-12-16,2024-12-17,seller_A,C1396,서울,영등포구,1.0,0.0,노지감귤 10kg,신경
2024,2024-12-16,2024-12-17,seller_A,C0036,경기,성남시,1.0,0.0,노지감귤 10kg,왕
2024,2024-12-16,2024-12-17,seller_A,C0128,경기,광주시,1.0,0.0,노지감귤 10kg,
2024,2024-12-16,2024-12-17,seller_A,C0389,서울,도봉구,1.0,0.0,노지감귤 10kg,왕
2024,2024-12-16,2024-12-17,seller_A,C0392,서울,도봉구,1.0,0.0,노지감귤 10kg,왕
2024,2024-12-16,2024-12-17,seller_A,C1350,경기,광주시,1.0,0.0,노지감귤 10kg,왕
2024,2024-12-16,2024-12-17,seller_A,C1345,서울,동대문구,1.0,0.0,노지감귤 10kg,신경
2024,2024-12-16,2024-12-17,seller_A,C0427,서울,도봉구,1.0,0.0,노지감귤 10kg,
2024,2024-12-16,2024-12-17,seller_A,C0500,서울,도봉구,2.0,0.0,노지감귤 10kg,
2024,2024-12-16,2024-12-17,seller_A,C0424,전남,해남군,1.0,0.0,노지감귤 10kg,
2024,2024-12-16,2024-12-17,seller_A,C0083,서울,구로구,1.0,0.0,노지감귤 10kg,
2024,2024-12-17,2024-12-18,seller_A,C1362,서울,중랑구,1.0,0.0,노지감귤 10kg,
2024,2024-12-17,2024-12-18,seller_A,C1362,서울,동대문구,1.0,0.0,노지감귤 10kg,
2024,2024-12-17,2024-12-18,seller_A,C0382,경남,거제시,1.0,0.0,노지감귤 10kg,
2024,2024-12-17,2024-12-18,seller_A,C0933,제주,첨단로동길,2.0,0.0,노지감귤 10kg,관내
2024,2024-12-17,2024-12-18,seller_A,C0077,경기,수원시,1.0,0.0,노지감귤 10kg,
2024,2024-12-17,2024-12-18,seller_A,C0077,서울,성동구,1.0,0.0,노지감귤 10kg,
2024,2024-12-17,2024-12-18,seller_A,C1397,서울,서초구,0.0,1.0,노지감귤 5kg,
2024,2024-12-17,2024-12-18,seller_A,C1398,서울,양천구,0.0,1.0,노지감귤 5kg,
2024,2024-12-17,2024-12-18,seller_A,C0507,서울,노원구,0.0,1.0,노지감귤 5kg,
2024,2024-12-17,2024-12-18,seller_A,C1399,서울,강남구,1.0,0.0,노지감귤 10kg,
2024,2024-12-17,2024-12-18,seller_A,C0075,경기,의정부시,2.0,0.0,노지감귤 10kg,왕
2024,2024-12-17,2024-12-18,seller_A,C0076,경기,성남시,2.0,0.0,노지감귤 10kg,왕
2024,2024-12-17,2024-12-18,seller_A,C1290,경기,의정부시,1.0,0.0,노지감귤 10kg,왕
2024,2024-12-17,2024-12-18,seller_A,C1400,서울,성동구,1.0,0.0,노지감귤 10kg,
2024,2024-12-17,2024-12-18,seller_A,C0466,경기,군포시,0.0,1.0,노지감귤 5kg,
2024,2024-12-18,2024-12-19,seller_A,C0986,경기,용인시,1.0,0.0,노지감귤 10kg,
2024,2024-12-18,2024-12-19,seller_A,C1402,경북,포항시,2.0,0.0,노지감귤 10kg,
2024,2024-12-18,2024-12-19,seller_A,C1402,경남,김해시,1.0,0.0,노지감귤 10kg,
2024,2024-12-18,2024-12-19,seller_A,C1403,경북,청도군,1.0,0.0,노지감귤 10kg,
2024,2024-12-18,2024-12-19,seller_A,C1404,경기,화성시,1.0,0.0,노지감귤 10kg,
2024,2024-12-18,2024-12-19,seller_A,C1363,서울,성동구,1.0,0.0,노지감귤 10kg,
2024,2024-12-18,2024-12-19,seller_A,C0950,서울,성북구,1.0,0.0,노지감귤 10kg,
2024,2024-12-18,2024-12-19,seller_A,C0055,서울,도봉구,1.0,0.0,노지감귤 10kg,
2024,2024-12-18,2024-12-19,seller_A,C0930,인천,부평구,1.0,0.0,노지감귤 10kg,
2024,2024-12-18,2024-12-19,seller_A,C1345,서울,동대문구,1.0,0.0,노지감귤 10kg,
2024,2024-12-18,2024-12-19,seller_A,C1325,경기,과천시,1.0,0.0,노지감귤 10kg,
2024,2024-12-18,2024-12-19,seller_A,C1405,광주,광산구,1.0,0.0,노지감귤 10kg,왕
2024,2024-12-18,2024-12-19,seller_A,C1406,경기,안양시,1.0,0.0,노지감귤 10kg,왕
2024,2024-12-18,2024-12-19,seller_A,C1407,인천,연수구,1.0,0.0,노지감귤 10kg,왕
2024,2024-12-18,2024-12-19,seller_A,C0846,경기,파주시,1.0,0.0,노지감귤 10kg,왕
2024,2024-12-18,2024-12-19,seller_A,C0983,경기,용인시,1.0,0.0,노지감귤 10kg,왕
2024,2024-12-18,2024-12-19,seller_A,C0984,경기,용인시,1.0,0.0,노지감귤 10kg,왕
2024,2024-12-18,2024-12-19,seller_A,C1110,경기,용인시,1.0,0.0,노지감귤 10kg,왕
2024,2024-12-18,2024-12-19,seller_A,C1110,경기,의왕시,1.0,0.0,노지감귤 10kg,왕
2024,2024-12-18,2024-12-19,seller_A,C1408,대구,북구,2.0,0.0,노지감귤 10kg,왕
2024,2024-12-18,2024-12-19,seller_A,C1409,서울,양천구,1.0,0.0,노지감귤 10kg,왕
2024,2024-12-18,2024-12-19,seller_A,C1410,경남,창원시,1.0,0.0,노지감귤 10kg,왕
2024,2024-12-18,2024-12-19,seller_A,C1411,경기,성남시,1.0,0.0,노지감귤 10kg,왕
2024,2024-12-18,2024-12-19,seller_A,C1412,서울,광진구,1.0,0.0,노지감귤 10kg,왕
2024,2024-12-18,2024-12-19,seller_A,C1413,경기,광주시,1.0,0.0,노지감귤 10kg,왕
2024,2024-12-19,2024-12-20,seller_A,C1414,경기,파주시,1.0,0.0,노지감귤 10kg,
2024,2024-12-19,2024-12-20,seller_A,C1415,인천,서구,1.0,0.0,노지감귤 10kg,
2024,2024-12-19,2024-12-20,seller_A,C1416,서울,구로구,1.0,0.0,노지감귤 10kg,
2024,2024-12-19,2024-12-20,seller_A,C0035,경기,성남시,2.0,0.0,노지감귤 10kg,왕
2024,2024-12-19,2024-12-20,seller_A,C1288,서울,강북구,1.0,0.0,노지감귤 10kg,
2024,2024-12-19,2024-12-20,seller_A,C1417,서울,서초구,1.0,0.0,노지감귤 10kg,
2024,2024-12-19,2024-12-20,seller_A,C1418,경북,영주시,1.0,0.0,노지감귤 10kg,
2024,2024-12-19,2024-12-20,seller_A,C1419,서울,광진구,1.0,0.0,노지감귤 10kg,
2024,2024-12-19,2024-12-20,seller_A,C0393,충남,공주시,1.0,0.0,노지감귤 10kg,왕
2024,2024-12-19,2024-12-20,seller_A,C1420,서울,노원구,1.0,0.0,노지감귤 10kg,
2024,2024-12-19,2024-12-20,seller_A,C1421,경기,안양시,1.0,0.0,노지감귤 10kg,
2024,2024-12-19,2024-12-20,seller_A,C1422,경기,군포시,0.0,1.0,노지감귤 5kg,
2024,2024-12-19,2024-12-20,seller_A,C1423,경기,안양시,0.0,1.0,노지감귤 5kg,
2024,2024-12-20,2024-12-22,seller_A,C1424,서울,도봉구,2.0,0.0,노지감귤 10kg,왕
2024,2024-12-20,2024-12-22,seller_A,C1019,서울,강남구,1.0,0.0,노지감귤 10kg,
2024,2024-12-20,2024-12-22,seller_A,C1425,경기,군포시,1.0,0.0,노지감귤 10kg,
2024,2024-12-20,2024-12-22,seller_A,C0016,경기,의정부시,2.0,0.0,노지감귤 10kg,
2024,2024-12-20,2024-12-22,seller_A,C1426,부산,사상구,1.0,0.0,노지감귤 10kg,
2024,2024-12-21,2024-12-22,seller_A,C1067,서울,도봉구,1.0,0.0,노지감귤 10kg,
2024,2024-12-21,2024-12-22,seller_A,C1427,경기,의왕시,1.0,0.0,노지감귤 10kg,
2024,2024-12-21,2024-12-22,seller_A,C1428,경기,가평군,1.0,0.0,노지감귤 10kg,
2024,2024-12-21,2024-12-22,seller_A,C1429,서울,강서구,1.0,0.0,노지감귤 10kg,
2024,2024-12-21,2024-12-22,seller_A,C1430,경기,남양주시,1.0,0.0,노지감귤 10kg,
2024,2024-12-21,2024-12-22,seller_A,C1430,경기,남양주시,0.0,1.0,노지감귤 5kg,
2024,2024-12-21,2024-12-22,seller_A,C1431,서울,도봉구,1.0,0.0,노지감귤 10kg,
2024,2024-12-21,2024-12-22,seller_A,C1432,경기,양주시,1.0,0.0,노지감귤 10kg,
2024,2024-12-21,2024-12-22,seller_A,C0064,경기,의정부시,1.0,0.0,노지감귤 10kg,
2024,2024-12-21,2024-12-22,seller_A,C1433,경기,김포시,1.0,0.0,노지감귤 10kg,
2024,2024-12-21,2024-12-22,seller_A,C1434,경기,오산시,1.0,0.0,노지감귤 10kg,
2024,2024-12-22,2024-12-22,seller_A,C1435,서울,강남구,1.0,0.0,노지감귤 10kg,
2024,2024-12-22,2024-12-22,seller_A,C0961,경기,부천시,1.0,0.0,노지감귤 10kg,
2024,2024-12-22,2024-12-22,seller_A,C1436,서울,강북구,2.0,0.0,노지감귤 10kg,
2024,2024-12-22,2024-12-22,seller_A,C1437,서울,강북구,1.0,0.0,노지감귤 10kg,
2024,2024-12-22,2024-12-23,seller_A,C1086,서울,송파구,1.0,0.0,노지감귤 10kg,
2024,2024-12-22,2024-12-23,seller_A,C1307,인천,연수구,1.0,0.0,노지감귤 10kg,
2024,2024-12-22,2024-12-23,seller_A,C1361,강원,삼척시,1.0,0.0,노지감귤 10kg,
2024,2024-12-22,2024-12-23,seller_A,C1287,인천,계양구,1.0,0.0,노지감귤 10kg,
2024,2024-12-22,2024-12-23,seller_A,C1438,전북,김제시,1.0,0.0,노지감귤 10kg,
2024,2024-12-22,2024-12-23,seller_A,C0352,경북,칠곡군,1.0,0.0,노지감귤 10kg,
2024,2024-12-22,2024-12-23,seller_A,C0353,대구,수성구,2.0,0.0,노지감귤 10kg,
2024,2024-12-22,2024-12-23,seller_A,C0351,대구,수성구,1.0,0.0,노지감귤 10kg,
2024,2024-12-22,2024-12-23,seller_A,C0375,서울,양천구,1.0,0.0,노지감귤 10kg,
2024,2024-12-22,2024-12-23,seller_A,C1439,서울,도봉구,1.0,0.0,노지감귤 10kg,왕
2024,2024-12-23,2024-12-23,seller_A,C0221,,,1.0,0.0,노지감귤 10kg,
2024,2024-12-23,2024-12-23,seller_A,C1358,,,1.0,0.0,노지감귤 10kg,
2024,2024-12-23,2024-12-23,seller_A,C0251,,,1.0,0.0,노지감귤 10kg,
2024,2024-12-23,2024-12-23,seller_A,C1443,,,0.0,1.0,노지감귤 5kg,
2024,2024-12-23,2024-12-23,seller_A,C1444,,,0.0,1.0,노지감귤 5kg,
2024,2024-12-23,2024-12-26,seller_A,C1445,경기,안산시,1.0,0.0,노지감귤 10kg,
2024,2024-12-23,2024-12-26,seller_A,C1011,세종,세종,1.0,0.0,노지감귤 10kg,
2024,2024-12-23,2024-12-26,seller_A,C1446,인천,계양구,1.0,0.0,노지감귤 10kg,
2024,2024-12-23,2024-12-26,seller_A,C1447,경기,안산시,1.0,0.0,노지감귤 10kg,
2024,2024-12-23,2024-12-26,seller_A,C1448,경기,화성시,1.0,0.0,노지감귤 10kg,
2024,2024-12-23,2024-12-26,seller_A,C1449,서울,서초구,1.0,0.0,노지감귤 10kg,
2024,2024-12-23,2024-12-26,seller_A,C1450,경기,수원시,1.0,0.0,노지감귤 10kg,
2024,2024-12-23,2024-12-26,seller_A,C1451,전북,전주시,1.0,0.0,노지감귤 10kg,
2024,2024-12-23,2024-12-26,seller_A,C1452,서울,서초구,1.0,0.0,노지감귤 10kg,
2024,2024-12-23,2024-12-26,seller_A,C1453,전북,김제시,1.0,0.0,노지감귤 10kg,
2024,2024-12-23,2024-12-26,seller_A,C1454,전북,전주시,1.0,0.0,노지감귤 10kg,
2024,2024-12-23,2024-12-26,seller_A,C1455,서울,영등포구,1.0,0.0,노지감귤 10kg,
2024,2024-12-23,2024-12-26,seller_A,C1456,대전,유성구,1.0,0.0,노지감귤 10kg,
2024,2024-12-23,2024-12-26,seller_A,C1457,세종,세종,1.0,0.0,노지감귤 10kg,
2024,2024-12-23,2024-12-26,seller_A,C1458,서울,성북구,1.0,0.0,노지감귤 10kg,
2024,2024-12-23,2024-12-26,seller_A,C1459,경기,화성시,1.0,0.0,노지감귤 10kg,
2024,2024-12-23,2024-12-26,seller_A,C1460,서울,강남구,1.0,0.0,노지감귤 10kg,
2024,2024-12-23,2024-12-26,seller_A,C1461,전북,완주군,1.0,0.0,노지감귤 10kg,
2024,2024-12-23,2024-12-26,seller_A,C1462,전북,전주시,1.0,0.0,노지감귤 10kg,
2024,2024-12-23,2024-12-26,seller_A,C1463,경기,화성시,1.0,0.0,노지감귤 10kg,
2024,2024-12-23,2024-12-26,seller_A,C1464,경기,수원시,1.0,0.0,노지감귤 10kg,
2024,2024-12-23,2024-12-26,seller_A,C1465,전북,전주시,1.0,0.0,노지감귤 10kg,
2024,2024-12-23,2024-12-26,seller_A,C1466,전북,전주시,1.0,0.0,노지감귤 10kg,
2024,2024-12-23,2024-12-26,seller_A,C1467,전남,순천시,1.0,0.0,노지감귤 10kg,
2024,2024-12-23,2024-12-26,seller_A,C1468,서울,강남구,1.0,0.0,노지감귤 10kg,
2024,2024-12-23,2024-12-26,seller_A,C1357,경기,성남시,1.0,0.0,노지감귤 10kg,
2024,2024-12-24,2024-12-26,seller_A,C1469,경기,안양시,1.0,0.0,노지감귤 10kg,
2024,2024-12-24,2024-12-26,seller_A,C1470,경남,진주시,2.0,0.0,노지감귤 10kg,
2024,2024-12-24,2024-12-26,seller_A,C0065,서울,용산구,1.0,0.0,노지감귤 10kg,
2024,2024-12-24,2024-12-26,seller_A,C0066,부산,수영구,1.0,0.0,노지감귤 10kg,
2024,2024-12-24,2024-12-26,seller_A,C1471,경기,용인시,1.0,0.0,노지감귤 10kg,
2024,2024-12-24,2024-12-26,seller_A,C1472,경기,의정부시,1.0,0.0,노지감귤 10kg,
2024,2024-12-24,2024-12-26,seller_A,C1473,경남,거제시,1.0,0.0,노지감귤 10kg,
2024,2024-12-24,2024-12-26,seller_A,C1474,전남,여수시,1.0,0.0,노지감귤 10kg,
2024,2024-12-24,2024-12-26,seller_A,C1475,경기,남양주시,1.0,0.0,노지감귤 10kg,
2024,2024-12-24,2024-12-26,seller_A,C1476,경기,용인시,1.0,0.0,노지감귤 10kg,
2024,2024-12-24,2024-12-26,seller_A,C1477,서울,구로구,1.0,0.0,노지감귤 10kg,
2024,2024-12-24,2024-12-26,seller_A,C1478,전북,김제시,1.0,0.0,노지감귤 10kg,
2024,2024-12-24,2024-12-26,seller_A,C1479,경기,파주시,1.0,0.0,노지감귤 10kg,
2024,2024-12-24,2024-12-26,seller_A,C0263,서울,성동구,1.0,0.0,노지감귤 10kg,
2024,2024-12-25,2024-12-26,seller_A,C0161,부산,금정구,1.0,0.0,노지감귤 10kg,
2024,2024-12-25,2024-12-26,seller_A,C1480,부산,남구,1.0,0.0,노지감귤 10kg,
2024,2024-12-25,2024-12-26,seller_A,C1481,세종,세종,1.0,0.0,노지감귤 10kg,왕
2024,2024-12-25,2024-12-26,seller_A,C1482,경기,파주시,1.0,0.0,노지감귤 10kg,왕
2024,2024-12-25,2024-12-26,seller_A,C1350,경기,광주시,1.0,0.0,노지감귤 10kg,왕
2024,2024-12-26,2024-12-27,seller_A,C1483,경기,평택시,1.0,0.0,노지감귤 10kg,
2024,2024-12-26,2024-12-27,seller_A,C1484,서울,서초구,1.0,0.0,노지감귤 10kg,
2024,2024-12-26,2024-12-27,seller_A,C1394,서울,종로구,1.0,0.0,노지감귤 10kg,
2024,2024-12-26,2024-12-27,seller_A,C0077,경기,수원시,1.0,0.0,노지감귤 10kg,
2024,2024-12-26,2024-12-27,seller_A,C0403,충북,진천군,1.0,0.0,노지감귤 10kg,
2024,2024-12-26,2024-12-27,seller_A,C1485,경기,양주시,1.0,0.0,노지감귤 10kg,왕
2024,2024-12-26,2024-12-27,seller_A,C0215,경기,용인시,2.0,0.0,노지감귤 10kg,왕
2024,2024-12-26,2024-12-27,seller_A,C1368,경기,광명시,2.0,0.0,노지감귤 10kg,
2024,2024-12-26,2024-12-27,seller_A,C0503,경기,고양시,1.0,0.0,노지감귤 10kg,
2024,2024-12-26,2024-12-27,seller_A,C0135,서울,노원구,0.0,1.0,노지감귤 5kg,
2024,2024-12-28,2024-12-29,seller_A,C1486,서울,도봉구,1.0,0.0,노지감귤 10kg,
2024,2024-12-28,2024-12-29,seller_A,C0469,경기,김포시,0.0,1.0,노지감귤 5kg,
2024,2024-12-28,2024-12-29,seller_A,C1487,전북,전주시,1.0,0.0,노지감귤 10kg,
2024,2024-12-28,2024-12-29,seller_A,C0502,경기,용인시,1.0,0.0,노지감귤 10kg,
2024,2024-12-28,2024-12-29,seller_A,C0382,경남,거제시,1.0,0.0,노지감귤 10kg,
2024,2024-12-28,2024-12-29,seller_A,C1488,충북,청주시,1.0,0.0,노지감귤 10kg,
2024,2024-12-28,2024-12-29,seller_A,C0006,서울,도봉구,1.0,0.0,노지감귤 10kg,
2024,2024-12-28,2024-12-29,seller_A,C1489,서울,종로구,1.0,0.0,노지감귤 10kg,
2024,2024-12-28,2024-12-29,seller_A,C1416,서울,구로구,1.0,0.0,노지감귤 10kg,
2024,2024-12-29,2025-01-05,seller_A,C0058,서울,도봉구,1.0,0.0,노지감귤 10kg,
2024,2024-12-29,2025-01-05,seller_A,C0083,서울,구로구,1.0,0.0,노지감귤 10kg,
2024,2024-12-29,2025-01-05,seller_A,C1288,서울,강북구,1.0,0.0,노지감귤 10kg,
2024,2024-12-29,2025-01-05,seller_A,C0389,서울,도봉구,1.0,0.0,노지감귤 10kg,왕
2024,2024-12-29,2025-01-05,seller_A,C1490,서울,도봉구,1.0,0.0,노지감귤 10kg,왕
2024,2024-12-29,2025-01-05,seller_A,C1491,서울,도봉구,1.0,0.0,노지감귤 10kg,왕
2024,2024-12-29,2025-01-05,seller_A,C1492,서울,강서구,1.0,0.0,노지감귤 10kg,
2024,2024-12-30,2025-01-05,seller_A,C1070,경기,용인시,1.0,0.0,노지감귤 10kg,
2024,2024-12-30,2025-01-05,seller_A,C1493,경기,의정부시,1.0,0.0,노지감귤 10kg,
2024,2024-12-30,2025-01-05,seller_A,C1455,서울,영등포구,1.0,0.0,노지감귤 10kg,
2024,2024-12-30,2025-01-05,seller_A,C0527,경기,화성시,1.0,0.0,노지감귤 10kg,
2024,2024-12-30,2025-01-05,seller_A,C0020,경기,수원시,2.0,0.0,노지감귤 10kg,왕
2024,2025-01-02,2025-01-05,seller_A,C1494,경기,남양주시,1.0,0.0,노지감귤 10kg,
2024,2025-01-02,2025-01-05,seller_A,C1430,경기,남양주시,1.0,0.0,노지감귤 10kg,
2024,2025-01-02,2025-01-05,seller_A,C0064,경기,의정부시,1.0,0.0,노지감귤 10kg,
2024,2025-01-03,2025-01-05,seller_A,C1395,경기,포천시,1.0,0.0,노지감귤 10kg,
2024,2025-01-03,2025-01-05,seller_A,C1495,서울,강서구,1.0,0.0,노지감귤 10kg,
2024,2025-01-03,2025-01-05,seller_A,C1496,서울,강서구,1.0,0.0,노지감귤 10kg,
2024,2025-01-03,2025-01-05,seller_A,C1497,서울,강서로,1.0,0.0,노지감귤 10kg,
2024,2025-01-03,2025-01-05,seller_A,C0084,서울,양천구,1.0,0.0,노지감귤 10kg,왕
2024,2025-01-03,2025-01-05,seller_A,C0950,서울,성북구,1.0,0.0,노지감귤 10kg,
2024,2025-01-03,2025-01-05,seller_A,C1498,서울,강서구,1.0,0.0,노지감귤 10kg,
2024,2025-01-04,2025-01-05,seller_A,C0966,부산,남구,1.0,0.0,노지감귤 10kg,
2024,2025-01-04,2025-01-05,seller_A,C1439,서울,도봉구,1.0,0.0,노지감귤 10kg,왕
2024,2025-01-04,2025-01-05,seller_A,C0821,경기,수원시,1.0,0.0,노지감귤 10kg,
2024,2025-01-04,2025-01-05,seller_A,C0365,서울,강북구,0.0,1.0,노지감귤 5kg,
2024,2025-01-04,2025-01-05,seller_A,C1394,서울,성북구,0.0,1.0,노지감귤 5kg,신경
2024,2025-01-04,2025-01-05,seller_A,C1499,서울,마포구,0.0,1.0,노지감귤 5kg,
2024,2025-01-04,2025-01-05,seller_A,C1500,경기,용인시,3.0,0.0,노지감귤 10kg,꼬
2024,2025-01-04,2025-01-05,seller_A,C1501,경기,남양주시,1.0,0.0,노지감귤 10kg,꼬
2024,2025-01-04,2025-01-05,seller_A,C1396,서울,영등포구,1.0,0.0,노지감귤 10kg,
2024,2025-01-04,2025-01-05,seller_A,C1502,서울,용산구,0.0,1.0,노지감귤 5kg,
2024,2025-01-04,2025-01-05,seller_A,C1351,서울,강남구,1.0,0.0,노지감귤 10kg,왕
2024,2025-01-04,2025-01-05,seller_A,C0128,경기,광주시,1.0,0.0,노지감귤 10kg,왕
2024,2025-01-04,2025-01-05,seller_A,C1503,서울,강서구,1.0,0.0,노지감귤 10kg,
2024,2024-12-23,2025-01-06,seller_A,C1504,경기,고양시,1.0,0.0,노지감귤 10kg,
2024,2025-01-05,2025-01-06,seller_A,C1062,세종,세종,1.0,0.0,노지감귤 10kg,
2024,2025-01-05,2025-01-06,seller_A,C1447,경기,안산시,1.0,0.0,노지감귤 10kg,
2024,2025-01-05,2025-01-06,seller_A,C1505,서울,은평구,1.0,0.0,노지감귤 10kg,
2024,2025-01-05,2025-01-06,seller_A,C1506,서울,은평구,1.0,0.0,노지감귤 10kg,
2024,2025-01-05,2025-01-06,seller_A,C1507,경기,남양주시,1.0,0.0,노지감귤 10kg,
2024,2025-01-05,2025-01-06,seller_A,C0128,경기,성남시,1.0,0.0,노지감귤 10kg,
2024,2025-01-05,2025-01-06,seller_A,C1393,경기,화성시,1.0,0.0,노지감귤 10kg,
2024,2025-01-05,2025-01-06,seller_A,C1508,경기,오산시,1.0,0.0,노지감귤 10kg,
2024,2025-01-05,2025-01-06,seller_A,C1308,전남,여수시,1.0,0.0,노지감귤 10kg,
2024,2025-01-05,2025-01-06,seller_A,C1509,전남,여수시,1.0,0.0,노지감귤 10kg,
2024,2025-01-05,2025-01-06,seller_A,C1287,인천,계양구,1.0,0.0,노지감귤 10kg,
2024,2025-01-05,2025-01-06,seller_A,C0891,인천,부평구,0.0,1.0,노지감귤 5kg,
2024,2025-01-05,2025-01-06,seller_A,C1510,서울,강서구,0.0,1.0,노지감귤 5kg,
2024,2025-01-05,2025-01-06,seller_A,C0037,서울,도봉구,1.0,0.0,노지감귤 10kg,
2024,2025-01-06,2025-01-07,seller_A,C0986,경기,용인시,1.0,0.0,노지감귤 10kg,
2024,2025-01-06,2025-01-07,seller_A,C1511,강원,원주시,1.0,0.0,노지감귤 10kg,
2024,2025-01-06,2025-01-07,seller_A,C0124,서울,성동구,1.0,0.0,노지감귤 10kg,
2024,2025-01-06,2025-01-07,seller_A,C1512,인천,서구,1.0,0.0,노지감귤 10kg,왕
2024,2025-01-06,2025-01-07,seller_A,C0474,인천,서구,1.0,0.0,노지감귤 10kg,왕
2024,2025-01-06,2025-01-07,seller_A,C1358,경기,의왕시,1.0,0.0,노지감귤 10kg,
2024,2025-01-06,2025-01-07,seller_A,C1077,경기,수원시,1.0,0.0,노지감귤 10kg,
2024,2025-01-06,2025-01-07,seller_A,C1513,인천,미추홀구,1.0,0.0,노지감귤 10kg,
2024,2025-01-06,2025-01-07,seller_A,C1514,경남,창원시,1.0,0.0,노지감귤 10kg,
2024,2025-01-06,2025-01-07,seller_A,C0196,울산,울주군,1.0,0.0,노지감귤 10kg,
2024,2025-01-06,2025-01-07,seller_A,C1515,광주,서구,1.0,0.0,노지감귤 10kg,
2024,2025-01-06,2025-01-07,seller_A,C1516,경기,시흥시,3.0,0.0,노지감귤 10kg,
2024,2025-01-06,2025-01-07,seller_A,C1404,경기,화성시,1.0,0.0,노지감귤 10kg,
2024,2025-01-06,2025-01-07,seller_A,C0998,서울,강북구,1.0,0.0,노지감귤 10kg,
2024,2025-01-07,2025-01-09,seller_A,C1517,전북,전주시,1.0,0.0,노지감귤 10kg,
2024,2025-01-07,2025-01-09,seller_A,C1078,경기,부천시,1.0,0.0,노지감귤 10kg,
2024,2025-01-07,2025-01-09,seller_A,C0221,세종,세종,1.0,0.0,노지감귤 10kg,
2024,2025-01-07,2025-01-09,seller_A,C1518,서울,노원구,1.0,0.0,노지감귤 10kg,
2024,2025-01-07,2025-01-09,seller_A,C1519,경기,김포시,1.0,0.0,노지감귤 10kg,
2024,2025-01-07,2025-01-09,seller_A,C1520,경기,김포시,0.0,1.0,노지감귤 5kg,
2024,2025-01-07,2025-01-09,seller_A,C1110,경기,용인시,1.0,0.0,노지감귤 10kg,왕
2024,2025-01-07,2025-01-09,seller_A,C0846,경기,파주시,1.0,0.0,노지감귤 10kg,왕
2024,2025-01-07,2025-01-09,seller_A,C0983,경기,용인시,1.0,0.0,노지감귤 10kg,왕
2024,2025-01-07,2025-01-09,seller_A,C0085,서울,관악구,1.0,0.0,노지감귤 10kg,
2024,2025-01-08,2025-01-09,seller_A,C0217,경기,광주시,1.0,0.0,노지감귤 10kg,
2024,2025-01-08,2025-01-09,seller_A,C1521,인천,중구,0.0,1.0,노지감귤 5kg,
2024,2025-01-08,2025-01-09,seller_A,C1522,서울,강남구,1.0,0.0,노지감귤 10kg,
2024,2025-01-08,2025-01-09,seller_A,C1523,인천,남동구,1.0,0.0,노지감귤 10kg,
2024,2025-01-08,2025-01-09,seller_A,C1524,인천,연수구,1.0,0.0,노지감귤 10kg,
2024,2025-01-08,2025-01-09,seller_A,C1417,서울,서초구,1.0,0.0,노지감귤 10kg,
2024,2025-01-08,2025-01-09,seller_A,C1525,경기,남양주시,0.0,1.0,노지감귤 5kg,
2024,2025-01-08,2025-01-09,seller_A,C1526,인천,서구,1.0,0.0,노지감귤 10kg,
2024,2025-01-08,2025-01-09,seller_A,C1527,서울,강서구,1.0,0.0,노지감귤 10kg,
2024,2025-01-08,2025-01-09,seller_A,C1528,서울,양천구,1.0,0.0,노지감귤 10kg,
2024,2025-01-08,2025-01-09,seller_A,C1529,서울,강북구,1.0,0.0,노지감귤 10kg,
2024,2025-01-08,2025-01-09,seller_A,C1530,경기,용인시,1.0,0.0,노지감귤 10kg,
2024,2025-01-08,2025-01-09,seller_A,C1531,경기,성남시,1.0,0.0,노지감귤 10kg,
2024,2025-01-08,2025-01-09,seller_A,C0382,경남,거제시,1.0,0.0,노지감귤 10kg,
2024,2025-01-08,2025-01-09,seller_A,C1532,전남,순천시,1.0,0.0,노지감귤 10kg,
2024,2025-01-08,2025-01-09,seller_A,C1409,서울,양천구,1.0,0.0,노지감귤 10kg,왕
2024,2025-01-08,2025-01-09,seller_A,C1110,경기,의왕시,1.0,0.0,노지감귤 10kg,왕
2024,2025-01-10,2025-01-12,seller_A,C0891,서울,성북구,0.0,1.0,노지감귤 5kg,
2024,2025-01-10,2025-01-12,seller_A,C1533,경기,용인시,1.0,0.0,노지감귤 10kg,왕
2024,2025-01-10,2025-01-12,seller_A,C1337,서울,강북구,1.0,0.0,노지감귤 10kg,
2024,2025-01-10,2025-01-12,seller_A,C1357,경기,성남시,1.0,0.0,노지감귤 10kg,
2024,2025-01-10,2025-01-12,seller_A,C1455,서울,영등포구,1.0,0.0,노지감귤 10kg,
2024,2025-01-10,2025-01-12,seller_A,C1534,전북,익산시,1.0,0.0,노지감귤 10kg,
2024,2025-01-11,2025-01-12,seller_A,C0950,서울,성북구,1.0,0.0,노지감귤 10kg,
2024,2025-01-11,2025-01-12,seller_A,C1535,인천,남동구,0.0,1.0,노지감귤 5kg,
2024,2025-01-11,2025-01-12,seller_A,C1536,서울,강동구,0.0,1.0,노지감귤 5kg,
2024,2025-01-11,2025-01-12,seller_A,C1537,부산,북구,1.0,0.0,노지감귤 10kg,광
2024,2025-01-11,2025-01-12,seller_A,C1538,서울,은평구,0.0,1.0,노지감귤 5kg,
2024,2025-01-12,2025-01-12,seller_A,C1539,서울,종로구,1.0,0.0,노지감귤 10kg,
2024,2025-01-12,2025-01-12,seller_A,C0274,충북,청주시,1.0,0.0,노지감귤 10kg,
2024,2025-01-12,2025-01-12,seller_A,C0328,서울,강남구,1.0,0.0,노지감귤 10kg,
2024,2025-01-12,2025-01-12,seller_A,C0460,경기,부천시,1.0,0.0,노지감귤 10kg,
2024,2025-01-12,2025-01-14,seller_A,C1540,경남,거제시,1.0,0.0,노지감귤 10kg,
2024,2025-01-12,2025-01-14,seller_A,C1541,경남,거제시,1.0,0.0,노지감귤 10kg,
2024,2025-01-12,2025-01-14,seller_A,C0503,경기,고양시,1.0,0.0,노지감귤 10kg,
2024,2025-01-13,2025-01-14,seller_A,C1542,경기,의정부시,1.0,0.0,노지감귤 10kg,
2024,2025-01-13,2025-01-14,seller_A,C1543,서울,강서구,1.0,0.0,노지감귤 10kg,
2024,2025-01-13,2025-01-14,seller_A,C1544,서울,중구,2.0,0.0,노지감귤 10kg,
2024,2025-01-13,2025-01-14,seller_A,C1545,경기,용인시,1.0,0.0,노지감귤 10kg,
2024,2025-01-13,2025-01-14,seller_A,C1546,서울,강남구,1.0,0.0,노지감귤 10kg,
2024,2025-01-13,2025-01-14,seller_A,C1547,전북,전주시,1.0,0.0,노지감귤 10kg,
2024,2025-01-13,2025-01-14,seller_A,C1548,서울,중구,1.0,0.0,노지감귤 10kg,
2024,2025-01-13,2025-01-14,seller_A,C1549,광주,광산구,0.0,1.0,노지감귤 5kg,
2024,2025-01-13,2025-01-14,seller_A,C1550,서울,노원구,1.0,0.0,노지감귤 10kg,
2024,2025-01-13,2025-01-14,seller_A,C1551,서울,중구,1.0,0.0,노지감귤 10kg,
2024,2025-01-13,2025-01-14,seller_A,C1552,서울,마포구,1.0,0.0,노지감귤 10kg,왕
2024,2025-01-13,2025-01-14,seller_A,C1367,경기,고양시,0.0,1.0,노지감귤 5kg,
2024,2025-01-14,2025-01-15,seller_A,C0055,서울,도봉구,1.0,0.0,노지감귤 10kg,
2024,2025-01-14,2025-01-15,seller_A,C0398,경기,의정부시,1.0,0.0,노지감귤 10kg,
2024,2025-01-14,2025-01-15,seller_A,C0396,경기,구리시,1.0,0.0,노지감귤 10kg,
2024,2025-01-14,2025-01-15,seller_A,C1553,서울,서대문구,1.0,0.0,노지감귤 10kg,
2024,2025-01-14,2025-01-15,seller_A,C1554,서울,서대문구,1.0,0.0,노지감귤 10kg,
2024,2025-01-14,2025-01-15,seller_A,C0064,경기,의정부시,1.0,0.0,노지감귤 10kg,
2024,2025-01-14,2025-01-15,seller_A,C1555,경기,부천시,1.0,0.0,노지감귤 10kg,
2024,2025-01-14,2025-01-15,seller_A,C1393,경기,화성시,1.0,0.0,노지감귤 10kg,
2024,2025-01-14,2025-01-15,seller_A,C1490,서울,도봉구,1.0,0.0,노지감귤 10kg,왕
2024,2025-01-14,2025-01-15,seller_A,C0460,서울,마포구,3.0,0.0,노지감귤 10kg,왕
2024,2025-01-14,2025-01-15,seller_A,C1556,서울,강서구,2.0,0.0,노지감귤 10kg,왕
2024,2025-01-14,2025-01-15,seller_A,C1557,전남,강진군,1.0,0.0,노지감귤 10kg,왕
2024,2025-01-14,2025-01-15,seller_A,C0460,경기,부천시,1.0,0.0,노지감귤 10kg,꼬
2024,2025-01-14,2025-01-15,seller_A,C1558,경남,거제시,1.0,0.0,노지감귤 10kg,왕
2024,2025-01-14,2025-01-15,seller_A,C1559,대전,유성구,1.0,0.0,노지감귤 10kg,왕
2024,2025-01-14,2025-01-15,seller_A,C0382,경남,거제시,1.0,0.0,노지감귤 10kg,왕
2024,2025-01-14,2025-01-15,seller_A,C0983,경기,용인시,2.0,0.0,노지감귤 10kg,왕
2024,2025-01-14,2025-01-15,seller_A,C1560,경기,파주시,1.0,0.0,노지감귤 10kg,왕
2024,2025-01-14,2025-01-17,seller_A,C1337,서울,강북구,1.0,0.0,노지감귤 10kg,꼬
2024,2025-01-16,2025-01-17,seller_A,C1110,경기,용인시,1.0,0.0,노지감귤 10kg,왕
2024,2025-01-16,2025-01-17,seller_A,C0846,경기,파주시,1.0,0.0,노지감귤 10kg,왕
2024,2025-01-16,2025-01-17,seller_A,C0983,경기,용인시,1.0,0.0,노지감귤 10kg,왕
2024,2025-01-16,2025-01-17,seller_A,C0984,경기,용인시,2.0,0.0,노지감귤 10kg,왕
2024,2025-01-16,2025-01-17,seller_A,C0084,서울,양천구,1.0,0.0,노지감귤 10kg,왕
2024,2024-11-22,2024-11-24,seller_B,C0549,전남,구례군,1.0,0.0,노지감귤10Kg,
2024,2024-11-22,2024-11-24,seller_B,C0742,서울,강동구,1.0,0.0,노지감귤 10kg,
2024,2024-11-22,2024-11-24,seller_B,C1561,서울,강동구,1.0,0.0,노지감귤 10kg,
2024,2024-11-22,2024-11-24,seller_B,C1123,경기,수원시,1.0,0.0,노지감귤 10kg,
2024,2024-11-22,2024-11-24,seller_B,C1124,경기,하남시,1.0,0.0,노지감귤 10kg,
2024,2024-11-22,2024-11-24,seller_B,C0548,경기,용인시,1.0,0.0,노지감귤 10kg,
2024,2024-11-22,2024-11-24,seller_B,C0671,경기,화성시,1.0,0.0,노지감귤(10kg),
2024,2024-11-22,2024-11-24,seller_B,C0672,대구,북구,1.0,0.0,노지감귤(10kg),
2024,2024-11-22,2024-11-24,seller_B,C0673,대구,북구,1.0,0.0,노지감귤(10kg),
2024,2024-11-22,2024-11-24,seller_B,C0674,경북,경산시,1.0,0.0,노지감귤(10kg),
2024,2024-11-22,2024-11-24,seller_B,C0675,대구,동구,1.0,0.0,노지감귤(10kg),
2024,2024-11-22,2024-11-24,seller_B,C0864,경기,하남시,1.0,0.0,노지감귤(10kg),
2024,2024-11-22,2024-11-24,seller_B,C0670,경기,양주시,1.0,0.0,노지감귤(10kg),
2024,2024-11-22,2024-11-24,seller_B,C0670,서울,강북구,2.0,0.0,노지감귤(10kg),
2024,2024-11-22,2024-11-24,seller_B,C0865,서울,강서구,1.0,0.0,노지감귤(10kg),
2024,2024-11-22,2024-11-24,seller_B,C0670,서울,광진구,1.0,0.0,노지감귤(10kg),
2024,2024-11-22,2024-11-24,seller_B,C0866,서울,양천구,1.0,0.0,노지감귤(10kg),
2024,2024-11-22,2024-11-24,seller_B,C0867,서울,광진구,1.0,0.0,노지감귤(10kg),
2024,2024-11-22,2024-11-24,seller_B,C0868,서울,광진구,1.0,0.0,노지감귤(10kg),
2024,2024-11-22,2024-11-24,seller_B,C1250,서울,도봉구,1.0,0.0,노지감귤 10kg,
2024,2024-11-22,2024-11-24,seller_B,C0827,서울,도봉구,1.0,0.0,노지감귤 10kg,
2024,2024-11-22,2024-11-24,seller_B,C0869,서울,노원구,1.0,0.0,노지감귤 10kg,
2024,2024-11-23,2024-11-24,seller_B,C1562,대전,유성구,1.0,0.0,노지감귤 10kg,
2024,2024-11-23,2024-11-24,seller_B,C1563,충북,음성군,1.0,0.0,노지감귤 10kg,
2024,2024-11-23,2024-11-24,seller_B,C1163,충북,청주시,1.0,0.0,노지감귤 10kg,
2024,2024-11-23,2024-11-24,seller_B,C0642,서울,중구,1.0,0.0,노지감귤 10kg,
2024,2024-11-23,2024-11-24,seller_B,C0643,경기,화성시,1.0,0.0,노지감귤 10kg,
2024,2024-11-23,2024-11-24,seller_B,C0644,경기,김포시,1.0,0.0,노지감귤 10kg,
2024,2024-11-23,2024-11-24,seller_B,C0575,경기,고양시,1.0,0.0,노지감귤 10kg,
2024,2024-11-23,2024-11-24,seller_B,C1147,서울,도봉구,1.0,0.0,노지감귤 10kg,
2024,2024-11-23,2024-11-24,seller_B,C1148,경기,화성시,1.0,0.0,노지감귤 10kg,
2024,2024-11-23,2024-11-24,seller_B,C1149,인천,계양구,1.0,0.0,노지감귤 10kg,
2024,2024-11-23,2024-11-24,seller_B,C1150,서울,광진구,1.0,0.0,노지감귤 10kg,
2024,2024-11-23,2024-11-24,seller_B,C1151,경기,안양시,1.0,0.0,노지감귤 10kg,
2024,2024-11-24,2024-11-27,seller_B,C0688,광주,광산구,1.0,0.0,노지감귤 10kg,
2024,2024-11-24,2024-11-27,seller_B,C0689,경기,이천시,1.0,0.0,노지감귤 10kg,
2024,2024-11-24,2024-11-27,seller_B,C0689,경기,남양주시,1.0,0.0,노지감귤 10kg,
2024,2024-11-24,2024-11-27,seller_B,C0689,전남,영광군,1.0,0.0,노지감귤 10kg,
2024,2024-11-24,2024-11-27,seller_B,C0690,전남,영광군,1.0,0.0,노지감귤 10kg,
2024,2024-11-24,2024-11-27,seller_B,C0178,경기,성남시,1.0,0.0,노지감귤 10kg,
2024,2024-11-24,2024-11-27,seller_B,C0191,대전,중구,1.0,0.0,노지감귤 10kg,
2024,2024-11-24,2024-11-27,seller_B,C1564,서울,강남구,1.0,0.0,노지감귤 10kg,
2024,2024-11-24,2024-11-27,seller_B,C0736,경기,성남시,1.0,0.0,노지감귤(10kg),
2024,2024-11-24,2024-11-27,seller_B,C0737,서울,양천구,1.0,0.0,노지감귤(10kg),
2024,2024-11-24,2024-11-27,seller_B,C0738,서울,송파구,1.0,0.0,노지감귤(10kg),
2024,2024-11-24,2024-11-27,seller_B,C1565,서울,성북구,1.0,0.0,노지감귤(10kg),
2024,2024-11-22,2024-11-27,seller_B,C0677,경기,성남시,2.0,0.0,노지감귤 10kg,
2024,2024-11-25,2024-11-27,seller_B,C1566,인천,남동구,1.0,0.0,노지감귤 10kg,1.0
2024,2024-11-25,2024-11-27,seller_B,C1567,충북,충주시,1.0,0.0,노지감귤 10kg,2.0
2024,2024-11-25,2024-11-27,seller_B,C1568,서울,영등포구,1.0,0.0,노지감귤 10kg,3.0
2024,2024-11-25,2024-11-27,seller_B,C1569,서울,강북구,1.0,0.0,노지감귤 10kg,4.0
2024,2024-11-25,2024-11-27,seller_B,C0674,경북,경산시,1.0,0.0,노지감귤 10kg,5.0
2024,2024-11-25,2024-11-27,seller_B,C0673,대구,북구,1.0,0.0,노지감귤 10kg,6.0
2024,2024-11-25,2024-11-27,seller_B,C0812,서울,구로구,1.0,0.0,노지감귤 10kg,7.0
2024,2024-11-25,2024-11-27,seller_B,C1570,충북,충주시,1.0,0.0,노지감귤 10kg,8.0
2024,2024-11-25,2024-11-27,seller_B,C1167,경기,안양시,1.0,0.0,노지감귤 10kg,
2024,2024-11-25,2024-11-27,seller_B,C1571,대전,동구,1.0,0.0,노지감귤 10kg,
2024,2024-11-25,2024-11-27,seller_B,C1572,경기,안양시,1.0,0.0,노지감귤 10kg,
2024,2024-11-25,2024-11-27,seller_B,C1573,서울,노원구,1.0,0.0,노지감귤 10kg,
2024,2024-11-25,2024-11-27,seller_B,C1120,서울,노원구,1.0,0.0,노지감귤 10kg,
2024,2024-11-26,2024-11-28,seller_B,C1574,경남,밀양시,1.0,0.0,노지감귤 10kg,
2024,2024-11-27,2024-11-28,seller_B,C1575,대구,군위면,1.0,0.0,노지감귤 10kg,
2024,2024-11-27,2024-12-02,seller_B,C0573,서울,노원구,1.0,0.0,노지감귤 10kg,
2024,2024-11-27,2024-12-02,seller_B,C0574,서울,노원구,1.0,0.0,노지감귤 10kg,2.0
2024,2024-11-27,2024-12-02,seller_B,C0575,경기,일산시,1.0,0.0,노지감귤 10kg,3.0
2024,2024-11-27,2024-12-02,seller_B,C0576,서울,강동구,1.0,0.0,노지감귤 10kg,4.0
2024,2024-11-27,2024-12-02,seller_B,C0577,서울,서초구,1.0,0.0,노지감귤 10kg,cj택배; 5.0
2024,2024-11-27,2024-12-02,seller_B,C0578,서울,서초구,1.0,0.0,노지감귤 10kg,6.0
2024,2024-11-27,2024-12-02,seller_B,C0579,경기,수원시,1.0,0.0,노지감귤 10kg,7.0
2024,2024-11-27,2024-12-02,seller_B,C0580,경기,고양시,1.0,0.0,노지감귤 10kg,8.0
2024,2024-11-27,2024-12-02,seller_B,C0581,서울,서초구,1.0,0.0,노지감귤 10kg,cj택배; 9.0
2024,2024-11-27,2024-12-02,seller_B,C0582,경기,하남시,1.0,0.0,노지감귤 10kg,10.0
2024,2024-11-27,2024-12-02,seller_B,C0583,경기,고양시,1.0,0.0,노지감귤 10kg,11.0
2024,2024-11-27,2024-12-02,seller_B,C0568,서울,송파구,1.0,0.0,노지감귤 10kg,1.0
2024,2024-11-27,2024-12-02,seller_B,C1136,경기,가평군,1.0,0.0,노지감귤 10kg,2.0
2024,2024-11-27,2024-12-02,seller_B,C0569,서울,영등포구,2.0,0.0,노지감귤 10kg,4.0
2024,2024-11-27,2024-12-02,seller_B,C0570,서울,관악구,2.0,0.0,노지감귤 10kg,6.0
2024,2024-11-27,2024-12-02,seller_B,C0571,서울,강서구,2.0,0.0,노지감귤 10kg,8.0
2024,2024-11-27,2024-12-02,seller_B,C0572,대구,달서구,1.0,0.0,노지감귤 10kg,10.0
2024,2024-11-27,2024-12-02,seller_B,C0572,서울,마포구,1.0,0.0,노지감귤 10kg,
2024,2024-11-28,2024-12-02,seller_B,C1576,경기,의정부시,1.0,0.0,노지감귤 10kg,
2024,2024-11-28,2024-12-02,seller_B,C1577,서울,송파구,1.0,0.0,노지감귤 10kg,
2024,2024-11-28,2024-12-02,seller_B,C1578,서울,서초구,1.0,0.0,노지감귤 10kg,
2024,2024-11-28,2024-12-02,seller_B,C1579,서울,강동구,1.0,0.0,노지감귤 10kg,
2024,2024-11-30,2024-12-02,seller_B,C1152,경기,용인시,1.0,0.0,노지감귤 10kg,
2024,2024-11-30,2024-12-02,seller_B,C0719,인천,남동구,2.0,0.0,노지감귤 10kg,
2024,2024-11-30,2024-12-02,seller_B,C0852,강원,횡성군,2.0,0.0,노지감귤 10kg,
2024,2024-11-30,2024-12-02,seller_B,C0719,경기,평택시,3.0,0.0,노지감귤 10kg,
2024,2024-11-30,2024-12-02,seller_B,C0853,서울,성동구,2.0,0.0,노지감귤 10kg,
2024,2024-11-30,2024-12-02,seller_B,C0719,서울,광진구,1.0,0.0,노지감귤 10kg,
2024,2024-12-01,2024-12-02,seller_B,C0677,경기,성남시,2.0,0.0,노지감귤 10kg,
2024,2024-12-02,2024-12-04,seller_B,C1580,강원,횡성군,1.0,0.0,노지감귤 10kg,
2024,2024-12-02,2024-12-04,seller_B,C1236,서울,양천구,1.0,0.0,노지감귤 10kg,
2024,2024-12-02,2024-12-04,seller_B,C1581,인천,부평구,0.0,1.0,노지감귤 5kg,
2024,2024-12-02,2024-12-04,seller_B,C1582,서울,구로구,0.0,1.0,노지감귤 5kg,
2024,2024-12-02,2024-12-04,seller_B,C1241,인천,서구,0.0,1.0,노지감귤 5kg,
2024,2024-12-02,2024-12-04,seller_B,C1583,서울,은평구,0.0,1.0,노지감귤 5kg,
2024,2024-12-02,2024-12-04,seller_B,C1584,경기,수원시,0.0,1.0,노지감귤 5kg,
2024,2024-12-02,2024-12-04,seller_B,C1585,경기,파주시,0.0,1.0,노지감귤 5kg,
2024,2024-12-02,2024-12-04,seller_B,C1586,인천,계양구,0.0,1.0,노지감귤 5kg,
2024,2024-12-02,2024-12-04,seller_B,C1587,서울,종로구,0.0,1.0,노지감귤 5kg,
2024,2024-12-02,2024-12-04,seller_B,C0562,경기,성남시,0.0,1.0,노지감귤 5kg,
2024,2024-12-02,2024-12-04,seller_B,C0564,경기,오산시,0.0,1.0,노지감귤 5kg,
2024,2024-12-02,2024-12-04,seller_B,C1588,강원,속초시,2.0,0.0,노지감귤 10kg,
2024,2024-12-02,2024-12-04,seller_B,C1589,경남,사천시,1.0,0.0,노지감귤 10kg,
2024,2024-12-02,2024-12-04,seller_B,C1590,서울,영등포구,1.0,0.0,노지감귤 10kg,
2024,2024-12-03,2024-12-04,seller_B,C1190,서울,강북구,1.0,0.0,노지감귤 10kg,
2024,2024-12-03,2024-12-04,seller_B,C1191,경기,안양시,1.0,0.0,노지감귤 10kg,
2024,2024-12-03,2024-12-04,seller_B,C1192,경기,안양시,1.0,0.0,노지감귤 10kg,
2024,2024-12-03,2024-12-04,seller_B,C1193,서울,강서구,1.0,0.0,노지감귤 10kg,
2024,2024-12-03,2024-12-04,seller_B,C1194,서울,강북구,1.0,0.0,노지감귤 10kg,
2024,2024-12-03,2024-12-04,seller_B,C1591,경기,안양시,1.0,0.0,노지감귤 10kg,
2024,2024-12-03,2024-12-04,seller_B,C1195,경기,파주시,1.0,0.0,노지감귤 10kg,
2024,2024-12-03,2024-12-04,seller_B,C1196,인천,동구,1.0,0.0,노지감귤 10kg,
2024,2024-12-03,2024-12-04,seller_B,C0669,경기,하남시,1.0,0.0,노지감귤 10kg,
2024,2024-12-03,2024-12-04,seller_B,C0719,인천,남동구,2.0,0.0,노지감귤 10kg,
2024,2024-12-03,2024-12-04,seller_B,C0719,경기,평택시,3.0,0.0,노지감귤 10kg,
2024,2024-12-04,2024-12-05,seller_B,C0827,서울,도봉구,1.0,0.0,노지감귤 10kg,
2024,2024-12-04,2024-12-05,seller_B,C0718,대구,동구,1.0,0.0,노지감귤 10kg,
2024,2024-12-04,2024-12-05,seller_B,C0630,경기,하남시,1.0,0.0,노지감귤 10kg,
2024,2024-12-04,2024-12-05,seller_B,C0631,서울,강동구,1.0,0.0,노지감귤 10kg,
2024,2024-12-04,2024-12-05,seller_B,C0632,서울,마포구,1.0,0.0,노지감귤 10kg,
2024,2024-12-05,2024-12-06,seller_B,C0178,경기,성남시,1.0,0.0,노지감귤 10kg,
2024,2024-12-06,2024-12-08,seller_B,C1592,서울,동작구,1.0,0.0,노지감귤 10kg,
2024,2024-12-06,2024-12-08,seller_B,C1593,광주,북구,1.0,0.0,노지감귤 10kg,
2024,2024-12-06,2024-12-08,seller_B,C1594,경기,양주시,1.0,0.0,노지감귤 10kg,
2024,2024-12-06,2024-12-08,seller_B,C1595,서울,양천구,0.0,1.0,노지감귤 5kg,
2024,2024-12-06,2024-12-08,seller_B,C0714,경기,용인시,0.0,1.0,노지감귤 5kg,
2024,2024-12-06,2024-12-08,seller_B,C1596,서울,동대문구,0.0,1.0,노지감귤 5kg,
2024,2024-12-06,2024-12-08,seller_B,C0696,서울,동작구,1.0,0.0,노지감귤 10kg,
2024,2024-12-06,2024-12-08,seller_B,C0649,서울,강북구,1.0,0.0,노지감귤 10kg,
2024,2024-12-06,2024-12-08,seller_B,C0649,서울,강북구,0.0,1.0,노지감귤 5kg,
2024,2024-12-06,2024-12-08,seller_B,C1597,서울,강남구,1.0,0.0,노지감귤 10kg,
2024,2024-12-06,2024-12-08,seller_B,C0684,경기,성남시,1.0,0.0,노지감귤 10kg,
2024,2024-12-06,2024-12-08,seller_B,C1598,서울,용산구,0.0,1.0,노지감귤 5kg,
2024,2024-12-06,2024-12-08,seller_B,C1599,서울,성북구,0.0,1.0,노지감귤 5kg,
2024,2024-12-06,2024-12-08,seller_B,C0650,서울,구로구,1.0,0.0,노지감귤 10kg,
2024,2024-12-06,2024-12-08,seller_B,C1140,인천,연수구,1.0,0.0,노지감귤 10kg,
2024,2024-12-06,2024-12-08,seller_B,C0691,전남,여수시,1.0,0.0,노지감귤 10kg,
2024,2024-12-06,2024-12-08,seller_B,C0692,경기,광명시,1.0,0.0,노지감귤 10kg,
2024,2024-12-06,2024-12-08,seller_B,C0693,경북,의성군,1.0,0.0,노지감귤(10kg),
2024,2024-12-06,2024-12-08,seller_B,C0694,서울,강서구,1.0,0.0,노지감귤 10kg,
2024,2024-12-06,2024-12-08,seller_B,C1600,서울,강북구,1.0,0.0,노지감귤 10kg,
2024,2024-12-06,2024-12-08,seller_B,C1154,서울,송파구,0.0,1.0,노지감귤 5kg,
2024,2024-12-06,2024-12-08,seller_B,C1156,경기,용인시,0.0,1.0,노지감귤 5kg,
2024,2024-12-06,2024-12-08,seller_B,C0662,경기,광주시,0.0,1.0,노지감귤 5kg,
2024,2024-12-06,2024-12-08,seller_B,C0663,경기,용인시,0.0,1.0,노지감귤 5kg,
2024,2024-12-06,2024-12-08,seller_B,C1157,경기,용인시,0.0,1.0,노지감귤 5kg,
2024,2024-12-06,2024-12-08,seller_B,C1601,경기,성남시,0.0,1.0,노지감귤 5kg,
2024,2024-12-06,2024-12-08,seller_B,C1602,서울,강남구,0.0,1.0,노지감귤 5kg,
2024,2024-12-06,2024-12-08,seller_B,C1603,경기,성남시,0.0,1.0,노지감귤 5kg,
2024,2024-12-06,2024-12-08,seller_B,C1604,경기,성남시,0.0,1.0,노지감귤 5kg,
2024,2024-12-06,2024-12-08,seller_B,C1605,경기,성남시,0.0,1.0,노지감귤 5kg,
2024,2024-12-06,2024-12-08,seller_B,C0658,경기,성남시,1.0,0.0,노지감귤 10kg,
2024,2024-12-06,2024-12-08,seller_B,C1159,경기,남양주시,1.0,0.0,노지감귤 10kg,
2024,2024-12-06,2024-12-08,seller_B,C1606,서울,노원구,1.0,0.0,노지감귤 10kg,
2024,2024-12-07,2024-12-08,seller_B,C0697,전북,전주시,1.0,0.0,노지감귤(10kg),
2024,2024-12-07,2024-12-08,seller_B,C0797,서울,송파구,1.0,0.0,노지감귤 10kg,
2024,2024-12-07,2024-12-08,seller_B,C0775,서울,은평구,1.0,0.0,노지감귤 10kg,
2024,2024-12-07,2024-12-08,seller_B,C0774,경기,고양시,0.0,1.0,노지감귤 5kg,
2024,2024-12-07,2024-12-08,seller_B,C1607,경기,양평군,1.0,0.0,노지감귤 10kg,
2024,2024-12-07,2024-12-08,seller_B,C0565,서울,성북구,1.0,0.0,노지감귤 10kg,
2024,2024-12-07,2024-12-08,seller_B,C0811,서울,광진구,1.0,0.0,노지감귤 10kg,
2024,2024-12-07,2024-12-08,seller_B,C0585,서울,은평구,0.0,1.0,노지감귤(5kg),
2024,2024-12-07,2024-12-08,seller_B,C0586,전남,보성군,0.0,1.0,노지감귤(5kg),
2024,2024-12-07,2024-12-08,seller_B,C1608,서울,노원구,0.0,1.0,노지감귤(5kg),
2024,2024-12-07,2024-12-08,seller_B,C1609,전남,강진구,1.0,0.0,노지감귤 10kg,
2024,2024-12-07,2024-12-08,seller_B,C0589,서울,노원구,0.0,1.0,노지감귤(5kg),
2024,2024-12-08,2024-12-09,seller_B,C1610,대구,수성구,0.0,1.0,노지감귤(5kg),
2024,2024-12-09,2024-12-10,seller_B,C1611,경기,안양시,0.0,1.0,노지감귤(5kg),
2024,2024-12-09,2024-12-10,seller_B,C1612,경기,화성시,1.0,0.0,노지감귤 10kg,
2024,2024-12-09,2024-12-10,seller_B,C0572,대구,달서구,1.0,0.0,노지감귤 10kg,
2024,2024-12-09,2024-12-10,seller_B,C1613,서울,종로구,1.0,0.0,노지감귤 10kg,
2024,2024-12-09,2024-12-10,seller_B,C1614,서울,마포구,1.0,0.0,노지감귤 10kg,
2024,2024-12-09,2024-12-10,seller_B,C1615,서울,마포구,1.0,0.0,노지감귤 10kg,
2024,2024-12-09,2024-12-10,seller_B,C1616,서울,성북구,1.0,0.0,노지감귤 10kg,
2024,2024-12-09,2024-12-10,seller_B,C1617,서울,광진구,1.0,0.0,노지감귤 10kg,
2024,2024-12-09,2024-12-10,seller_B,C1618,서울,도봉구,1.0,0.0,노지감귤 10kg,
2024,2024-12-09,2024-12-10,seller_B,C1619,충북,청주시,1.0,0.0,노지감귤 10kg,
2024,2024-12-09,2024-12-10,seller_B,C1620,서울,강동구,1.0,0.0,노지감귤 10kg,
2024,2024-12-09,2024-12-10,seller_B,C1621,서울,양천구,1.0,0.0,노지감귤 10kg,
2024,2024-12-09,2024-12-10,seller_B,C1622,서울,도봉구,1.0,0.0,노지감귤 10kg,
2024,2024-12-09,2024-12-10,seller_B,C1623,경기,용인시,1.0,0.0,노지감귤 10kg,
2024,2024-12-09,2024-12-10,seller_B,C1624,경기,고양시,1.0,0.0,노지감귤 10kg,
2024,2024-12-09,2024-12-10,seller_B,C1625,서울,서대문구,1.0,0.0,노지감귤 10kg,
2024,2024-12-09,2024-12-10,seller_B,C1626,서울,서초구,1.0,0.0,노지감귤 10kg,
2024,2024-12-09,2024-12-10,seller_B,C1627,서울,마포구,1.0,0.0,노지감귤 10kg,
2024,2024-12-09,2024-12-10,seller_B,C1628,경기,구리시,1.0,0.0,노지감귤 10kg,
2024,2024-12-09,2024-12-10,seller_B,C1629,경기,안양시,1.0,0.0,노지감귤 10kg,
2024,2024-12-09,2024-12-10,seller_B,C1630,경기,고양시,1.0,0.0,노지감귤 10kg,
2024,2024-12-09,2024-12-10,seller_B,C1631,서울,강남구,1.0,0.0,노지감귤 10kg,
2024,2024-12-09,2024-12-10,seller_B,C1632,서울,송파구,1.0,0.0,노지감귤 10kg,
2024,2024-12-09,2024-12-10,seller_B,C1633,서울,은평구,1.0,0.0,노지감귤 10kg,
2024,2024-12-09,2024-12-10,seller_B,C1634,경기,성남시,1.0,0.0,노지감귤 10kg,
2024,2024-12-09,2024-12-10,seller_B,C1635,경기,하남시,1.0,0.0,노지감귤 10kg,
2024,2024-12-09,2024-12-10,seller_B,C1636,경기,성남시,1.0,0.0,노지감귤 10kg,
2024,2024-12-09,2024-12-10,seller_B,C1637,서울,중구,1.0,0.0,노지감귤 10kg,
2024,2024-12-09,2024-12-10,seller_B,C1638,서울,마포구,1.0,0.0,노지감귤 10kg,
2024,2024-12-09,2024-12-10,seller_B,C1639,서울,은평구,1.0,0.0,노지감귤 10kg,
2024,2024-12-10,2024-12-11,seller_B,C1640,서울,영등포구,1.0,0.0,노지감귤 10kg,
2024,2024-12-10,2024-12-11,seller_B,C1260,경기,성남시,0.0,1.0,노지감귤(5kg),
2024,2024-12-10,2024-12-11,seller_B,C1641,서울,강동구,1.0,0.0,노지감귤 10kg,
2024,2024-12-10,2024-12-11,seller_B,C1642,충북,제천시,1.0,0.0,노지감귤 10kg,
2024,2024-12-10,2024-12-11,seller_B,C0628,서울,서초구,1.0,0.0,노지감귤 10kg,
2024,2024-12-10,2024-12-11,seller_B,C0629,경기,남양주시,1.0,0.0,노지감귤 10kg,
2024,2024-12-10,2024-12-11,seller_B,C1643,서울,마포구,0.0,1.0,노지감귤(5kg),
2024,2024-12-10,2024-12-11,seller_B,C1644,경기,파주시,0.0,1.0,노지감귤(5kg),
2024,2024-12-10,2024-12-11,seller_B,C1645,경기,성남시,0.0,1.0,노지감귤(5kg),
2024,2024-12-10,2024-12-11,seller_B,C1646,경기,용인시,0.0,1.0,노지감귤(5kg),
2024,2024-12-10,2024-12-11,seller_B,C0665,경기,화성시,0.0,1.0,노지감귤(5kg),
2024,2024-12-10,2024-12-11,seller_B,C0666,경기,성남시,0.0,1.0,노지감귤(5kg),
2024,2024-12-10,2024-12-11,seller_B,C0667,경기,용인시,0.0,1.0,노지감귤(5kg),
2024,2024-12-11,2024-12-12,seller_B,C1647,세종,세종,1.0,0.0,노지감귤 10kg,
2024,2024-12-11,2024-12-12,seller_B,C0696,서울,동작구,1.0,0.0,노지감귤 10kg,왕
2024,2024-12-11,2024-12-12,seller_B,C0653,서울,서초구,2.0,0.0,노지감귤 10kg,
2024,2024-12-11,2024-12-12,seller_B,C0685,서울,강북구,1.0,0.0,노지감귤 10kg,
2024,2024-12-11,2024-12-12,seller_B,C0599,서울,강서구,1.0,0.0,노지감귤 10kg,
2024,2024-12-11,2024-12-12,seller_B,C0600,경기,고양시,1.0,0.0,노지감귤 10kg,
2024,2024-12-11,2024-12-12,seller_B,C1648,경기,남양주시,1.0,0.0,노지감귤 10kg,
2024,2024-12-11,2024-12-12,seller_B,C0676,경기,고양시,0.0,1.0,노지감귤(5kg),
2024,2024-12-11,2024-12-12,seller_B,C1649,서울,강서구,0.0,1.0,노지감귤(5kg),
2024,2024-12-11,2024-12-12,seller_B,C0310,경기,시흥시,3.0,0.0,노지감귤 10kg,
2024,2024-12-11,2024-12-12,seller_B,C1650,서울,동대문구,1.0,0.0,노지감귤 10kg,
2024,2024-12-12,2024-12-13,seller_B,C0582,경기,하남시,1.0,0.0,노지감귤 10kg,
2024,2024-12-12,2024-12-13,seller_B,C0861,서울,마포구,1.0,0.0,노지감귤 10kg,
2024,2024-12-12,2024-12-13,seller_B,C0862,서울,용산구,1.0,0.0,노지감귤 10kg,
2024,2024-12-12,2024-12-13,seller_B,C0826,경기,고양시,1.0,0.0,노지감귤 10kg,
2024,2024-12-12,2024-12-13,seller_B,C1651,충남,부여군,1.0,0.0,노지감귤 10kg,
2024,2024-12-12,2024-12-13,seller_B,C1652,서울,강동구,1.0,0.0,노지감귤 10kg,
2024,2024-12-12,2024-12-13,seller_B,C1653,경기,하남시,0.0,1.0,노지감귤(5kg),
2024,2024-12-12,2024-12-13,seller_B,C1654,서울,양천구,1.0,0.0,노지감귤 10kg,
2024,2024-12-12,2024-12-13,seller_B,C1655,충북,청주시,0.0,1.0,노지감귤(5kg),
2024,2024-12-12,2024-12-13,seller_B,C0836,서울,양천구,0.0,1.0,노지감귤(5kg),
2024,2024-12-12,2024-12-13,seller_B,C1656,대전,유성구,1.0,0.0,노지감귤 10kg,
2024,2024-12-12,2024-12-13,seller_B,C0721,서울,강동구,1.0,0.0,노지감귤 10kg,
2024,2024-12-12,2024-12-15,seller_B,C0836,서울,동작구,1.0,0.0,노지감귤 10kg,
2024,2024-12-13,2024-12-15,seller_B,C1657,경기,성남시,0.0,1.0,노지감귤(5kg),
2024,2024-12-13,2024-12-15,seller_B,C1658,전남,목포시,1.0,0.0,노지감귤 10kg,
2024,2024-12-13,2024-12-15,seller_B,C0657,서울,동작구,1.0,0.0,노지감귤 10kg,
2024,2024-12-13,2024-12-15,seller_B,C1659,경기,안양시,0.0,1.0,노지감귤(5kg),
2024,2024-12-13,2024-12-15,seller_B,C1577,서울,송파구,1.0,0.0,노지감귤 10kg,
2024,2024-12-13,2024-12-15,seller_B,C0561,서울,성동구,2.0,0.0,노지감귤 10kg,
2024,2024-12-13,2024-12-15,seller_B,C1660,서울,서초구,1.0,0.0,노지감귤 10kg,
2024,2024-12-13,2024-12-15,seller_B,C0763,서울,노원구,1.0,0.0,노지감귤 10kg,
2024,2024-12-14,2024-12-15,seller_B,C1661,인천,서구,1.0,0.0,노지감귤 10kg,
2024,2024-12-14,2024-12-15,seller_B,C0548,경기,용인시,1.0,0.0,노지감귤 10kg,
2024,2024-12-11,2024-12-16,seller_B,C0766,경기,성남시,1.0,0.0,노지감귤 10kg,
2024,2024-12-15,2024-12-16,seller_B,C0630,경기,하남시,1.0,0.0,노지감귤 10kg,
2024,2024-12-15,2024-12-16,seller_B,C1662,서울,서초구,1.0,0.0,노지감귤 10kg,
2024,2024-12-15,2024-12-16,seller_B,C0668,경기,수원시,1.0,0.0,노지감귤 10kg,
2024,2024-12-15,2024-12-16,seller_B,C1663,서울,송파구,0.0,1.0,노지감귤(5kg),
2024,2024-12-15,2024-12-16,seller_B,C1663,서울,은평구,0.0,1.0,노지감귤(5kg),
2024,2024-12-15,2024-12-16,seller_B,C1664,전남,신안군,1.0,0.0,노지감귤 10kg,
2024,2024-12-15,2024-12-16,seller_B,C1665,서울,용산구,1.0,0.0,노지감귤 10kg,
2024,2024-12-15,2024-12-16,seller_B,C1666,경기,화성시,2.0,0.0,노지감귤 10kg,
2024,2024-12-15,2024-12-16,seller_B,C1127,충남,태안군,1.0,0.0,노지감귤 10kg,
2024,2024-12-15,2024-12-16,seller_B,C1128,충남,태안군,1.0,0.0,노지감귤 10kg,
2024,2024-12-15,2024-12-16,seller_B,C0669,경기,하남시,1.0,0.0,노지감귤 10kg,
2024,2024-12-15,2024-12-16,seller_B,C0768,대전,동구,1.0,0.0,노지감귤(10kg),
2024,2024-12-15,2024-12-16,seller_B,C0769,서울,서대문구,1.0,0.0,노지감귤(10kg),
2024,2024-12-15,2024-12-16,seller_B,C0770,대전,동구,1.0,0.0,노지감귤(10kg),
2024,2024-12-15,2024-12-16,seller_B,C0503,경기,고양시,1.0,0.0,노지감귤(10kg),
2024,2024-12-15,2024-12-16,seller_B,C1667,서울,서대문구,1.0,0.0,노지감귤(10kg),
2024,2024-12-15,2024-12-16,seller_B,C1668,부산,동래구,4.0,0.0,노지감귤(10kg),
2024,2024-12-16,2024-12-17,seller_B,C1669,서울,노원구,1.0,0.0,노지감귤 10kg,
2024,2024-12-16,2024-12-17,seller_B,C1670,경기,고양시,1.0,0.0,노지감귤 10kg,
2024,2024-12-16,2024-12-17,seller_B,C0743,서울,마포구,1.0,0.0,노지감귤 10kg,
2024,2024-12-16,2024-12-17,seller_B,C1671,서울,마포구,1.0,0.0,노지감귤 10kg,
2024,2024-12-16,2024-12-17,seller_B,C0714,경기,용인시,0.0,2.0,노지감귤 5kg,
2024,2024-12-16,2024-12-17,seller_B,C1672,서울,영등포구,1.0,0.0,노지감귤 10kg,
2024,2024-12-16,2024-12-17,seller_B,C0650,서울,구로구,1.0,0.0,노지감귤 10kg,
2024,2024-12-16,2024-12-17,seller_B,C0178,경기,성남시,2.0,0.0,노지감귤 10kg,
2024,2024-12-16,2024-12-17,seller_B,C1197,경기,이천시,1.0,0.0,노지감귤 10kg,
2024,2024-12-16,2024-12-17,seller_B,C1259,경기,이천시,1.0,0.0,노지감귤 10kg,
2024,2024-12-16,2024-12-17,seller_B,C0689,경기,이천시,1.0,0.0,노지감귤 10kg,
2024,2024-12-16,2024-12-17,seller_B,C0580,경기,고양시,1.0,0.0,노지감귤 10kg,
2024,2024-12-16,2024-12-17,seller_B,C0546,경기,수원시,1.0,0.0,노지감귤 10kg,
2024,2024-12-16,2024-12-17,seller_B,C0544,충남,당진시,1.0,0.0,노지감귤 10kg,
2024,2024-12-16,2024-12-17,seller_B,C1673,서울,동대문구,1.0,0.0,노지감귤 10kg,
2024,2024-12-16,2024-12-17,seller_B,C0254,경기,용인시,1.0,0.0,노지감귤 10kg,
2024,2024-12-17,2024-12-18,seller_B,C0827,서울,도봉구,1.0,0.0,노지감귤 10kg,
2024,2024-12-17,2024-12-18,seller_B,C1674,서울,동작구,1.0,0.0,노지감귤 10kg,
2024,2024-12-17,2024-12-18,seller_B,C1675,서울,성북구,1.0,0.0,노지감귤 10kg,
2024,2024-12-17,2024-12-18,seller_B,C0719,서울,광진구,1.0,0.0,노지감귤 10kg,
2024,2024-12-17,2024-12-18,seller_B,C1676,서울,서초구,1.0,0.0,노지감귤 10kg,
2024,2024-12-17,2024-12-18,seller_B,C1677,서울,서대문구,1.0,0.0,노지감귤 10kg,
2024,2024-12-17,2024-12-18,seller_B,C1678,서울,강동구,1.0,0.0,노지감귤 10kg,
2024,2024-12-17,2024-12-18,seller_B,C1679,대구,달서구,1.0,0.0,노지감귤 10kg,
2024,2024-12-17,2024-12-18,seller_B,C1182,서울,중랑구,0.0,2.0,노지감귤 5kg,
2024,2024-12-18,2024-12-19,seller_B,C1680,경기,고양시,2.0,0.0,노지감귤 10kg,
2024,2024-12-18,2024-12-19,seller_B,C1681,서울,성북구,0.0,1.0,노지감귤 5kg,
2024,2024-12-18,2024-12-19,seller_B,C1682,경기,의정부시,1.0,0.0,노지감귤 10kg,
2024,2024-12-18,2024-12-19,seller_B,C1683,경기,광주시,1.0,0.0,노지감귤 10kg,
2024,2024-12-18,2024-12-19,seller_B,C1684,서울,영등포구,0.0,1.0,노지감귤 5kg,
2024,2024-12-18,2024-12-19,seller_B,C1614,서울,마포구,1.0,0.0,노지감귤 10kg,
2024,2024-12-18,2024-12-19,seller_B,C1611,경기,안양시,1.0,0.0,노지감귤 10kg,
2024,2024-12-18,2024-12-19,seller_B,C1685,대구,수성구,1.0,0.0,노지감귤 10kg,
2024,2024-12-19,2024-12-20,seller_B,C1686,서울,노원구,1.0,0.0,노지감귤 10kg,
2024,2024-12-19,2024-12-20,seller_B,C1687,경기,부천시,0.0,1.0,노지감귤 5kg,
2024,2024-12-19,2024-12-20,seller_B,C1688,인천,서구,0.0,1.0,노지감귤 5kg,
2024,2024-12-19,2024-12-20,seller_B,C1689,경기,수원시,2.0,0.0,노지감귤 10kg,왕
2024,2024-12-20,2024-12-22,seller_B,C0310,경기,시흥시,2.0,0.0,노지감귤 10kg,
2024,2024-12-20,2024-12-22,seller_B,C1690,전남,목포시,1.0,0.0,노지감귤 10kg,
2024,2024-12-20,2024-12-22,seller_B,C1691,서울,서대문구,1.0,0.0,노지감귤 10kg,
2024,2024-12-20,2024-12-22,seller_B,C1692,부산,부산진구,1.0,0.0,노지감귤 10kg,
2024,2024-12-20,2024-12-22,seller_B,C1693,부산,동래구,1.0,0.0,노지감귤 10kg,
2024,2024-12-20,2024-12-22,seller_B,C1694,부산,동래구,1.0,0.0,노지감귤 10kg,
2024,2024-12-20,2024-12-22,seller_B,C1695,서울,용산구,1.0,0.0,노지감귤 10kg,
2024,2024-12-20,2024-12-22,seller_B,C1696,서울,영등포구,1.0,0.0,노지감귤 10kg,
2024,2024-12-20,2024-12-22,seller_B,C1697,경기,용인시,1.0,0.0,노지감귤 10kg,
2024,2024-12-20,2024-12-22,seller_B,C1698,서울,광진구,1.0,0.0,노지감귤 10kg,
2024,2024-12-20,2024-12-22,seller_B,C1699,경기,고양시,1.0,0.0,노지감귤 10kg,
2024,2024-12-20,2024-12-22,seller_B,C1660,서울,서초구,1.0,0.0,노지감귤 10kg,
2024,2024-12-20,2024-12-22,seller_B,C1700,충남,공주시,1.0,0.0,노지감귤 10kg,
2024,2024-12-20,2024-12-22,seller_B,C1701,서울,동대문구,0.0,1.0,노지감귤 5kg,
2024,2024-12-20,2024-12-22,seller_B,C1702,서울,성동구,0.0,1.0,노지감귤 5kg,
2024,2024-12-21,2024-12-22,seller_B,C1654,서울,양천구,1.0,0.0,노지감귤 10kg,
2024,2024-12-21,2024-12-22,seller_B,C1703,서울,중랑구,0.0,3.0,노지감귤 5kg,
2024,2024-12-21,2024-12-22,seller_B,C1704,경기,용인시,0.0,2.0,노지감귤 5kg,
2024,2024-12-21,2024-12-22,seller_B,C1705,강원,강릉시,1.0,0.0,노지감귤 10kg,
2024,2024-12-21,2024-12-22,seller_B,C1705,강원,강릉시,0.0,2.0,노지감귤 5kg,
2024,2024-12-21,2024-12-22,seller_B,C1706,경기,남양주시,1.0,0.0,노지감귤 10kg,
2024,2024-12-21,2024-12-22,seller_B,C1707,서울,강동구,1.0,0.0,노지감귤 10kg,
2024,2024-12-21,2024-12-22,seller_B,C1708,대구,수성구,1.0,0.0,노지감귤 10kg,
2024,2024-12-21,2024-12-22,seller_B,C1709,경기,용인시,4.0,0.0,노지감귤 10kg,
2024,2024-12-22,2024-12-23,seller_B,C1690,전남,목포시,1.0,0.0,노지감귤 10kg,
2024,2024-12-23,2024-12-26,seller_B,C0720,서울,송파구,1.0,0.0,노지감귤 10kg,
2024,2024-12-23,2024-12-26,seller_B,C1710,서울,동작구,1.0,0.0,노지감귤 10kg,
2024,2024-12-23,2024-12-26,seller_B,C0178,경기,성남시,1.0,0.0,노지감귤 10kg,
2024,2024-12-23,2024-12-26,seller_B,C1711,충북,영동군,1.0,0.0,노지감귤 10kg,
2024,2024-12-23,2024-12-26,seller_B,C1712,서울,성북구,0.0,1.0,노지감귤 5kg,
2024,2024-12-23,2024-12-26,seller_B,C0797,서울,송파구,1.0,0.0,노지감귤 10kg,
2024,2024-12-23,2024-12-26,seller_B,C0643,경기,화성시,1.0,0.0,노지감귤 10kg,
2024,2024-12-23,2024-12-26,seller_B,C0575,경기,고양시,1.0,0.0,노지감귤 10kg,
2024,2024-12-24,2024-12-26,seller_B,C0767,전북,완주군,1.0,0.0,노지감귤 10kg,
2024,2024-12-24,2024-12-26,seller_B,C1713,경기,고양시,1.0,0.0,노지감귤 10kg,
2024,2024-12-24,2024-12-26,seller_B,C1714,부산,부산진구,1.0,0.0,노지감귤 10kg,
2024,2024-12-24,2024-12-26,seller_B,C1715,경기,고양시,1.0,0.0,노지감귤 10kg,
2024,2024-12-24,2024-12-26,seller_B,C1716,경기,안산시,1.0,0.0,노지감귤 10kg,
2024,2024-12-24,2024-12-26,seller_B,C0585,서울,은평구,0.0,1.0,노지감귤(5kg),
2024,2024-12-24,2024-12-26,seller_B,C0587,서울,노원구,0.0,1.0,노지감귤(5kg),
2024,2024-12-24,2024-12-26,seller_B,C1717,서울,노원구,0.0,1.0,노지감귤(5kg),
2024,2024-12-24,2024-12-26,seller_B,C0591,서울,서초구,0.0,1.0,노지감귤(5kg),
2024,2024-12-25,2024-12-26,seller_B,C0850,경기,용인시,1.0,0.0,노지감귤 10kg,
2024,2024-12-25,2024-12-26,seller_B,C0650,서울,구로구,1.0,0.0,노지감귤 10kg,
2024,2024-12-25,2024-12-26,seller_B,C1577,서울,송파구,1.0,0.0,노지감귤 10kg,
2024,2024-12-26,2024-12-27,seller_B,C1718,충남,천안시,1.0,0.0,노지감귤 10kg,
2024,2024-12-26,2024-12-27,seller_B,C0827,서울,도봉구,1.0,0.0,노지감귤 10kg,
2024,2024-12-26,2024-12-27,seller_B,C0677,경기,성남시,2.0,0.0,노지감귤 10kg,
2024,2024-12-26,2024-12-29,seller_B,C1719,경남,양산시,2.0,0.0,노지감귤 10kg,
2024,2024-12-26,2024-12-29,seller_B,C1719,경남,양산시,1.0,0.0,노지감귤 10kg,왕
2024,2024-12-26,2024-12-29,seller_B,C1720,서울,은평구,0.0,1.0,노지감귤(5kg),
2024,2024-12-26,2024-12-29,seller_B,C0836,서울,양천구,1.0,0.0,노지감귤 10kg,
2024,2024-12-26,2024-12-29,seller_B,C0719,경기,평택시,1.0,0.0,노지감귤 10kg,
2024,2024-12-26,2024-12-29,seller_B,C0696,서울,동작구,1.0,0.0,노지감귤 10kg,왕
2024,2024-12-26,2024-12-29,seller_B,C1600,서울,강북구,1.0,0.0,노지감귤 10kg,
2024,2024-12-28,2024-12-29,seller_B,C1663,서울,은평구,0.0,1.0,노지감귤(5kg),
2024,2024-12-28,2024-12-29,seller_B,C1721,서울,도봉구,1.0,0.0,노지감귤 10kg,
2024,2024-12-29,2025-01-05,seller_B,C1722,강원,원주시,1.0,0.0,노지감귤 10kg,
2024,2024-12-30,2025-01-05,seller_B,C1723,서울,용산구,1.0,0.0,노지감귤 10kg,
2024,2024-12-30,2025-01-05,seller_B,C1724,경기,양주시,1.0,0.0,노지감귤 10kg,
2024,2024-12-30,2025-01-05,seller_B,C1725,부산,동래구,1.0,0.0,노지감귤 10kg,
2024,2024-12-30,2025-01-05,seller_B,C0721,서울,강동구,1.0,0.0,노지감귤 10kg,
2024,2024-12-31,2025-01-05,seller_B,C0722,서울,서대문구,1.0,0.0,노지감귤 10kg,
2024,2024-12-31,2025-01-05,seller_B,C1597,서울,강남구,1.0,0.0,노지감귤 10kg,
2024,2025-01-01,2025-01-05,seller_B,C1726,서울,영등포구,1.0,0.0,노지감귤 10kg,
2024,2025-01-01,2025-01-05,seller_B,C1660,서울,서초구,1.0,0.0,노지감귤 10kg,
2024,2025-01-01,2025-01-05,seller_B,C1727,서울,성동구,1.0,0.0,노지감귤 10kg,
2024,2025-01-02,2025-01-05,seller_B,C1598,서울,용산구,1.0,0.0,노지감귤 10kg,
2024,2025-01-02,2025-01-05,seller_B,C1654,서울,양천구,1.0,0.0,노지감귤 10kg,
2024,2025-01-02,2025-01-05,seller_B,C0721,경기,수원시,1.0,0.0,노지감귤 10kg,
2024,2025-01-02,2025-01-05,seller_B,C0743,서울,마포구,1.0,0.0,노지감귤 10kg,
2024,2025-01-03,2025-01-05,seller_B,C1197,경기,이천시,1.0,0.0,노지감귤 10kg,
2024,2025-01-03,2025-01-05,seller_B,C0689,경기,이천시,1.0,0.0,노지감귤 10kg,
2024,2025-01-04,2025-01-05,seller_B,C1577,서울,송파구,1.0,0.0,노지감귤 10kg,
2024,2025-01-04,2025-01-05,seller_B,C1693,부산,동래구,1.0,0.0,노지감귤 10kg,
2024,2025-01-04,2025-01-05,seller_B,C1728,경북,안동시,1.0,0.0,노지감귤 10kg,
2024,2025-01-04,2025-01-05,seller_B,C1675,서울,성북구,1.0,0.0,노지감귤 10kg,
2024,2025-01-05,2025-01-06,seller_B,C0767,전북,완주군,1.0,0.0,노지감귤 10kg,
2024,2025-01-05,2025-01-06,seller_B,C1729,서울,구로구,1.0,0.0,노지감귤 10kg,
2024,2025-01-05,2025-01-06,seller_B,C0628,서울,서초구,1.0,0.0,노지감귤 10kg,
2024,2025-01-05,2025-01-06,seller_B,C0827,서울,도봉구,2.0,0.0,노지감귤 10kg,
2024,2025-01-06,2025-01-06,seller_B,C1659,경기,안양시,0.0,1.0,노지감귤(5kg),
2024,2025-01-06,2025-01-07,seller_B,C0650,서울,구로구,1.0,0.0,노지감귤 10kg,
2024,2025-01-06,2025-01-07,seller_B,C1730,경기,안양시,1.0,0.0,노지감귤 10kg,
2024,2025-01-07,2025-01-09,seller_B,C0582,경기,하남시,1.0,0.0,노지감귤 10kg,
2024,2025-01-08,2025-01-09,seller_B,C1731,경기,성남시,1.0,0.0,노지감귤 10kg,
2024,2025-01-08,2025-01-09,seller_B,C1732,부산,수영구,1.0,0.0,노지감귤 10kg,
2024,2025-01-08,2025-01-09,seller_B,C0310,경기,시흥시,2.0,0.0,노지감귤 10kg,
2024,2025-01-08,2025-01-09,seller_B,C0576,서울,강동구,1.0,0.0,노지감귤 10kg,
2024,2025-01-09,2025-01-12,seller_B,C1733,부산,북구,2.0,0.0,노지감귤 10kg,
2024,2025-01-09,2025-01-12,seller_B,C1668,부산,동래구,1.0,0.0,노지감귤 10kg,
2024,2025-01-09,2025-01-12,seller_B,C1734,경기,남양주시,1.0,0.0,노지감귤 10kg,
2024,2025-01-10,2025-01-12,seller_B,C1187,서울,도봉구,1.0,0.0,노지감귤 10kg,
2024,2025-01-10,2025-01-12,seller_B,C1186,서울,도봉구,1.0,0.0,노지감귤 10kg,
2024,2025-01-10,2025-01-12,seller_B,C1185,서울,도봉구,1.0,0.0,노지감귤 10kg,
2024,2025-01-10,2025-01-12,seller_B,C1184,경기,김포시,1.0,0.0,노지감귤 10kg,
2024,2025-01-10,2025-01-12,seller_B,C1600,서울,강북구,1.0,0.0,노지감귤 10kg,
2024,2025-01-12,2025-01-14,seller_B,C1611,경기,안양시,0.0,1.0,노지감귤(5kg),
2024,2025-01-12,2025-01-14,seller_B,C1163,충북,청주시,1.0,0.0,노지감귤 10kg,
2024,2025-01-12,2025-01-14,seller_B,C0574,서울,노원구,1.0,0.0,노지감귤 10kg,
2024,2025-01-12,2025-01-14,seller_B,C0735,서울,동대문구,1.0,0.0,노지감귤 10kg,
2024,2025-01-12,2025-01-14,seller_B,C0583,경기,고양시,1.0,0.0,노지감귤 10kg,
2024,2025-01-12,2025-01-14,seller_B,C0783,서울,영등포구,1.0,0.0,노지감귤 10kg,
2024,2025-01-12,2025-01-14,seller_B,C0573,서울,노원구,1.0,0.0,노지감귤 10kg,
2024,2025-01-12,2025-01-14,seller_B,C0784,경남,진주시,1.0,0.0,노지감귤 10kg,
2024,2025-01-12,2025-01-14,seller_B,C0785,서울,양천구,1.0,0.0,노지감귤 10kg,
2024,2025-01-12,2025-01-14,seller_B,C0786,서울,동대문구,1.0,0.0,노지감귤 10kg,
2024,2025-01-12,2025-01-14,seller_B,C0787,서울,서초구,1.0,0.0,노지감귤 10kg,
2024,2025-01-12,2025-01-14,seller_B,C0575,경기,고양시,1.0,0.0,노지감귤 10kg,
2024,2025-01-12,2025-01-14,seller_B,C0788,경기,화성시,1.0,0.0,노지감귤 10kg,
2024,2025-01-12,2025-01-14,seller_B,C1614,서울,마포구,1.0,0.0,노지감귤 10kg,
2024,2025-01-12,2025-01-14,seller_B,C1131,서울,종로구,0.0,1.0,노지감귤(5kg),
2024,2025-01-13,2025-01-14,seller_B,C1686,서울,노원구,1.0,0.0,노지감귤 10kg,
2024,2025-01-13,2025-01-14,seller_B,C1658,전남,목포시,1.0,0.0,노지감귤 10kg,
2024,2025-01-13,2025-01-14,seller_B,C0766,경기,성남시,1.0,0.0,노지감귤 10kg,
2024,2025-01-13,2025-01-14,seller_B,C1735,경기,군포시,1.0,0.0,노지감귤 10kg,
2024,2025-01-13,2025-01-14,seller_B,C1736,서울,강동구,1.0,0.0,노지감귤 10kg,
2024,2025-01-13,2025-01-14,seller_B,C1737,서울,은평구,1.0,0.0,노지감귤 10kg,
2024,2025-01-13,2025-01-14,seller_B,C1738,경기,일산동구,1.0,0.0,노지감귤 10kg,
2024,2025-01-13,2025-01-14,seller_B,C1739,서울,마포구,1.0,0.0,노지감귤 10kg,
2024,2025-01-13,2025-01-14,seller_B,C1740,서울,강동구,1.0,0.0,노지감귤 10kg,
2024,2025-01-13,2025-01-14,seller_B,C1741,서울,마포구,1.0,0.0,노지감귤 10kg,
2024,2025-01-13,2025-01-14,seller_B,C1742,서울,동작구,1.0,0.0,노지감귤 10kg,
2024,2025-01-13,2025-01-14,seller_B,C1743,서울,송파구,1.0,0.0,노지감귤 10kg,
2024,2025-01-13,2025-01-14,seller_B,C1744,서울,영등포구,1.0,0.0,노지감귤 10kg,
2024,2025-01-13,2025-01-14,seller_B,C1745,서울,강서구,1.0,0.0,노지감귤 10kg,
2024,2025-01-13,2025-01-14,seller_B,C1746,서울,구로구,1.0,0.0,노지감귤 10kg,
2024,2025-01-13,2025-01-14,seller_B,C1747,서울,송파구,1.0,0.0,노지감귤 10kg,
2024,2025-01-14,2025-01-15,seller_B,C1748,서울,송파구,0.0,1.0,노지감귤(5kg),
2024,2025-01-14,2025-01-15,seller_B,C0178,경기,성남시,1.0,0.0,노지감귤 10kg,
2024,2025-01-14,2025-01-15,seller_B,C1749,경기,김포시,1.0,0.0,노지감귤 10kg,
2024,2025-01-14,2025-01-15,seller_B,C1750,경기,용인시,1.0,0.0,노지감귤 10kg,
2024,2025-01-14,2025-01-15,seller_B,C1751,서울,마포구,1.0,0.0,노지감귤 10kg,
2024,2025-01-14,2025-01-15,seller_B,C1752,서울,중구,1.0,0.0,노지감귤 10kg,
2024,2025-01-14,2025-01-15,seller_B,C1753,서울,양천구,1.0,0.0,노지감귤 10kg,
2024,2025-01-14,2025-01-15,seller_B,C0836,서울,양천구,1.0,0.0,노지감귤 10kg,왕
2024,2025-01-14,2025-01-15,seller_B,C0670,서울,강북구,1.0,0.0,노지감귤 10kg,왕
2024,2025-01-14,2025-01-15,seller_B,C0719,인천,남동구,1.0,0.0,노지감귤 10kg,왕
2024,2025-01-16,2025-01-17,seller_B,C0864,경기,하남시,1.0,0.0,노지감귤 10kg,
2024,2025-01-16,2025-01-17,seller_B,C0670,경기,양주시,1.0,0.0,노지감귤 10kg,
2024,2025-01-16,2025-01-17,seller_B,C0865,서울,강서구,1.0,0.0,노지감귤 10kg,
2024,2025-01-16,2025-01-17,seller_B,C0670,서울,광진구,1.0,0.0,노지감귤 10kg,
2024,2025-01-16,2025-01-17,seller_B,C0866,서울,양천구,1.0,0.0,노지감귤 10kg,
2024,2025-01-16,2025-01-17,seller_B,C0867,서울,광진구,1.0,0.0,노지감귤 10kg,
2024,2025-01-16,2025-01-17,seller_B,C0868,서울,광진구,1.0,0.0,노지감귤 10kg,
2024,2025-01-16,2025-01-17,seller_B,C0670,서울,강북구,1.0,0.0,노지감귤 10kg,
2024,2024-12-05,2024-12-08,seller_C,C1754,서울,성동구,1.0,0.0,노지감귤 10kg,
2024,2024-12-05,2024-12-08,seller_C,C1498,서울,강동구,1.0,0.0,노지감귤 10kg,
2024,2024-12-05,2024-12-08,seller_C,C0880,대구,북구,1.0,0.0,노지감귤 10kg,
2024,2024-12-05,2024-12-08,seller_C,C0888,서울,구로구,1.0,0.0,노지감귤 10kg,
2024,2024-12-05,2024-12-08,seller_C,C0888,서울,도봉구,1.0,0.0,노지감귤 10kg,
2024,2024-12-05,2024-12-08,seller_C,C0888,서울,도봉구,0.0,1.0,노지감귤 5kg,
2024,2024-12-05,2024-12-08,seller_C,C1755,서울,중곡동,0.0,1.0,노지감귤 5kg,
2024,2024-12-05,2024-12-08,seller_C,C0891,서울,성북구,0.0,1.0,노지감귤 5kg,
2024,2024-12-05,2024-12-08,seller_C,C1756,서울,용산구,0.0,1.0,노지감귤 5kg,
2024,2024-12-05,2024-12-08,seller_C,C0907,서울,관악구,0.0,1.0,노지감귤 5kg,
2024,2024-12-05,2024-12-08,seller_C,C0897,경기,안양시,0.0,1.0,노지감귤 5kg,
2024,2024-12-05,2024-12-08,seller_C,C0897,경기,평택시,0.0,1.0,노지감귤 5kg,
2024,2024-12-15,2024-12-16,seller_C,C1757,서울,동대문구,2.0,0.0,노지감귤 10kg,
2024,2024-12-15,2024-12-16,seller_C,C1758,경기,고양시,1.0,0.0,노지감귤 10kg,
2024,2024-12-15,2024-12-16,seller_C,C1759,서울,성북구,1.0,0.0,노지감귤 10kg,
2024,2024-12-15,2024-12-16,seller_C,C0892,서울,관악구,1.0,0.0,노지감귤 10kg,
2024,2024-12-15,2024-12-16,seller_C,C0896,서울,강북구,1.0,0.0,노지감귤 10kg,
2024,2024-12-15,2024-12-16,seller_C,C1271,경기,양주시,0.0,1.0,노지감귤 5kg,
2024,2024-12-15,2024-12-16,seller_C,C1271,경기,성남시,0.0,1.0,노지감귤 5kg,
2024,2024-12-15,2024-12-16,seller_C,C1271,서울,성북구,0.0,1.0,노지감귤 5kg,
2024,2024-12-15,2024-12-16,seller_C,C1760,인천,남동구,0.0,1.0,노지감귤 5kg,
2024,2024-12-15,2024-12-16,seller_C,C1761,서울,강서구,0.0,1.0,노지감귤 5kg,
2024,2024-12-15,2024-12-16,seller_C,C1762,서울,무학로,0.0,1.0,노지감귤 5kg,
2024,2024-12-17,2024-12-18,seller_C,C1763,경기,광명시,1.0,0.0,노지감귤 10kg,
2024,2024-12-17,2024-12-18,seller_C,C1764,인천,서구,0.0,1.0,노지감귤 5kg,
2024,2024-12-17,2024-12-18,seller_C,C1765,경기,김포시,0.0,1.0,노지감귤 5kg,
2024,2024-12-17,2024-12-18,seller_C,C1518,서울,노원구,0.0,1.0,노지감귤 5kg,
2024,2024-12-17,2024-12-18,seller_C,C1766,서울,동대문구,0.0,1.0,노지감귤 5kg,
2024,2024-12-18,2024-12-19,seller_C,C1272,서울,중랑구,1.0,0.0,노지감귤 10kg,
2024,2024-12-18,2024-12-19,seller_C,C1526,인천,서구,1.0,0.0,노지감귤 10kg,
2024,2024-12-18,2024-12-19,seller_C,C1498,서울,강동구,1.0,0.0,노지감귤 10kg,
2024,2024-12-18,2024-12-19,seller_C,C1767,서울,중랑구,1.0,0.0,노지감귤 10kg,
2024,2024-12-18,2024-12-19,seller_C,C1768,서울,성북구,1.0,0.0,노지감귤 10kg,
2024,2024-12-18,2024-12-19,seller_C,C1769,경기,안산시,1.0,0.0,노지감귤 10kg,
2024,2024-12-18,2024-12-19,seller_C,C1768,서울,강남구,1.0,0.0,노지감귤 10kg,
2024,2024-12-18,2024-12-19,seller_C,C1756,서울,용산구,0.0,1.0,노지감귤 5kg,
2024,2024-12-18,2024-12-19,seller_C,C1445,경기,안산시,0.0,1.0,노지감귤 5kg,
2024,2024-12-19,2024-12-20,seller_C,C0888,서울,도봉구,1.0,0.0,노지감귤 10kg,
2024,2024-12-19,2024-12-20,seller_C,C1770,경기,파주시,1.0,0.0,노지감귤 10kg,
2024,2024-12-21,2024-12-22,seller_C,C0897,경기,안양시,0.0,1.0,노지감귤 5kg,
2024,2024-12-21,2024-12-22,seller_C,C1771,서울,광진구,1.0,0.0,노지감귤 10kg,
2024,2024-12-21,2024-12-22,seller_C,C1772,서울,중랑구,1.0,0.0,노지감귤 10kg,
2024,2024-12-25,2024-12-26,seller_C,C1773,경기,남양주시,1.0,0.0,노지감귤 10kg,
2024,2024-12-25,2024-12-26,seller_C,C1539,서울,종로구,1.0,0.0,노지감귤 10kg,
2024,2024-12-25,2024-12-26,seller_C,C1774,서울,중랑구,0.0,1.0,노지감귤 5kg,
2024,2024-12-25,2024-12-26,seller_C,C1775,서울,광진구,0.0,1.0,노지감귤 5kg,
2024,2024-12-25,2024-12-26,seller_C,C1776,경기,시흥시,1.0,0.0,노지감귤 10kg,
2024,2024-12-26,2024-12-27,seller_C,C0888,서울,구로구,1.0,0.0,노지감귤 10kg,
2024,2024-12-26,2024-12-27,seller_C,C1760,인천,남동구,1.0,0.0,노지감귤 10kg,
2024,2024-12-27,2024-12-29,seller_C,C1777,서울,강서구,1.0,0.0,노지감귤 10kg,
2024,2024-12-27,2024-12-29,seller_C,C1539,서울,동대문구,1.0,0.0,노지감귤 10kg,
2024,2024-12-28,2024-12-29,seller_C,C1762,서울,동대문구,1.0,0.0,노지감귤 10kg,
2024,2024-12-28,2024-12-29,seller_C,C0888,서울,도봉구,1.0,0.0,노지감귤 10kg,
2024,2024-12-28,2024-12-29,seller_C,C0888,서울,강북구,1.0,0.0,노지감귤 10kg,
2025,2025-11-27,2025-12-01,seller_A,C1539,서울,종로구,1.0,0.0,노지감귤 10kg,
2025,2025-11-27,2025-12-01,seller_A,C1539,서울,동대문구,1.0,0.0,노지감귤 10kg,
2025,2025-11-27,2025-12-01,seller_A,C1543,서울,강서구,2.0,0.0,노지감귤 10kg,
2025,2025-11-27,2025-12-01,seller_A,C0006,서울,도봉구,1.0,0.0,노지감귤 10kg,
2025,2025-11-27,2025-12-01,seller_A,C0005,서울,도봉구,1.0,0.0,노지감귤 10kg,
2025,2025-11-27,2025-12-01,seller_A,C0472,서울,강동구,1.0,0.0,노지감귤 10kg,
2025,2025-11-27,2025-12-01,seller_A,C1027,대전,서구,1.0,0.0,노지감귤 10kg,
2025,2025-11-27,2025-12-01,seller_A,C0371,경기,남양주시,1.0,0.0,노지감귤 10kg,
2025,2025-11-27,2025-12-01,seller_A,C1285,인천,서구,1.0,0.0,노지감귤 10kg,
2025,2025-11-27,2025-12-01,seller_A,C0004,서울,종로구,1.0,0.0,노지감귤 10kg,
2025,2025-11-27,2025-12-01,seller_A,C0919,경기,김포시,1.0,0.0,노지감귤 10kg,
2025,2025-11-27,2025-12-01,seller_A,C0382,경남,거제시,1.0,0.0,노지감귤 10kg,
2025,2025-11-27,2025-12-01,seller_A,C0347,서울,영등포구,1.0,0.0,노지감귤 10kg,
2025,2025-11-27,2025-12-01,seller_A,C0034,서울,도봉구,1.0,0.0,노지감귤 10kg,
2025,2025-11-27,2025-12-01,seller_A,C1778,서울,강동구,1.0,0.0,노지감귤 10kg,
2025,2025-11-27,2025-12-01,seller_A,C1779,전남,순천시,1.0,0.0,노지감귤 10kg,
2025,2025-11-27,2025-12-01,seller_A,C1780,경기,용인시,1.0,0.0,노지감귤 10kg,
2025,2025-11-27,2025-12-01,seller_A,C1781,서울,성동구,1.0,0.0,노지감귤 10kg,
2025,2025-11-27,2025-12-01,seller_A,C1782,경기,과천시,0.0,1.0,노지감귤 5kg,
2025,2025-11-27,2025-12-01,seller_A,C1783,경기,부천시,0.0,1.0,노지감귤 5kg,
2025,2025-11-27,2025-12-01,seller_A,C1035,서울,종로구,1.0,0.0,노지감귤 10kg,
2025,2025-11-27,2025-12-01,seller_A,C1035,서울,종로구,0.0,1.0,노지감귤 5kg,
2025,2025-11-27,2025-12-01,seller_A,C1039,충남,예산군,1.0,0.0,노지감귤 10kg,
2025,2025-11-27,2025-12-01,seller_A,C1038,서울,성북구,1.0,0.0,노지감귤 10kg,
2025,2025-11-27,2025-12-01,seller_A,C0037,서울,도봉구,1.0,0.0,노지감귤 10kg,
2025,2025-11-27,2025-12-01,seller_A,C0144,서울,도봉구,1.0,0.0,노지감귤 10kg,
2025,2025-11-27,2025-12-01,seller_A,C0948,경기,부천시,0.0,1.0,노지감귤 5kg,
2025,2025-11-27,2025-12-01,seller_A,C0949,경기,고양시,0.0,1.0,노지감귤 5kg,
2025,2025-11-27,2025-12-01,seller_A,C1784,서울,서대문구,0.0,1.0,노지감귤 5kg,
2025,2025-11-27,2025-12-01,seller_A,C1785,서울,영등포구,0.0,1.0,노지감귤 5kg,
2025,2025-11-27,2025-12-01,seller_A,C1026,경남,창원시,0.0,1.0,노지감귤 5kg,
2025,2025-11-27,2025-12-01,seller_A,C1012,충북,충주시,0.0,1.0,노지감귤 5kg,
2025,2025-11-27,2025-12-01,seller_A,C1013,서울,은평구,0.0,1.0,노지감귤 5kg,
2025,2025-11-27,2025-12-01,seller_A,C1786,경기,구리시,0.0,1.0,노지감귤 5kg,
2025,2025-11-27,2025-12-01,seller_A,C0064,경기,의정부시,2.0,0.0,노지감귤 10kg,
2025,2025-11-27,2025-12-01,seller_A,C0065,서울,용산구,1.0,0.0,노지감귤 10kg,
2025,2025-11-27,2025-12-01,seller_A,C0066,부산,수영구,1.0,0.0,노지감귤 10kg,
2025,2025-11-27,2025-12-01,seller_A,C0223,경기,용인시,1.0,0.0,노지감귤 10kg,
2025,2025-11-27,2025-12-01,seller_A,C0055,서울,도봉구,1.0,0.0,노지감귤 10kg,
2025,2025-11-27,2025-12-01,seller_A,C0398,경기,의정부시,1.0,0.0,노지감귤 10kg,
2025,2025-11-27,2025-12-01,seller_A,C0396,경기,구리시,1.0,0.0,노지감귤 10kg,
2025,2025-11-27,2025-12-01,seller_A,C1787,광주,서구,0.0,1.0,노지감귤 5kg,
2025,2025-11-27,2025-12-01,seller_A,C1014,경기,하남시,1.0,0.0,노지감귤 10kg,
2025,2025-11-27,2025-12-01,seller_A,C1788,경남,거제시,1.0,0.0,노지감귤 10kg,
2025,2025-11-27,2025-12-01,seller_A,C1532,전남,순천시,1.0,0.0,노지감귤 10kg,
2025,2025-11-27,2025-12-01,seller_A,C1426,부산,사상구,1.0,0.0,노지감귤 10kg,
2025,2025-11-27,2025-12-01,seller_A,C1789,경기,시흥시,1.0,0.0,노지감귤 10kg,
2025,2025-11-27,2025-12-01,seller_A,C1541,경남,거제시,1.0,0.0,노지감귤 10kg,
2025,2025-11-27,2025-12-01,seller_A,C0123,충북,청주시,1.0,0.0,노지감귤 10kg,
2025,2025-11-27,2025-12-01,seller_A,C1289,경기,고양시,1.0,0.0,노지감귤 10kg,
2025,2025-11-27,2025-12-01,seller_A,C1289,경기,고양시,1.0,0.0,노지감귤 10kg,
2025,2025-11-27,2025-12-01,seller_A,C1790,경기,고양시,1.0,0.0,노지감귤 10kg,
2025,2025-11-27,2025-12-01,seller_A,C1791,전남,고흥군,1.0,0.0,노지감귤 10kg,
2025,2025-11-27,2025-12-01,seller_A,C1345,서울,동대문구,2.0,0.0,노지감귤 10kg,
2025,2025-11-27,2025-12-01,seller_A,C1792,서울,관악구,1.0,0.0,노지감귤 10kg,
2025,2025-11-27,2025-12-01,seller_A,C1793,경기,파주시,1.0,0.0,노지감귤 10kg,
2025,2025-11-27,2025-12-01,seller_A,C1794,인천,서구,1.0,0.0,노지감귤 10kg,
2025,2025-11-27,2025-12-01,seller_A,C1338,경북,경산시,1.0,0.0,노지감귤 10kg,
2025,2025-11-27,2025-12-01,seller_A,C1795,경북,칠곡군,1.0,0.0,노지감귤 10kg,
2025,2025-11-27,2025-12-01,seller_A,C1796,대구,동구,1.0,0.0,노지감귤 10kg,
2025,2025-11-27,2025-12-01,seller_A,C1797,충북,청주시,1.0,0.0,노지감귤 10kg,
2025,2025-11-27,2025-12-01,seller_A,C1798,경기,안산시,1.0,0.0,노지감귤 10kg,
2025,2025-11-27,2025-12-01,seller_A,C0031,서울,도봉구,2.0,0.0,노지감귤 10kg,
2025,2025-11-27,2025-12-01,seller_A,C0010,서울,중랑구,1.0,0.0,노지감귤 10kg,
2025,2025-11-27,2025-12-01,seller_A,C0011,서울,금천구,1.0,0.0,노지감귤 10kg,
2025,2025-11-27,2025-12-01,seller_A,C0925,경기,양주시,1.0,0.0,노지감귤 10kg,
2025,2025-11-27,2025-12-01,seller_A,C1305,충남,서산시,1.0,0.0,노지감귤 10kg,
2025,2025-11-27,2025-12-01,seller_A,C1025,경기,성남시,1.0,0.0,노지감귤 10kg,
2025,2025-11-27,2025-12-01,seller_A,C0977,세종,세종,1.0,0.0,노지감귤 10kg,
2025,2025-11-27,2025-12-01,seller_A,C0046,서울,도봉구,1.0,0.0,노지감귤 10kg,
2025,2025-11-27,2025-12-01,seller_A,C0048,경기,평택시,0.0,1.0,노지감귤 5kg,
2025,2025-11-27,2025-12-01,seller_A,C1358,경기,의왕시,1.0,0.0,노지감귤 10kg,
2025,2025-11-27,2025-12-01,seller_A,C1799,경남,거제시,1.0,0.0,노지감귤 10kg,
2025,2025-11-28,2025-11-30,seller_A,C1800,광주,북구,1.0,0.0,노지감귤 10kg,
2025,2025-11-28,2025-11-30,seller_A,C1801,광주,북구,1.0,0.0,노지감귤 10kg,
2025,2025-11-28,2025-11-30,seller_A,C1802,광주,광산구,1.0,0.0,노지감귤 10kg,
2025,2025-11-28,2025-11-30,seller_A,C1803,광주,광산구,1.0,0.0,노지감귤 10kg,
2025,2025-11-28,2025-11-30,seller_A,C1804,광주,서구,1.0,0.0,노지감귤 10kg,
2025,2025-11-28,2025-11-30,seller_A,C1805,전남,화순군,1.0,0.0,노지감귤 10kg,
2025,2025-11-28,2025-11-30,seller_A,C1806,전남,화순군,1.0,0.0,노지감귤 10kg,
2025,2025-11-28,2025-11-30,seller_A,C1807,전남,곡성군,1.0,0.0,노지감귤 10kg,
2025,2025-11-28,2025-11-30,seller_A,C1808,전남,곡성군,1.0,0.0,노지감귤 10kg,
2025,2025-11-28,2025-11-30,seller_A,C1809,전남,담양군,1.0,0.0,노지감귤 10kg,
2025,2025-11-28,2025-11-30,seller_A,C1810,전남,담양군,1.0,0.0,노지감귤 10kg,
2025,2025-11-28,2025-11-30,seller_A,C1811,전남,담양군,1.0,0.0,노지감귤 10kg,
2025,2025-11-28,2025-11-30,seller_A,C1812,전남,장성군,1.0,0.0,노지감귤 10kg,
2025,2025-11-28,2025-11-30,seller_A,C1813,전남,장성군,1.0,0.0,노지감귤 10kg,
2025,2025-11-28,2025-11-30,seller_A,C1814,전남,영광군,1.0,0.0,노지감귤 10kg,
2025,2025-11-28,2025-11-30,seller_A,C1815,전남,나주시,1.0,0.0,노지감귤 10kg,
2025,2025-11-28,2025-11-30,seller_A,C1816,전남,나주시,1.0,0.0,노지감귤 10kg,
2025,2025-11-28,2025-11-30,seller_A,C1817,전남,나주시,1.0,0.0,노지감귤 10kg,
2025,2025-11-28,2025-11-30,seller_A,C1387,전남,영광군,1.0,0.0,노지감귤 10kg,
2025,2025-11-28,2025-11-30,seller_A,C1818,전남,나주시,1.0,0.0,노지감귤 10kg,
2025,2025-11-28,2025-11-30,seller_A,C1819,광주,광산구,1.0,0.0,노지감귤 10kg,
2025,2025-11-28,2025-11-30,seller_A,C1812,광주,서구,1.0,0.0,노지감귤 10kg,
2025,2025-11-28,2025-11-30,seller_A,C1820,서울,서초구,1.0,0.0,노지감귤 10kg,
2025,2025-11-28,2025-11-30,seller_A,C1821,광주,광산구,1.0,0.0,노지감귤 10kg,
2025,2025-11-28,2025-11-30,seller_A,C1822,광주,동구,1.0,0.0,노지감귤 10kg,
2025,2025-11-28,2025-11-30,seller_A,C1823,광주,광산구,1.0,0.0,노지감귤 10kg,
2025,2025-11-28,2025-11-30,seller_A,C1824,광주,서구,1.0,0.0,노지감귤 10kg,
2025,2025-11-28,2025-11-30,seller_A,C1825,광주,서구,1.0,0.0,노지감귤 10kg,
2025,2025-11-28,2025-11-30,seller_A,C1826,광주,서구,1.0,0.0,노지감귤 10kg,
2025,2025-11-28,2025-12-02,seller_A,C1067,서울,도봉구,1.0,0.0,노지감귤 10kg,
2025,2025-11-28,2025-12-02,seller_A,C1326,서울,도봉구,1.0,0.0,노지감귤 10kg,
2025,2025-11-28,2025-12-02,seller_A,C1500,경기,용인시,5.0,0.0,노지감귤 10kg,
2025,2025-11-28,2025-12-02,seller_A,C1283,서울,동작구,1.0,0.0,노지감귤 10kg,
2025,2025-11-28,2025-12-02,seller_A,C1827,서울,중랑구,0.0,1.0,노지감귤 5kg,
2025,2025-11-28,2025-12-02,seller_A,C0931,서울,은평구,0.0,1.0,노지감귤 5kg,
2025,2025-11-28,2025-12-02,seller_A,C1277,서울,서초구,1.0,0.0,노지감귤 10kg,
2025,2025-11-28,2025-12-02,seller_A,C1337,서울,강북구,1.0,0.0,노지감귤 10kg,
2025,2025-11-28,2025-12-02,seller_A,C1558,경남,거제시,1.0,0.0,노지감귤 10kg,작은귤
2025,2025-11-28,2025-12-02,seller_A,C1084,서울,강서구,1.0,0.0,노지감귤 10kg,
2025,2025-11-28,2025-12-02,seller_A,C0142,서울,강서구,1.0,0.0,노지감귤 10kg,
2025,2025-11-28,2025-12-02,seller_A,C1828,인천,서구,1.0,0.0,노지감귤 10kg,
2025,2025-11-28,2025-12-02,seller_A,C1828,전남,장성군,1.0,0.0,노지감귤 10kg,
2025,2025-11-28,2025-12-02,seller_A,C1829,경기,김포시,1.0,0.0,노지감귤 10kg,
2025,2025-11-28,2025-12-02,seller_A,C0082,서울,구로구,1.0,0.0,노지감귤 10kg,
2025,2025-11-28,2025-12-02,seller_A,C0084,서울,양천구,1.0,0.0,노지감귤 10kg,
2025,2025-11-28,2025-12-02,seller_A,C1830,부산,연제구,1.0,0.0,노지감귤 10kg,
2025,2025-11-28,2025-12-02,seller_A,C0141,경기,의왕시,1.0,0.0,노지감귤 10kg,
2025,2025-11-28,2025-12-02,seller_A,C1357,경기,성남시,1.0,0.0,노지감귤 10kg,
2025,2025-11-28,2025-12-02,seller_A,C1352,서울,도봉구,1.0,0.0,노지감귤 10kg,
2025,2025-11-28,2025-12-02,seller_A,C0102,부산,사하구,1.0,0.0,노지감귤 10kg,
2025,2025-11-29,2025-12-02,seller_A,C0221,세종,세종,1.0,0.0,노지감귤 10kg,
2025,2025-11-29,2025-12-02,seller_A,C0016,경기,의정부시,1.0,0.0,노지감귤 10kg,
2025,2025-11-29,2025-12-02,seller_A,C0013,서울,서초구,1.0,0.0,노지감귤 10kg,
2025,2025-11-29,2025-12-02,seller_A,C0015,서울,도봉구,1.0,0.0,노지감귤 10kg,
2025,2025-11-29,2025-12-02,seller_A,C1831,서울,성북구,1.0,0.0,노지감귤 10kg,
2025,2025-11-29,2025-12-02,seller_A,C1832,서울,강동구,1.0,0.0,노지감귤 10kg,
2025,2025-11-29,2025-12-02,seller_A,C1288,서울,강북구,1.0,0.0,노지감귤 10kg,
2025,2025-11-29,2025-12-02,seller_A,C1473,경남,거제시,1.0,0.0,노지감귤 10kg,
2025,2025-11-29,2025-12-02,seller_A,C1493,경기,의정부시,2.0,0.0,노지감귤 10kg,
2025,2025-11-29,2025-12-02,seller_A,C1833,경남,창원시,1.0,0.0,노지감귤 10kg,
2025,2025-11-29,2025-12-02,seller_A,C0264,부산,수영구,0.0,1.0,노지감귤 5kg,
2025,2025-11-29,2025-12-02,seller_A,C0264,부산,사하구,1.0,0.0,노지감귤 10kg,
2025,2025-11-29,2025-12-02,seller_A,C0094,경기,의정부시,1.0,0.0,노지감귤 10kg,
2025,2025-11-29,2025-12-02,seller_A,C1834,경기,의정부시,2.0,0.0,노지감귤 10kg,
2025,2025-11-29,2025-12-02,seller_A,C0076,경기,성남시,2.0,0.0,노지감귤 10kg,
2025,2025-11-29,2025-12-02,seller_A,C1835,서울,중랑구,1.0,0.0,노지감귤 10kg,
2025,2025-11-29,2025-12-01,seller_A,C0290,서울,동작구,1.0,0.0,노지감귤 10kg,
2025,2025-11-30,2025-12-01,seller_A,C1836,경기,수원시,0.0,1.0,노지감귤 5kg,
2025,2025-11-30,2025-12-01,seller_A,C1837,인천,연수구,0.0,1.0,노지감귤 5kg,
2025,2025-11-30,2025-12-01,seller_A,C0986,경기,용인시,1.0,0.0,노지감귤 10kg,
2025,2025-11-30,2025-12-01,seller_A,C1838,서울,송파구,1.0,0.0,노지감귤 10kg,
2025,2025-12-01,2025-12-01,seller_A,C0932,경기,용인시,2.0,0.0,노지감귤 10kg,
2025,2025-12-01,2025-12-01,seller_A,C0933,제주,첨단동로길,2.0,0.0,노지감귤 10kg,관내
2025,2025-12-01,2025-12-01,seller_A,C0077,서울,성동구,1.0,0.0,노지감귤 10kg,
2025,2025-12-01,2025-12-01,seller_A,C0077,경기,수원시,1.0,0.0,노지감귤 10kg,
2025,2025-12-01,2025-12-01,seller_A,C1839,서울,관악구,1.0,0.0,노지감귤 10kg,
2025,2025-12-01,2025-12-01,seller_A,C0272,서울,중구,2.0,0.0,노지감귤 10kg,
2025,2025-12-01,2025-12-01,seller_A,C1840,서울,강동구,1.0,0.0,노지감귤 10kg,
2025,2025-12-01,2025-12-01,seller_A,C0168,경북,포항시,1.0,0.0,노지감귤 10kg,전
2025,2025-12-01,2025-12-01,seller_A,C0169,충남,천안시,1.0,0.0,노지감귤 10kg,전
2025,2025-12-01,2025-12-01,seller_A,C0171,부산,북구,1.0,0.0,노지감귤 10kg,전
2025,2025-12-01,2025-12-01,seller_A,C0942,부산,부산진구,1.0,0.0,노지감귤 10kg,전
2025,2025-12-01,2025-12-01,seller_A,C0943,대구,동구,3.0,0.0,노지감귤 10kg,전
2025,2025-12-01,2025-12-01,seller_A,C0174,경기,용인시,1.0,0.0,노지감귤 10kg,전
2025,2025-12-01,2025-12-01,seller_A,C0170,경남,김해시,2.0,0.0,노지감귤 10kg,전
2025,2025-12-01,2025-12-01,seller_A,C0087,충북,괴산군,2.0,0.0,노지감귤 10kg,전
2025,2025-12-01,2025-12-01,seller_A,C0059,경남,하동군,2.0,0.0,노지감귤 10kg,전
2025,2025-12-01,2025-12-01,seller_A,C1841,광주,광산구,2.0,0.0,노지감귤 10kg,전
2025,2025-12-01,2025-12-03,seller_A,C0503,경기,고양시,1.0,0.0,노지감귤 10kg,
2025,2025-12-01,2025-12-03,seller_A,C1027,부산,해운대구,1.0,0.0,노지감귤 10kg,
2025,2025-12-02,2025-12-03,seller_A,C1842,광주,북구,1.0,0.0,노지감귤 10kg,
2025,2025-12-02,2025-12-03,seller_A,C1843,광주,동구,1.0,0.0,노지감귤 10kg,
2025,2025-12-02,2025-12-03,seller_A,C1844,광주,북구,1.0,0.0,노지감귤 10kg,
2025,2025-12-02,2025-12-03,seller_A,C1845,전남,곡성군,1.0,0.0,노지감귤 10kg,
2025,2025-12-02,2025-12-03,seller_A,C1846,전남,화순군,1.0,0.0,노지감귤 10kg,
2025,2025-12-02,2025-12-03,seller_A,C0173,서울,구로구,1.0,0.0,노지감귤 10kg,전
2025,2025-12-02,2025-12-03,seller_A,C0175,서울,관악구,2.0,0.0,노지감귤 10kg,전
2025,2025-12-02,2025-12-03,seller_A,C0944,부산,해운대구,1.0,0.0,노지감귤 10kg,전
2025,2025-12-02,2025-12-03,seller_A,C1323,경기,용인시,1.0,0.0,노지감귤 10kg,전
2025,2025-12-02,2025-12-03,seller_A,C0083,서울,구로구,1.0,0.0,노지감귤 10kg,
2025,2025-12-02,2025-12-03,seller_A,C0082,서울,구로구,1.0,0.0,노지감귤 10kg,
2025,2025-12-02,2025-12-03,seller_A,C1287,인천,계양구,1.0,0.0,노지감귤 10kg,
2025,2025-12-02,2025-12-03,seller_A,C1307,인천,연수구,1.0,0.0,노지감귤 10kg,
2025,2025-12-02,2025-12-03,seller_A,C1847,서울,강서구,1.0,0.0,노지감귤 10kg,
2025,2025-12-02,2025-12-03,seller_A,C1361,강원,삼척시,1.0,0.0,노지감귤 10kg,
2025,2025-12-02,2025-12-03,seller_A,C1086,서울,송파구,1.0,0.0,노지감귤 10kg,
2025,2025-12-02,2025-12-03,seller_A,C1848,충남,계룡시,1.0,0.0,노지감귤 10kg,
2025,2025-12-02,2025-12-03,seller_A,C1849,인천,서구,1.0,0.0,노지감귤 10kg,
2025,2025-12-02,2025-12-03,seller_A,C1849,경기,시흥시,1.0,0.0,노지감귤 10kg,
2025,2025-12-02,2025-12-03,seller_A,C1849,인천,서구,1.0,0.0,노지감귤 10kg,
2025,2025-12-02,2025-12-03,seller_A,C1850,서울,광진구,2.0,0.0,노지감귤 10kg,
2025,2025-12-02,2025-12-03,seller_A,C1851,부산,해운대구,1.0,0.0,노지감귤 10kg,
2025,2025-12-02,2025-12-03,seller_A,C1851,부산,해운대구,1.0,0.0,노지감귤 10kg,
2025,2025-12-02,2025-12-03,seller_A,C1852,부산,해운대구,0.0,1.0,노지감귤 5kg,
2025,2025-12-02,2025-12-03,seller_A,C0101,부산,수영구,0.0,1.0,노지감귤 5kg,
2025,2025-12-02,2025-12-03,seller_A,C1057,서울,서초구,1.0,0.0,노지감귤 10kg,
2025,2025-12-06,2025-12-07,seller_A,C1853,광주,광산구,1.0,0.0,노지감귤 10kg,꼬다마
2025,2025-12-06,2025-12-07,seller_A,C1854,광주,광산구,1.0,0.0,노지감귤 10kg,꼬다마
2025,2025-12-06,2025-12-07,seller_A,C1855,인천,중구,1.0,0.0,노지감귤 10kg,꼬다마
2025,2025-12-06,2025-12-07,seller_A,C1856,전북,정읍시,1.0,0.0,노지감귤 10kg,꼬다마
2025,2025-12-03,2025-12-08,seller_A,C1034,서울,금천구,1.0,0.0,노지감귤 10kg,
2025,2025-12-03,2025-12-08,seller_A,C1857,서울,성북구,1.0,0.0,노지감귤 10kg,
2025,2025-12-03,2025-12-08,seller_A,C1858,인천,서구,2.0,0.0,노지감귤 10kg,
2025,2025-12-03,2025-12-08,seller_A,C1859,인천,서구,1.0,0.0,노지감귤 10kg,
2025,2025-12-03,2025-12-08,seller_A,C1860,인천,서구,1.0,0.0,노지감귤 10kg,
2025,2025-12-03,2025-12-08,seller_A,C1861,인천,서구,1.0,0.0,노지감귤 10kg,
2025,2025-12-03,2025-12-08,seller_A,C1862,인천,서구,1.0,0.0,노지감귤 10kg,
2025,2025-12-03,2025-12-08,seller_A,C1863,인천,서구,1.0,0.0,노지감귤 10kg,
2025,2025-12-03,2025-12-08,seller_A,C1864,인천,서구,1.0,0.0,노지감귤 10kg,
2025,2025-12-03,2025-12-08,seller_A,C1865,인천,서구,1.0,0.0,노지감귤 10kg,
2025,2025-12-03,2025-12-08,seller_A,C1866,인천,서구,1.0,0.0,노지감귤 10kg,
2025,2025-12-03,2025-12-08,seller_A,C1867,인천,서구,1.0,0.0,노지감귤 10kg,
2025,2025-12-03,2025-12-08,seller_A,C1868,인천,서구,1.0,0.0,노지감귤 10kg,
2025,2025-12-03,2025-12-08,seller_A,C1869,인천,서구,1.0,0.0,노지감귤 10kg,
2025,2025-12-03,2025-12-08,seller_A,C1870,인천,서구,1.0,0.0,노지감귤 10kg,
2025,2025-12-03,2025-12-08,seller_A,C1871,인천,서구,1.0,0.0,노지감귤 10kg,
2025,2025-12-03,2025-12-08,seller_A,C0035,경기,성남시,1.0,0.0,노지감귤 10kg,
2025,2025-12-03,2025-12-08,seller_A,C1785,서울,영등포구,1.0,0.0,노지감귤 10kg,
2025,2025-12-03,2025-12-08,seller_A,C0276,서울,강동구,1.0,0.0,노지감귤 10kg,
2025,2025-12-04,2025-12-08,seller_A,C1872,경기,화성시,1.0,0.0,노지감귤 10kg,
2025,2025-12-04,2025-12-08,seller_A,C1493,경기,양주시,1.0,0.0,노지감귤 10kg,
2025,2025-12-04,2025-12-08,seller_A,C1873,서울,도봉구,1.0,0.0,노지감귤 10kg,
2025,2025-12-04,2025-12-08,seller_A,C1874,경남,의령군,0.0,1.0,노지감귤 5kg,
2025,2025-12-04,2025-12-08,seller_A,C0240,서울,노원구,1.0,0.0,노지감귤 10kg,
2025,2025-12-04,2025-12-08,seller_A,C0102,부산,사하구,1.0,0.0,노지감귤 10kg,
2025,2025-12-04,2025-12-08,seller_A,C0502,경기,용인시,2.0,0.0,노지감귤 10kg,
2025,2025-12-04,2025-12-08,seller_A,C1875,경남,진주시,1.0,0.0,노지감귤 10kg,
2025,2025-12-04,2025-12-08,seller_A,C1876,경남,진주시,1.0,0.0,노지감귤 10kg,
2025,2025-12-04,2025-12-08,seller_A,C1877,경남,진주시,1.0,0.0,노지감귤 10kg,
2025,2025-12-05,2025-12-08,seller_A,C1494,경기,남양주시,1.0,0.0,노지감귤 10kg,8일발송; 8일발송
2025,2025-12-05,2025-12-08,seller_A,C1878,경기,남양주시,1.0,0.0,노지감귤 10kg,8일발송; 8일발송
2025,2025-12-06,2025-12-08,seller_A,C0251,경기,고양시,1.0,0.0,노지감귤 10kg,꼬다마
2025,2025-12-04,2025-12-09,seller_A,C1027,부산,연제구,1.0,0.0,노지감귤 10kg,
2025,2025-12-04,2025-12-09,seller_A,C1879,부산,사하구,1.0,0.0,노지감귤 10kg,
2025,2025-12-04,2025-12-09,seller_A,C1880,경남,사천시,1.0,0.0,노지감귤 10kg,
2025,2025-12-04,2025-12-09,seller_A,C1881,강원,고성군,1.0,0.0,노지감귤 10kg,
2025,2025-12-04,2025-12-09,seller_A,C1318,강원,고성군,2.0,0.0,노지감귤 10kg,
2025,2025-12-04,2025-12-09,seller_A,C1882,강원,고성군,1.0,0.0,노지감귤 10kg,
2025,2025-12-04,2025-12-09,seller_A,C1883,강원,고성군,1.0,0.0,노지감귤 10kg,
2025,2025-12-04,2025-12-09,seller_A,C1417,서울,서초구,1.0,0.0,노지감귤 10kg,
2025,2025-12-04,2025-12-09,seller_A,C0846,경기,파주시,1.0,0.0,노지감귤 10kg,
2025,2025-12-04,2025-12-09,seller_A,C0983,경기,용인시,1.0,0.0,노지감귤 10kg,
2025,2025-12-05,2025-12-09,seller_A,C1884,서울,구로구,0.0,1.0,노지감귤 5kg,
2025,2025-12-05,2025-12-09,seller_A,C1398,서울,양천구,0.0,1.0,노지감귤 5kg,
2025,2025-12-05,2025-12-09,seller_A,C1397,서울,서초구,0.0,1.0,노지감귤 5kg,
2025,2025-12-05,2025-12-09,seller_A,C0508,서울,영등포구,0.0,1.0,노지감귤 5kg,
2025,2025-12-05,2025-12-09,seller_A,C0465,서울,중랑구,0.0,1.0,노지감귤 5kg,
2025,2025-12-05,2025-12-09,seller_A,C0511,경기,용인시,1.0,0.0,노지감귤 10kg,
2025,2025-12-05,2025-12-09,seller_A,C0511,서울,구로구,0.0,1.0,노지감귤 5kg,
2025,2025-12-05,2025-12-09,seller_A,C0513,경기,평택시,1.0,0.0,노지감귤 10kg,
2025,2025-12-05,2025-12-09,seller_A,C0464,경기,광명시,1.0,0.0,노지감귤 10kg,
2025,2025-12-05,2025-12-09,seller_A,C1379,경기,구리시,0.0,1.0,노지감귤 5kg,
2025,2025-12-05,2025-12-09,seller_A,C1049,서울,성동구,0.0,1.0,노지감귤 5kg,
2025,2025-12-05,2025-12-09,seller_A,C1051,서울,강서구,1.0,0.0,노지감귤 10kg,
2025,2025-12-05,2025-12-09,seller_A,C0467,경기,고양시,0.0,1.0,노지감귤 5kg,
2025,2025-12-05,2025-12-09,seller_A,C0507,서울,중랑구,0.0,1.0,노지감귤 5kg,
2025,2025-12-05,2025-12-09,seller_A,C1555,경기,부천시,0.0,1.0,노지감귤 5kg,
2025,2025-12-05,2025-12-09,seller_A,C1885,서울,중랑구,0.0,1.0,노지감귤 5kg,
2025,2025-12-05,2025-12-09,seller_A,C0466,경기,군포시,0.0,1.0,노지감귤 5kg,
2025,2025-12-05,2025-12-09,seller_A,C1886,서울,강서구,1.0,0.0,노지감귤 10kg,
2025,2025-12-05,2025-12-09,seller_A,C1887,서울,성동구,1.0,0.0,노지감귤 10kg,
2025,2025-12-05,2025-12-09,seller_A,C1888,서울,광진구,1.0,0.0,노지감귤 10kg,
2025,2025-12-05,2025-12-09,seller_A,C1889,경기,구리시,1.0,0.0,노지감귤 10kg,
2025,2025-12-05,2025-12-09,seller_A,C1890,경기,남양주시,1.0,0.0,노지감귤 10kg,
2025,2025-12-05,2025-12-09,seller_A,C1891,서울,노원구,1.0,0.0,노지감귤 10kg,
2025,2025-12-05,2025-12-09,seller_A,C1892,경기,고양시,1.0,0.0,노지감귤 10kg,
2025,2025-12-05,2025-12-09,seller_A,C1893,경기,의정부시,1.0,0.0,노지감귤 10kg,
2025,2025-12-05,2025-12-09,seller_A,C1894,경기,양주시,1.0,0.0,노지감귤 10kg,
2025,2025-12-05,2025-12-09,seller_A,C1895,서울,중랑구,1.0,0.0,노지감귤 10kg,
2025,2025-12-05,2025-12-09,seller_A,C1896,제주,오일장서길,0.0,1.0,노지감귤 5kg,관내
2025,2025-12-05,2025-12-09,seller_A,C1897,경기,의정부시,0.0,1.0,노지감귤 5kg,
2025,2025-12-05,2025-12-09,seller_A,C1898,서울,용산구,0.0,1.0,노지감귤 5kg,
2025,2025-12-05,2025-12-09,seller_A,C1899,서울,용산구,0.0,1.0,노지감귤 5kg,
2025,2025-12-05,2025-12-09,seller_A,C1900,서울,강북구,0.0,1.0,노지감귤 5kg,
2025,2025-12-06,2025-12-09,seller_A,C0004,서울,종로구,1.0,0.0,노지감귤 10kg,
2025,2025-12-06,2025-12-09,seller_A,C0371,경기,남양주시,1.0,0.0,노지감귤 10kg,
2025,2025-12-06,2025-12-09,seller_A,C0347,서울,영등포구,1.0,0.0,노지감귤 10kg,
2025,2025-12-06,2025-12-09,seller_A,C1093,경기,하남시,0.0,1.0,노지감귤 5kg,
2025,2025-12-06,2025-12-09,seller_A,C0182,경기,고양시,0.0,1.0,노지감귤 5kg,
2025,2025-12-06,2025-12-09,seller_A,C1328,서울,서초구,0.0,1.0,노지감귤 5kg,
2025,2025-12-06,2025-12-09,seller_A,C1901,제주,애월읍,1.0,0.0,노지감귤 10kg,관내
2025,2025-12-06,2025-12-09,seller_A,C1902,서울,도봉구,1.0,0.0,노지감귤 10kg,
2025,2025-12-06,2025-12-09,seller_A,C1903,서울,서초구,0.0,1.0,노지감귤 5kg,
2025,2025-12-06,2025-12-09,seller_A,C1904,서울,광진구,0.0,1.0,노지감귤 5kg,
2025,2025-12-06,2025-12-09,seller_A,C1905,경기,양주시,1.0,0.0,노지감귤 10kg,
2025,2025-12-06,2025-12-09,seller_A,C1906,경기,양주시,1.0,0.0,노지감귤 10kg,
2025,2025-12-06,2025-12-09,seller_A,C1907,대구,남구,1.0,0.0,노지감귤 10kg,
2025,2025-12-06,2025-12-09,seller_A,C1908,인천,연수구,1.0,0.0,노지감귤 10kg,
2025,2025-12-06,2025-12-09,seller_A,C1909,전북,고창군,2.0,0.0,노지감귤 10kg,
2025,2025-12-06,2025-12-09,seller_A,C1910,서울,양천구,1.0,0.0,노지감귤 10kg,
2025,2025-12-06,2025-12-09,seller_A,C1911,서울,강서구,1.0,0.0,노지감귤 10kg,
2025,2025-12-06,2025-12-09,seller_A,C1912,인천,연수구,1.0,0.0,노지감귤 10kg,
2025,2025-12-07,2025-12-10,seller_A,C0515,경남,김해시,1.0,0.0,노지감귤 10kg,
2025,2025-12-07,2025-12-10,seller_A,C0516,경남,창원시,1.0,0.0,노지감귤 10kg,
2025,2025-12-07,2025-12-10,seller_A,C0157,경남,창원시,1.0,0.0,노지감귤 10kg,
2025,2025-12-07,2025-12-10,seller_A,C0454,경남,창원시,2.0,0.0,노지감귤 10kg,
2025,2025-12-07,2025-12-10,seller_A,C0874,서울,관악구,1.0,0.0,노지감귤 10kg,
2025,2025-12-07,2025-12-10,seller_A,C0876,서울,노원구,1.0,0.0,노지감귤 10kg,
2025,2025-12-07,2025-12-10,seller_A,C0877,경기,화성시,1.0,0.0,노지감귤 10kg,
2025,2025-12-07,2025-12-10,seller_A,C0875,경북,구미시,0.0,1.0,노지감귤 5kg,
2025,2025-12-07,2025-12-10,seller_A,C0999,경기,고양시,0.0,1.0,노지감귤 5kg,
2025,2025-12-07,2025-12-10,seller_A,C1372,경기,하남시,0.0,1.0,노지감귤 5kg,
2025,2025-12-07,2025-12-10,seller_A,C0997,경기,용인시,0.0,1.0,노지감귤 5kg,
2025,2025-12-07,2025-12-10,seller_A,C0997,경기,용인시,1.0,0.0,노지감귤 10kg,
2025,2025-12-07,2025-12-10,seller_A,C1913,경기,고양시,1.0,0.0,노지감귤 10kg,
2025,2025-12-07,2025-12-10,seller_A,C1914,경남,거제시,1.0,0.0,노지감귤 10kg,
2025,2025-12-07,2025-12-10,seller_A,C1540,경남,거제시,1.0,0.0,노지감귤 10kg,
2025,2025-12-07,2025-12-10,seller_A,C1915,경남,통영시,1.0,0.0,노지감귤 10kg,
2025,2025-12-07,2025-12-10,seller_A,C1916,경남,거제시,1.0,0.0,노지감귤 10kg,
2025,2025-12-07,2025-12-10,seller_A,C0991,경기,용인시,1.0,0.0,노지감귤 10kg,
2025,2025-12-07,2025-12-10,seller_A,C1917,서울,양천구,1.0,0.0,노지감귤 10kg,
2025,2025-12-07,2025-12-10,seller_A,C1918,경기,남양주시,1.0,0.0,노지감귤 10kg,
2025,2025-12-07,2025-12-10,seller_A,C0254,서울,동대문구,1.0,0.0,노지감귤 10kg,
2025,2025-12-07,2025-12-10,seller_A,C0255,서울,강남구,1.0,0.0,노지감귤 10kg,
2025,2025-12-07,2025-12-10,seller_A,C0256,서울,강동구,1.0,0.0,노지감귤 10kg,
2025,2025-12-07,2025-12-10,seller_A,C0257,경기,고양시,1.0,0.0,노지감귤 10kg,
2025,2025-12-07,2025-12-10,seller_A,C0254,경기,용인시,1.0,0.0,노지감귤 10kg,
2025,2025-12-07,2025-12-10,seller_A,C0254,서울,은평구,1.0,0.0,노지감귤 10kg,
2025,2025-12-07,2025-12-10,seller_A,C1300,서울,마포구,1.0,0.0,노지감귤 10kg,
2025,2025-12-07,2025-12-10,seller_A,C0463,경기,고양시,1.0,0.0,노지감귤 10kg,
2025,2025-12-07,2025-12-10,seller_A,C1304,서울,강동구,1.0,0.0,노지감귤 10kg,
2025,2025-12-07,2025-12-10,seller_A,C0289,경기,일산서구,1.0,0.0,노지감귤 10kg,
2025,2025-12-07,2025-12-10,seller_A,C0259,인천,연수구,1.0,0.0,노지감귤 10kg,
2025,2025-12-07,2025-12-10,seller_A,C1919,경기,고양시,1.0,0.0,노지감귤 10kg,
2025,2025-12-07,2025-12-10,seller_A,C1920,경기,용인시,1.0,0.0,노지감귤 10kg,
2025,2025-12-07,2025-12-10,seller_A,C1921,경기,남양주시,1.0,0.0,노지감귤 10kg,
2025,2025-12-05,2025-12-10,seller_A,C1922,서울,은평구,1.0,0.0,노지감귤 10kg,10일발송; 10일발송
2025,2025-12-05,2025-12-10,seller_A,C1360,경기,하남시,1.0,0.0,노지감귤 10kg,10일발송; 10일발송
2025,2025-12-05,2025-12-10,seller_A,C1504,경기,고양시,1.0,0.0,노지감귤 10kg,10일발송; 10일발송
2025,2025-12-05,2025-12-10,seller_A,C1446,인천,계양구,1.0,0.0,노지감귤 10kg,10일발송; 10일발송
2025,2025-12-05,2025-12-10,seller_A,C1469,경기,안양시,1.0,0.0,노지감귤 10kg,10일발송; 10일발송
2025,2025-12-05,2025-12-10,seller_A,C1308,전남,여수시,1.0,0.0,노지감귤 10kg,10일발송; 10일발송
2025,2025-12-05,2025-12-10,seller_A,C1509,전남,여수시,1.0,0.0,노지감귤 10kg,10일발송; 10일발송
2025,2025-12-05,2025-12-10,seller_A,C1923,강원,삼척시,1.0,0.0,노지감귤 10kg,10일발송; 10일발송
2025,2025-12-05,2025-12-10,seller_A,C1309,서울,강북구,1.0,0.0,노지감귤 10kg,10일발송; 10일발송
2025,2025-12-05,2025-12-10,seller_A,C1924,경기,가평군,1.0,0.0,노지감귤 10kg,10일발송; 10일발송
2025,2025-12-05,2025-12-10,seller_A,C0216,인천,연수구,2.0,0.0,노지감귤 10kg,
2025,2025-12-05,2025-12-10,seller_A,C0215,경기,용인시,2.0,0.0,노지감귤 10kg,
2025,2025-12-10,2025-12-11,seller_A,C0036,경기,성남시,1.0,0.0,노지감귤 10kg,
2025,2025-12-10,2025-12-11,seller_A,C1818,전남,나주시,5.0,0.0,노지감귤 10kg,
2025,2025-12-08,2025-12-12,seller_A,C1358,서울,중랑구,2.0,0.0,노지감귤 10kg,
2025,2025-12-08,2025-12-12,seller_A,C1358,경기,의왕시,1.0,0.0,노지감귤 10kg,
2025,2025-12-08,2025-12-12,seller_A,C1925,서울,마포구,1.0,0.0,노지감귤 10kg,
2025,2025-12-08,2025-12-12,seller_A,C1926,서울,은평구,1.0,0.0,노지감귤 10kg,
2025,2025-12-08,2025-12-12,seller_A,C1926,서울,은평구,1.0,0.0,노지감귤 10kg,
2025,2025-12-08,2025-12-12,seller_A,C1927,경기,안산시,1.0,0.0,노지감귤 10kg,
2025,2025-12-08,2025-12-12,seller_A,C0332,경기,고양시,1.0,0.0,노지감귤 10kg,
2025,2025-12-08,2025-12-12,seller_A,C0253,경기,고양시,1.0,0.0,노지감귤 10kg,
2025,2025-12-08,2025-12-12,seller_A,C1303,서울,은평구,1.0,0.0,노지감귤 10kg,
2025,2025-12-08,2025-12-12,seller_A,C1928,경남,거제시,1.0,0.0,노지감귤 10kg,
2025,2025-12-08,2025-12-12,seller_A,C1929,경기,고양시,1.0,0.0,노지감귤 10kg,
2025,2025-12-08,2025-12-12,seller_A,C0016,경기,의정부시,1.0,0.0,노지감귤 10kg,
2025,2025-12-09,2025-12-12,seller_A,C1930,서울,구로구,1.0,0.0,노지감귤 10kg,
2025,2025-12-09,2025-12-12,seller_A,C1931,인천,부평구,1.0,0.0,노지감귤 10kg,
2025,2025-12-09,2025-12-12,seller_A,C1374,서울,강서구,1.0,0.0,노지감귤 10kg,
2025,2025-12-09,2025-12-12,seller_A,C0084,서울,양천구,1.0,0.0,노지감귤 10kg,
2025,2025-12-10,2025-12-12,seller_A,C1932,서울,강서구,1.0,0.0,노지감귤 10kg,
2025,2025-12-10,2025-12-12,seller_A,C1327,서울,마포구,0.0,1.0,노지감귤 5kg,
2025,2025-12-10,2025-12-12,seller_A,C0510,서울,노원구,1.0,0.0,노지감귤 10kg,
2025,2025-12-10,2025-12-12,seller_A,C0510,서울,노원구,0.0,1.0,노지감귤 5kg,
2025,2025-12-10,2025-12-12,seller_A,C1447,경기,안산시,1.0,0.0,노지감귤 10kg,
2025,2025-12-10,2025-12-12,seller_A,C1539,서울,종로구,1.0,0.0,노지감귤 10kg,다음주
2025,2025-12-10,2025-12-12,seller_A,C1288,서울,강북구,1.0,0.0,노지감귤 10kg,다음주
2025,2025-12-10,2025-12-12,seller_A,C0037,서울,도봉구,1.0,0.0,노지감귤 10kg,다음주
2025,2025-12-10,2025-12-12,seller_A,C1288,서울,강북구,1.0,0.0,노지감귤 10kg,
2025,2025-12-10,2025-12-12,seller_A,C1799,경남,거제시,2.0,0.0,노지감귤 10kg,
2025,2025-12-11,2025-12-12,seller_A,C1093,경기,하남시,0.0,1.0,노지감귤 5kg,
2025,2025-12-11,2025-12-12,seller_A,C0251,경기,고양시,1.0,0.0,노지감귤 10kg,꼬다마
2025,2025-12-11,2025-12-12,seller_A,C1933,경남,양산시,1.0,0.0,노지감귤 10kg,
2025,2025-12-11,2025-12-12,seller_A,C1849,인천,서구,1.0,0.0,노지감귤 10kg,
2025,2025-12-11,2025-12-12,seller_A,C1934,서울,성북구,0.0,1.0,노지감귤 5kg,
2025,2025-12-11,2025-12-12,seller_A,C0382,경남,거제시,1.0,0.0,노지감귤 10kg,
2025,2025-12-11,2025-12-12,seller_A,C1387,광주,광산구,1.0,0.0,노지감귤 10kg,
2025,2025-12-12,2025-12-12,seller_A,C1935,서울,영등포구,1.0,0.0,노지감귤 10kg,일요일
2025,2025-12-12,2025-12-12,seller_A,C0214,경기,가평군,1.0,0.0,노지감귤 10kg,일요일
2025,2025-12-12,2025-12-12,seller_A,C1319,강원,양양군,1.0,0.0,노지감귤 10kg,일요일
2025,2025-12-11,2025-12-15,seller_A,C1936,경기,김포시,0.0,1.0,노지감귤 5kg,
2025,2025-12-11,2025-12-15,seller_A,C1937,전남,목포시,1.0,0.0,노지감귤 10kg,월발송
2025,2025-12-11,2025-12-15,seller_A,C1938,광주,동구,1.0,0.0,노지감귤 10kg,월발송
2025,2025-12-10,2025-12-15,seller_A,C1939,경기,안양시,1.0,0.0,노지감귤 10kg,월발송
2025,2025-12-11,2025-12-15,seller_A,C0222,제주,신산로,2.0,0.0,노지감귤 10kg,왕
2025,2025-12-11,2025-12-15,seller_A,C0162,제주,용담로5길,1.0,0.0,노지감귤 10kg,왕
2025,2025-12-12,2025-12-15,seller_A,C1807,광주,동구,1.0,0.0,노지감귤 10kg,꼬다마
2025,2025-12-12,2025-12-15,seller_A,C1807,광주,동구,0.0,1.0,노지감귤 5kg,
2025,2025-12-12,2025-12-15,seller_A,C0010,서울,중랑구,1.0,0.0,노지감귤 10kg,
2025,2025-12-12,2025-12-15,seller_A,C1940,경남,거제시,1.0,0.0,노지감귤 10kg,
2025,2025-12-12,2025-12-15,seller_A,C0396,경기,구리시,1.0,0.0,노지감귤 10kg,
2025,2025-12-13,2025-12-15,seller_A,C1539,인천,강화군,0.0,1.0,노지감귤 5kg,
2025,2025-12-13,2025-12-15,seller_A,C0083,서울,구로구,1.0,0.0,노지감귤 10kg,
2025,2025-12-13,2025-12-15,seller_A,C0064,경기,의정부시,1.0,0.0,노지감귤 10kg,
2025,2025-12-13,2025-12-15,seller_A,C1941,경기,파주시,1.0,0.0,노지감귤 10kg,왕꼬
2025,2025-12-13,2025-12-15,seller_A,C1560,경기,파주시,1.0,0.0,노지감귤 10kg,왕꼬
2025,2025-12-13,2025-12-15,seller_A,C1110,경기,용인시,1.0,0.0,노지감귤 10kg,왕꼬
2025,2025-12-13,2025-12-15,seller_A,C0984,경기,용인시,1.0,0.0,노지감귤 10kg,왕꼬
2025,2025-12-13,2025-12-15,seller_A,C0983,경기,용인시,1.0,0.0,노지감귤 10kg,왕꼬
2025,2025-12-13,2025-12-15,seller_A,C1942,경기,파주시,1.0,0.0,노지감귤 10kg,왕꼬
2025,2025-12-13,2025-12-15,seller_A,C1943,경기,파주시,1.0,0.0,노지감귤 10kg,왕꼬
2025,2025-12-13,2025-12-15,seller_A,C1944,경기,파주시,1.0,0.0,노지감귤 10kg,왕꼬
2025,2025-12-13,2025-12-15,seller_A,C0848,서울,강동구,1.0,0.0,노지감귤 10kg,왕꼬
2025,2025-12-13,2025-12-15,seller_A,C0986,경기,용인시,1.0,0.0,노지감귤 10kg,왕
2025,2025-12-13,2025-12-15,seller_A,C0987,경기,용인시,1.0,0.0,노지감귤 10kg,왕
2025,2025-12-13,2025-12-15,seller_A,C1945,서울,성북구,1.0,0.0,노지감귤 10kg,왕
2025,2025-12-13,2025-12-15,seller_A,C1946,경기,구리시,2.0,0.0,노지감귤 10kg,왕
2025,2025-12-13,2025-12-15,seller_A,C1946,강원,원주시,1.0,0.0,노지감귤 10kg,왕
2025,2025-12-13,2025-12-15,seller_A,C1947,전남,해남군,1.0,0.0,노지감귤 10kg,왕
2025,2025-12-13,2025-12-15,seller_A,C1948,전남,해남군,1.0,0.0,노지감귤 10kg,왕
2025,2025-12-13,2025-12-15,seller_A,C1949,충남,천안시,1.0,0.0,노지감귤 10kg,왕
2025,2025-12-13,2025-12-15,seller_A,C1950,서울,노원구,1.0,0.0,노지감귤 10kg,왕
2025,2025-12-13,2025-12-15,seller_A,C1951,인천,부평구,1.0,0.0,노지감귤 10kg,왕
2025,2025-12-13,2025-12-15,seller_A,C1952,경기,성남시,1.0,0.0,노지감귤 10kg,왕
2025,2025-12-14,2025-12-15,seller_A,C1953,서울,관악구,1.0,0.0,노지감귤 10kg,왕
2025,2025-12-14,2025-12-15,seller_A,C1350,경기,광주시,1.0,0.0,노지감귤 10kg,꼬다마
2025,2025-12-13,2025-12-15,seller_A,C1954,경기,용인시,0.0,1.0,노지감귤 5kg,파지
2025,2025-12-13,2025-12-15,seller_A,C1955,경기,하남시,0.0,1.0,노지감귤 5kg,파지
2025,2025-12-13,2025-12-15,seller_A,C1956,인천,미추홀구,0.0,1.0,노지감귤 5kg,파지
2025,2025-12-13,2025-12-15,seller_A,C1957,전남,해남군,0.0,1.0,노지감귤 5kg,파지
2025,2025-12-13,2025-12-15,seller_A,C1958,경기,파주시,0.0,1.0,노지감귤 5kg,파지
2025,2025-12-13,2025-12-15,seller_A,C1959,부산,중구,0.0,1.0,노지감귤 5kg,파지
2025,2025-12-13,2025-12-15,seller_A,C1960,인천,미추홀구,0.0,1.0,노지감귤 5kg,파지
2025,2025-12-13,2025-12-15,seller_A,C1961,경기,시흥시,0.0,1.0,노지감귤 5kg,파지
2025,2025-12-13,2025-12-15,seller_A,C1962,경남,양산시,0.0,1.0,노지감귤 5kg,파지
2025,2025-12-14,2025-12-17,seller_A,C0065,서울,용산구,1.0,0.0,노지감귤 10kg,
2025,2025-12-14,2025-12-17,seller_A,C0066,부산,수영구,1.0,0.0,노지감귤 10kg,
2025,2025-12-14,2025-12-17,seller_A,C1086,서울,송파구,1.0,0.0,노지감귤 10kg,
2025,2025-12-14,2025-12-17,seller_A,C1963,서울,강남구,1.0,0.0,노지감귤 10kg,
2025,2025-12-14,2025-12-17,seller_A,C1964,충남,예산군,1.0,0.0,노지감귤 10kg,
2025,2025-12-14,2025-12-17,seller_A,C1965,경기,수원시,1.0,0.0,노지감귤 10kg,
2025,2025-12-14,2025-12-17,seller_A,C1966,부산,남구,1.0,0.0,노지감귤 10kg,
2025,2025-12-14,2025-12-17,seller_A,C1967,서울,중랑구,1.0,0.0,노지감귤 10kg,왕
2025,2025-12-15,2025-12-17,seller_A,C1500,경기,용인시,1.0,0.0,노지감귤 10kg,꼬4
2025,2025-12-15,2025-12-17,seller_A,C1968,충북,증평군,1.0,0.0,노지감귤 10kg,꼬4
2025,2025-12-15,2025-12-17,seller_A,C1969,서울,광진구,1.0,0.0,노지감귤 10kg,꼬4
2025,2025-12-15,2025-12-17,seller_A,C1970,경기,하남시,1.0,0.0,노지감귤 10kg,꼬4
2025,2025-12-15,2025-12-17,seller_A,C1971,서울,강서구,2.0,0.0,노지감귤 10kg,꼬4
2025,2025-12-15,2025-12-17,seller_A,C1972,경기,안산시,1.0,0.0,노지감귤 10kg,꼬4
2025,2025-12-15,2025-12-17,seller_A,C1319,강원,양양군,2.0,0.0,노지감귤 10kg,꼬4
2025,2025-12-15,2025-12-17,seller_A,C1973,강원,속초시,1.0,0.0,노지감귤 10kg,꼬4
2025,2025-12-15,2025-12-17,seller_A,C1277,서울,서초구,1.0,0.0,노지감귤 10kg,꼬4
2025,2025-12-15,2025-12-17,seller_A,C1974,경기,고양시,1.0,0.0,노지감귤 10kg,
2025,2025-12-15,2025-12-17,seller_A,C1975,서울,마포구,1.0,0.0,노지감귤 10kg,
2025,2025-12-15,2025-12-17,seller_A,C1976,경남,거제시,1.0,0.0,노지감귤 10kg,
2025,2025-12-15,2025-12-17,seller_A,C1977,경남,거제시,1.0,0.0,노지감귤 10kg,
2025,2025-12-15,2025-12-17,seller_A,C1978,경남,거제시,1.0,0.0,노지감귤 10kg,
2025,2025-12-15,2025-12-17,seller_A,C0384,인천,부평구,1.0,0.0,노지감귤 10kg,
2025,2025-12-15,2025-12-17,seller_A,C1979,경기,용인시,1.0,0.0,노지감귤 10kg,신경
2025,2025-12-15,2025-12-17,seller_A,C1980,경기,고양시,1.0,0.0,노지감귤 10kg,신경
2025,2025-12-15,2025-12-17,seller_A,C1337,서울,강북구,0.0,1.0,노지감귤 5kg,
2025,2025-12-15,2025-12-17,seller_A,C0933,제주,첨단동로길,2.0,0.0,노지감귤 10kg,관내
2025,2025-12-15,2025-12-17,seller_A,C1832,서울,강동구,1.0,0.0,노지감귤 10kg,
2025,2025-12-15,2025-12-17,seller_A,C0503,경기,고양시,1.0,0.0,노지감귤 10kg,
2025,2025-12-15,2025-12-17,seller_A,C1358,경기,의왕시,1.0,0.0,노지감귤 10kg,
2025,2025-12-16,2025-12-17,seller_A,C1878,경기,남양주시,1.0,0.0,노지감귤 10kg,
2025,2025-12-16,2025-12-17,seller_A,C1981,서울,도봉구,0.0,1.0,노지감귤 5kg,
2025,2025-12-16,2025-12-17,seller_A,C1836,경기,수원시,0.0,1.0,노지감귤 5kg,
2025,2025-12-16,2025-12-17,seller_A,C1837,인천,연수구,0.0,1.0,노지감귤 5kg,
2025,2025-12-16,2025-12-17,seller_A,C1982,서울,용산구,0.0,1.0,노지감귤 5kg,
2025,2025-12-16,2025-12-17,seller_A,C1499,서울,마포구,0.0,1.0,노지감귤 5kg,
2025,2025-12-16,2025-12-17,seller_A,C0094,경기,의정부시,1.0,0.0,노지감귤 10kg,
2025,2025-12-16,2025-12-21,seller_A,C0055,서울,도봉구,1.0,0.0,노지감귤 10kg,
2025,2025-12-16,2025-12-21,seller_A,C1983,경기,성남시,0.0,1.0,노지감귤 5kg,
2025,2025-12-16,2025-12-21,seller_A,C1984,경기,성남시,0.0,1.0,노지감귤 5kg,
2025,2025-12-16,2025-12-21,seller_A,C1985,경기,성남시,0.0,1.0,노지감귤 5kg,
2025,2025-12-16,2025-12-21,seller_A,C1986,경기,성남시,0.0,1.0,노지감귤 5kg,
2025,2025-12-16,2025-12-21,seller_A,C1987,경기,성남시,0.0,1.0,노지감귤 5kg,
2025,2025-12-16,2025-12-21,seller_A,C1988,경기,성남시,0.0,1.0,노지감귤 5kg,
2025,2025-12-16,2025-12-21,seller_A,C1989,경기,성남시,1.0,0.0,노지감귤 10kg,
2025,2025-12-16,2025-12-21,seller_A,C1990,인천,중구,1.0,0.0,노지감귤 10kg,
2025,2025-12-18,2025-12-21,seller_A,C1425,경기,군포시,1.0,0.0,노지감귤 10kg,
2025,2025-12-18,2025-12-21,seller_A,C1991,경기,이천시,1.0,0.0,노지감귤 10kg,
2025,2025-12-18,2025-12-21,seller_A,C0214,경기,가평군,1.0,0.0,노지감귤 10kg,
2025,2025-12-18,2025-12-21,seller_A,C1992,서울,동대문구,1.0,0.0,노지감귤 10kg,
2025,2025-12-17,2025-12-21,seller_A,C1993,충남,아산시,1.0,0.0,노지감귤 10kg,꼬4
2025,2025-12-17,2025-12-21,seller_A,C1994,강원,강릉시,1.0,0.0,노지감귤 10kg,꼬4
2025,2025-12-17,2025-12-21,seller_A,C1995,경기,안산시,1.0,0.0,노지감귤 10kg,꼬4
2025,2025-12-17,2025-12-21,seller_A,C1996,경기,성남시,1.0,0.0,노지감귤 10kg,꼬4
2025,2025-12-17,2025-12-21,seller_A,C1997,경기,고양시,1.0,0.0,노지감귤 10kg,꼬4
2025,2025-12-17,2025-12-21,seller_A,C0106,서울,서초구,1.0,0.0,노지감귤 10kg,꼬
2025,2025-12-17,2025-12-21,seller_A,C0820,경기,광주시,2.0,0.0,노지감귤 10kg,왕꼬
2025,2025-12-19,2025-12-22,seller_A,C1998,세종,세종,0.0,1.0,노지감귤 5kg,
2025,2025-12-19,2025-12-22,seller_A,C1999,서울,강남구,0.0,1.0,노지감귤 5kg,
2025,2025-12-19,2025-12-22,seller_A,C2000,충북,청주시,0.0,1.0,노지감귤 5kg,
2025,2025-12-19,2025-12-22,seller_A,C2001,세종,세종,0.0,1.0,노지감귤 5kg,
2025,2025-12-19,2025-12-22,seller_A,C2002,세종,세종,1.0,0.0,노지감귤 10kg,
2025,2025-12-19,2025-12-22,seller_A,C2003,대전,유성구,1.0,0.0,노지감귤 10kg,
2025,2025-12-19,2025-12-22,seller_A,C2004,서울,용산구,1.0,0.0,노지감귤 10kg,
2025,2025-12-19,2025-12-22,seller_A,C2005,서울,영등포구,1.0,0.0,노지감귤 10kg,
2025,2025-12-19,2025-12-22,seller_A,C0221,세종,세종,0.0,1.0,노지감귤 5kg,
2025,2025-12-19,2025-12-22,seller_A,C2006,서울,중랑구,0.0,1.0,노지감귤 5kg,
2025,2025-12-19,2025-12-22,seller_A,C2007,서울,서초구,1.0,0.0,노지감귤 10kg,
2025,2025-12-19,2025-12-22,seller_A,C2008,경기,안양시,1.0,0.0,노지감귤 10kg,
2025,2025-12-19,2025-12-22,seller_A,C1539,서울,종로구,1.0,0.0,노지감귤 10kg,
2025,2025-12-19,2025-12-22,seller_A,C0943,대구,동구,1.0,0.0,노지감귤 10kg,
2025,2025-12-19,2025-12-22,seller_A,C0123,충북,청주시,1.0,0.0,노지감귤 10kg,
2025,2025-12-19,2025-12-22,seller_A,C1289,경기,고양시,1.0,0.0,노지감귤 10kg,
2025,2025-12-19,2025-12-22,seller_A,C0144,서울,도봉구,1.0,0.0,노지감귤 10kg,
2025,2025-12-19,2025-12-22,seller_A,C2009,경기,의왕시,1.0,0.0,노지감귤 10kg,
2025,2025-12-19,2025-12-22,seller_A,C1287,인천,계양구,1.0,0.0,노지감귤 10kg,
2025,2025-12-19,2025-12-22,seller_A,C1307,인천,연수구,1.0,0.0,노지감귤 10kg,
2025,2025-12-19,2025-12-22,seller_A,C2010,서울,강남구,1.0,0.0,노지감귤 10kg,
2025,2025-12-19,2025-12-22,seller_A,C2011,서울,강동구,1.0,0.0,노지감귤 10kg,
2025,2025-12-19,2025-12-22,seller_A,C2012,경기,수원시,1.0,0.0,노지감귤 10kg,
2025,2025-12-19,2025-12-22,seller_A,C2012,서울,영등포구,0.0,1.0,노지감귤 5kg,
2025,2025-12-19,2025-12-22,seller_A,C0931,서울,은평구,0.0,2.0,노지감귤 5kg,
2025,2025-12-19,2025-12-22,seller_A,C2013,인천,연수구,0.0,1.0,노지감귤 5kg,
2025,2025-12-19,2025-12-22,seller_A,C2014,서울,용산구,1.0,0.0,노지감귤 10kg,
2025,2025-12-19,2025-12-22,seller_A,C2015,서울,강북구,1.0,0.0,노지감귤 10kg,
2025,2025-12-20,2025-12-22,seller_A,C1304,서울,강동구,1.0,0.0,노지감귤 10kg,
2025,2025-12-20,2025-12-22,seller_A,C0259,인천,연수구,1.0,0.0,노지감귤 10kg,
2025,2025-12-20,2025-12-22,seller_A,C2016,서울,성동구,0.0,1.0,노지감귤 5kg,
2025,2025-12-20,2025-12-22,seller_A,C0347,서울,영등포구,1.0,0.0,노지감귤 10kg,꼬4
2025,2025-12-20,2025-12-22,seller_A,C2017,경기,고양시,1.0,0.0,노지감귤 10kg,꼬4
2025,2025-12-20,2025-12-22,seller_A,C1433,경기,김포시,1.0,0.0,노지감귤 10kg,꼬4
2025,2025-12-20,2025-12-22,seller_A,C2018,경남,김해시,0.0,1.0,노지감귤 5kg,파지
2025,2025-12-20,2025-12-22,seller_A,C2019,충북,청주시,1.0,0.0,노지감귤 10kg,
2025,2025-12-21,2025-12-22,seller_A,C2020,울산,동구,1.0,0.0,노지감귤 10kg,
2025,2025-12-21,2025-12-22,seller_A,C2021,경기,파주시,1.0,0.0,노지감귤 10kg,
2025,2025-12-21,2025-12-22,seller_A,C2022,서울,강서구,1.0,0.0,노지감귤 10kg,
2025,2025-12-21,2025-12-22,seller_A,C2023,서울,중구,0.0,1.0,노지감귤 5kg,
2025,2025-12-21,2025-12-22,seller_A,C2024,경기,의정부시,3.0,0.0,노지감귤 10kg,
2025,2025-12-21,2025-12-22,seller_A,C2025,경남,양산시,1.0,0.0,노지감귤 10kg,
2025,2025-12-21,2025-12-22,seller_A,C1780,경기,용인시,1.0,0.0,노지감귤 10kg,
2025,2025-12-21,2025-12-22,seller_A,C2026,인천,미추홀구,1.0,0.0,노지감귤 10kg,
2025,2025-12-21,2025-12-22,seller_A,C2027,인천,미추홀구,1.0,0.0,노지감귤 10kg,
2025,2025-12-21,2025-12-22,seller_A,C2028,경기,화성시,1.0,0.0,노지감귤 10kg,
2025,2025-12-22,2025-12-22,seller_A,C2029,서울,종로구,0.0,1.0,노지감귤 5kg,
2025,2025-12-19,2025-12-23,seller_A,C1277,서울,서초구,1.0,0.0,노지감귤 10kg,꼬4
2025,2025-12-21,2025-12-23,seller_A,C2030,울산,동구,2.0,0.0,노지감귤 10kg,왕
2025,2025-12-21,2025-12-23,seller_A,C2031,서울,용산구,1.0,0.0,노지감귤 10kg,화요일발송
2025,2025-12-21,2025-12-23,seller_A,C1436,서울,성북구,3.0,0.0,노지감귤 10kg,
2025,2025-12-15,2025-12-23,seller_A,C1925,서울,마포구,1.0,0.0,노지감귤 10kg,끝물
2025,2025-12-15,2025-12-23,seller_A,C2032,서울,종로구,1.0,0.0,노지감귤 10kg,
2025,2025-12-22,2025-12-23,seller_A,C2033,경기,파주시,0.0,1.0,노지감귤 5kg,
2025,2025-12-22,2025-12-23,seller_A,C0035,경기,성남시,1.0,0.0,노지감귤 10kg,
2025,2025-12-22,2025-12-23,seller_A,C2034,인천,서구,0.0,1.0,노지감귤 5kg,
2025,2025-12-22,2025-12-23,seller_A,C1396,서울,영등포구,1.0,0.0,노지감귤 10kg,
2025,2025-12-22,2025-12-23,seller_A,C1396,서울,구로구,1.0,0.0,노지감귤 10kg,
2025,2025-12-22,2025-12-23,seller_A,C2035,서울,영등포구,1.0,0.0,노지감귤 10kg,
2025,2025-12-22,2025-12-23,seller_A,C1534,전북,익산시,1.0,0.0,노지감귤 10kg,
2025,2025-12-22,2025-12-23,seller_A,C2036,경남,거제시,1.0,0.0,노지감귤 10kg,
2025,2025-12-22,2025-12-23,seller_A,C1908,인천,연수구,1.0,0.0,노지감귤 10kg,
2025,2025-12-22,2025-12-23,seller_A,C1539,서울,동대문구,1.0,0.0,노지감귤 10kg,
2025,2025-12-22,2025-12-23,seller_A,C1013,서울,은평구,0.0,1.0,노지감귤 5kg,
2025,2025-12-22,2025-12-23,seller_A,C0064,경기,의정부시,2.0,0.0,노지감귤 10kg,
2025,2025-12-23,2025-12-26,seller_A,C2037,경남,거제시,1.0,0.0,노지감귤 10kg,
2025,2025-12-23,2025-12-26,seller_A,C2038,경남,거제시,1.0,0.0,노지감귤 10kg,
2025,2025-12-23,2025-12-26,seller_A,C2039,경남,통영시,1.0,0.0,노지감귤 10kg,
2025,2025-12-23,2025-12-26,seller_A,C0382,경남,거제시,1.0,0.0,노지감귤 10kg,
2025,2025-12-23,2025-12-26,seller_A,C2040,경기,성남시,1.0,0.0,노지감귤 10kg,
2025,2025-12-23,2025-12-26,seller_A,C1928,경남,거제시,1.0,0.0,노지감귤 10kg,
2025,2025-12-24,2025-12-26,seller_A,C0469,경기,김포시,0.0,1.0,노지감귤 5kg,
2025,2025-12-24,2025-12-26,seller_A,C2006,서울,중랑구,0.0,1.0,노지감귤 5kg,
2025,2025-12-24,2025-12-26,seller_A,C0877,경기,화성시,1.0,0.0,노지감귤 10kg,
2025,2025-12-24,2025-12-26,seller_A,C0018,서울,중랑구,1.0,0.0,노지감귤 10kg,꼬4
2025,2025-12-24,2025-12-26,seller_A,C0251,경기,고양시,1.0,0.0,노지감귤 10kg,꼬4
2025,2025-12-24,2025-12-26,seller_A,C1337,서울,강북구,1.0,0.0,노지감귤 10kg,꼬4
2025,2025-12-25,2025-12-26,seller_A,C2041,경기,안산시,1.0,0.0,노지감귤 10kg,꼬4
2025,2025-12-25,2025-12-26,seller_A,C0018,서울,중랑구,1.0,0.0,노지감귤 10kg,왕
2025,2025-12-25,2025-12-26,seller_A,C0217,경기,광주시,1.0,0.0,노지감귤 10kg,왕
2025,2025-12-25,2025-12-26,seller_A,C0084,서울,양천구,1.0,0.0,노지감귤 10kg,왕
2025,2025-12-25,2025-12-26,seller_A,C1285,인천,서구,1.0,0.0,노지감귤 10kg,왕
2025,2025-12-25,2025-12-26,seller_A,C2042,경기,김포시,1.0,0.0,노지감귤 10kg,왕
2025,2025-12-25,2025-12-26,seller_A,C0006,서울,도봉구,1.0,0.0,노지감귤 10kg,왕
2025,2025-12-25,2025-12-26,seller_A,C0011,서울,금천구,1.0,0.0,노지감귤 10kg,왕
2025,2025-12-24,2025-12-26,seller_A,C2043,강원,횡성군,1.0,0.0,노지감귤 10kg,
2025,2025-12-24,2025-12-26,seller_A,C1899,서울,용산구,0.0,1.0,노지감귤 5kg,
2025,2025-12-24,2025-12-26,seller_A,C1915,경남,통영시,1.0,0.0,노지감귤 10kg,
2025,2025-12-23,2025-12-28,seller_A,C2044,경기,안양시,2.0,0.0,노지감귤 10kg,꼬4
2025,2025-12-25,2025-12-28,seller_A,C1287,인천,계양구,1.0,0.0,노지감귤 10kg,왕; 일요일발송
2025,2025-12-25,2025-12-28,seller_A,C1952,경기,성남시,1.0,0.0,노지감귤 10kg,왕
2025,2025-12-26,2025-12-28,seller_A,C2045,서울,서대문구,1.0,0.0,노지감귤 10kg,
2025,2025-12-26,2025-12-28,seller_A,C2046,서울,강남구,3.0,0.0,노지감귤 10kg,
2025,2025-12-26,2025-12-28,seller_A,C0466,경기,군포시,0.0,1.0,노지감귤 5kg,
2025,2025-12-26,2025-12-28,seller_A,C2013,인천,연수구,1.0,0.0,노지감귤 10kg,
2025,2025-12-27,2025-12-28,seller_A,C2047,경기,파주시,0.0,1.0,노지감귤 5kg,
2025,2025-12-27,2025-12-28,seller_A,C1319,강원,양양군,1.0,0.0,노지감귤 10kg,
2025,2025-12-27,2025-12-28,seller_A,C2048,경남,거제시,1.0,0.0,노지감귤 10kg,
2025,2025-12-27,2025-12-28,seller_A,C2049,경남,거제시,1.0,0.0,노지감귤 10kg,
2025,2025-12-27,2025-12-28,seller_A,C2050,서울,영등포구,1.0,0.0,노지감귤 10kg,
2025,2025-12-27,2025-12-28,seller_A,C0016,경기,의정부시,1.0,0.0,노지감귤 10kg,
2025,2025-12-28,2025-12-28,seller_A,C0082,서울,구로구,1.0,0.0,노지감귤 10kg,
2025,2025-12-28,2025-12-29,seller_A,C1937,전남,목포시,1.0,0.0,노지감귤 10kg,
2025,2025-12-28,2025-12-29,seller_A,C1875,경남,진주시,1.0,0.0,노지감귤 10kg,
2025,2025-12-28,2025-12-29,seller_A,C2051,대구,동구,1.0,0.0,노지감귤 10kg,
2025,2025-12-28,2025-12-29,seller_A,C2052,대구,북구,1.0,0.0,노지감귤 10kg,
2025,2025-12-28,2025-12-29,seller_A,C2007,서울,서초구,1.0,0.0,노지감귤 10kg,
2025,2025-12-28,2025-12-29,seller_A,C2053,서울,관악구,1.0,0.0,노지감귤 10kg,
2025,2025-12-29,2025-12-29,seller_A,C1348,,,0.0,1.0,노지감귤 5kg,
2025,2025-12-29,2025-12-29,seller_A,C2055,,,2.0,0.0,노지감귤 10kg,
2025,2026-01-06,2026-01-07,seller_A,C1083,서울,구로구,1.0,0.0,노지감귤 10kg,
2025,2026-01-06,2026-01-07,seller_A,C0084,서울,양천구,1.0,0.0,노지감귤 10kg,
2025,2026-01-06,2026-01-07,seller_A,C2056,경북,울진군,1.0,0.0,노지감귤 10kg,
2025,2026-01-06,2026-01-07,seller_A,C0214,경기,가평군,1.0,0.0,노지감귤 10kg,
2025,2026-01-06,2026-01-07,seller_A,C0018,서울,중랑구,1.0,0.0,노지감귤 10kg,왕꼬
2025,2026-01-06,2026-01-07,seller_A,C0217,경기,광주시,1.0,0.0,노지감귤 10kg,왕
2025,2026-01-06,2026-01-07,seller_A,C1368,인천,미추홀구,1.0,0.0,노지감귤 10kg,왕
2025,2026-01-06,2026-01-07,seller_A,C0469,경기,김포시,1.0,0.0,노지감귤 10kg,왕
2025,2026-01-06,2026-01-07,seller_A,C0254,경기,용인시,1.0,0.0,노지감귤 10kg,왕
2025,2026-01-06,2026-01-07,seller_A,C0004,서울,종로구,1.0,0.0,노지감귤 10kg,왕
2025,2026-01-06,2026-01-07,seller_A,C0064,경기,의정부시,1.0,0.0,노지감귤 10kg,왕
2025,2026-01-06,2026-01-07,seller_A,C1834,경기,의정부시,2.0,0.0,노지감귤 10kg,왕
2025,2026-01-06,2026-01-07,seller_A,C0076,경기,성남시,2.0,0.0,노지감귤 10kg,왕
2025,2026-01-06,2026-01-07,seller_A,C0263,서울,성동구,1.0,0.0,노지감귤 10kg,왕
2025,2026-01-06,2026-01-07,seller_A,C0986,경기,용인시,1.0,0.0,노지감귤 10kg,왕
2025,2026-01-06,2026-01-07,seller_A,C0820,경기,광주시,2.0,0.0,노지감귤 10kg,왕꼬
2025,2026-01-06,2026-01-07,seller_A,C1408,대구,동북로,1.0,0.0,노지감귤 10kg,왕꼬
2025,2026-01-06,2026-01-07,seller_A,C1410,경남,창원시,1.0,0.0,노지감귤 10kg,왕꼬
2025,2026-01-06,2026-01-07,seller_A,C1110,경기,용인시,1.0,0.0,노지감귤 10kg,왕꼬
2025,2026-01-06,2026-01-07,seller_A,C1409,서울,양천구,1.0,0.0,노지감귤 10kg,왕꼬
2025,2026-01-06,2026-01-07,seller_A,C0846,경기,파주시,1.0,0.0,노지감귤 10kg,왕꼬
2025,2026-01-06,2026-01-07,seller_A,C0983,경기,용인시,2.0,0.0,노지감귤 10kg,왕꼬
2025,2026-01-06,2026-01-07,seller_A,C0382,경남,거제시,1.0,0.0,노지감귤 10kg,왕 고
2025,2026-01-06,2026-01-07,seller_A,C1952,경기,성남시,1.0,0.0,노지감귤 10kg,왕
2025,2026-01-06,2026-01-07,seller_A,C1953,서울,관악구,1.0,0.0,노지감귤 10kg,왕
2025,2026-01-06,2026-01-07,seller_A,C2057,부산,기장군,1.0,0.0,노지감귤 10kg,왕
2025,2026-01-06,2026-01-07,seller_A,C2058,경기,성남시,1.0,0.0,노지감귤 10kg,왕
2025,2026-01-06,2026-01-07,seller_A,C1946,서울,광진구,1.0,0.0,노지감귤 10kg,왕꼬
2025,2026-01-06,2026-01-07,seller_A,C1946,경기,구리시,1.0,0.0,노지감귤 10kg,왕꼬
2025,2026-01-06,2026-01-07,seller_A,C1946,경기,구리시,2.0,0.0,노지감귤 10kg,왕꼬
2025,2026-01-06,2026-01-07,seller_A,C1946,강원,원주시,1.0,0.0,노지감귤 10kg,왕꼬
2025,2025-11-28,2025-11-30,seller_B,C2059,서울,중구,1.0,0.0,노지감귤 10kg,
2025,2025-11-28,2025-11-30,seller_B,C2059,서울,중구,0.0,1.0,노지감귤 5kg,
2025,2025-11-28,2025-11-30,seller_B,C0774,경기,고양시,0.0,1.0,노지감귤 5kg,
2025,2025-11-28,2025-11-30,seller_B,C0775,서울,은평구,1.0,0.0,노지감귤 10kg,
2025,2025-11-28,2025-11-30,seller_B,C0310,경기,시흥시,1.0,0.0,노지감귤 10kg,
2025,2025-11-28,2025-11-30,seller_B,C2060,경기,고양시,1.0,0.0,노지감귤 10kg,
2025,2025-11-28,2025-11-30,seller_B,C1688,인천,서구,1.0,0.0,노지감귤 10kg,
2025,2025-11-28,2025-11-30,seller_B,C0369,경기,부천시,1.0,0.0,노지감귤 10kg,
2025,2025-11-28,2025-11-30,seller_B,C0310,서울,동작구,1.0,0.0,노지감귤 10kg,
2025,2025-11-28,2025-11-30,seller_B,C0797,서울,송파구,1.0,0.0,노지감귤 10kg,
2025,2025-11-28,2025-11-30,seller_B,C0562,서울,강남구,0.0,1.0,노지감귤(5kg),
2025,2025-11-28,2025-11-30,seller_B,C1134,경기,광주시,1.0,0.0,노지감귤 10kg,
2025,2025-11-28,2025-11-30,seller_B,C0580,경기,고양시,1.0,0.0,노지감귤 10kg,
2025,2025-11-28,2025-11-30,seller_B,C2061,전북,익산시,1.0,0.0,노지감귤(10kg),
2025,2025-11-28,2025-11-30,seller_B,C0756,서울,서초구,1.0,0.0,노지감귤(10kg),
2025,2025-11-28,2025-11-30,seller_B,C2062,서울,강남구,1.0,0.0,노지감귤(10kg),
2025,2025-11-28,2025-11-30,seller_B,C0754,서울,송파구,1.0,0.0,노지감귤(10kg),
2025,2025-11-28,2025-11-30,seller_B,C0755,서울,구로구,1.0,0.0,노지감귤(10kg),
2025,2025-11-28,2025-11-30,seller_B,C0757,경기,용인시,1.0,0.0,노지감귤(10kg),
2025,2025-11-28,2025-11-30,seller_B,C0758,서울,중구,1.0,0.0,노지감귤(10kg),
2025,2025-11-28,2025-11-30,seller_B,C0759,경기,고양시,1.0,0.0,노지감귤(10kg),
2025,2025-11-28,2025-11-30,seller_B,C0760,경기,용인시,1.0,0.0,노지감귤(10kg),
2025,2025-11-28,2025-11-30,seller_B,C0761,서울,송파구,1.0,0.0,노지감귤(10kg),
2025,2025-11-28,2025-11-30,seller_B,C0762,서울,동작구,1.0,0.0,노지감귤(10kg),
2025,2025-11-28,2025-11-30,seller_B,C0744,경기,군포시,1.0,0.0,노지감귤(10kg),
2025,2025-11-28,2025-11-30,seller_B,C2063,서울,동작구,1.0,0.0,노지감귤(10kg),
2025,2025-11-28,2025-11-30,seller_B,C2064,서울,중구,1.0,0.0,노지감귤(10kg),
2025,2025-11-29,2025-12-01,seller_B,C1659,경기,안양시,0.0,1.0,노지감귤(5kg),
2025,2025-11-29,2025-12-01,seller_B,C0677,경기,성남시,2.0,0.0,노지감귤 10kg,수
2025,2025-11-29,2025-12-01,seller_B,C0657,서울,관악구,0.0,1.0,노지감귤(5kg),수
2025,2025-11-29,2025-12-01,seller_B,C1597,서울,강남구,1.0,0.0,노지감귤 10kg,수
2025,2025-11-29,2025-12-01,seller_B,C2065,서울,은평구,2.0,0.0,노지감귤 10kg,
2025,2025-11-30,2025-12-01,seller_B,C0850,경기,안산시,0.0,1.0,노지감귤(5kg),
2025,2025-11-30,2025-12-01,seller_B,C0629,경기,양평군,1.0,0.0,노지감귤 10kg,
2025,2025-11-30,2025-12-01,seller_B,C0628,서울,서초구,1.0,0.0,노지감귤 10kg,
2025,2025-11-30,2025-12-01,seller_B,C1186,서울,도봉구,1.0,0.0,노지감귤 10kg,
2025,2025-12-01,2025-12-02,seller_B,C0601,충남,서천군,4.0,0.0,노지감귤(10kg),왕
2025,2025-12-01,2025-12-02,seller_B,C2066,경기,남양주시,4.0,0.0,노지감귤 10kg,왕
2025,2025-12-01,2025-12-02,seller_B,C0827,서울,도봉구,1.0,0.0,노지감귤 10kg,
2025,2025-12-01,2025-12-02,seller_B,C0871,서울,도봉구,1.0,0.0,노지감귤 10kg,
2025,2025-12-02,2025-12-03,seller_B,C0574,서울,노원구,1.0,0.0,노지감귤 10kg,
2025,2025-12-02,2025-12-03,seller_B,C0735,서울,동대문구,1.0,0.0,노지감귤 10kg,
2025,2025-12-02,2025-12-03,seller_B,C0583,경기,고양시,1.0,0.0,노지감귤 10kg,
2025,2025-12-02,2025-12-03,seller_B,C0783,서울,영등포구,1.0,0.0,노지감귤 10kg,
2025,2025-12-02,2025-12-03,seller_B,C0573,서울,노원구,1.0,0.0,노지감귤 10kg,
2025,2025-12-02,2025-12-03,seller_B,C0784,경남,진주시,1.0,0.0,노지감귤 10kg,
2025,2025-12-02,2025-12-03,seller_B,C0785,서울,양천구,1.0,0.0,노지감귤 10kg,
2025,2025-12-02,2025-12-03,seller_B,C0786,서울,동대문구,1.0,0.0,노지감귤 10kg,
2025,2025-12-02,2025-12-03,seller_B,C0787,서울,서초구,1.0,0.0,노지감귤 10kg,
2025,2025-12-02,2025-12-03,seller_B,C0575,경기,고양시,1.0,0.0,노지감귤 10kg,
2025,2025-12-02,2025-12-03,seller_B,C0788,경기,하남시,1.0,0.0,노지감귤 10kg,
2025,2025-12-02,2025-12-03,seller_B,C2067,경기,구리시,1.0,0.0,노지감귤 10kg,
2025,2025-12-02,2025-12-03,seller_B,C1563,충북,음성군,1.0,0.0,노지감귤 10kg,
2025,2025-12-02,2025-12-03,seller_B,C1164,인천,중구,1.0,0.0,노지감귤 10kg,
2025,2025-12-02,2025-12-03,seller_B,C0643,경기,화성시,1.0,0.0,노지감귤 10kg,
2025,2025-12-02,2025-12-03,seller_B,C1562,대전,유성구,1.0,0.0,노지감귤 10kg,
2025,2025-12-02,2025-12-03,seller_B,C1163,충북,청주시,1.0,0.0,노지감귤 10kg,
2025,2025-12-02,2025-12-03,seller_B,C1571,대전,동구,1.0,0.0,노지감귤 10kg,
2025,2025-12-02,2025-12-03,seller_B,C1675,서울,성북구,1.0,0.0,노지감귤 10kg,
2025,2025-12-02,2025-12-03,seller_B,C0600,서울,구로구,1.0,0.0,노지감귤 10kg,
2025,2025-12-02,2025-12-03,seller_B,C0642,서울,중구,1.0,0.0,노지감귤 10kg,
2025,2025-11-29,2025-12-07,seller_B,C0549,전남,구례군,1.0,0.0,노지감귤10Kg,
2025,2025-11-29,2025-12-07,seller_B,C1707,서울,강동구,1.0,0.0,노지감귤 10kg,
2025,2025-11-29,2025-12-07,seller_B,C1669,서울,노원구,1.0,0.0,노지감귤 10kg,
2025,2025-11-29,2025-12-07,seller_B,C0368,광주,북구,1.0,0.0,노지감귤 10kg,
2025,2025-12-03,2025-12-07,seller_B,C0688,광주,광산구,1.0,0.0,노지감귤 10kg,
2025,2025-12-03,2025-12-07,seller_B,C0689,서울,강동구,1.0,0.0,노지감귤 10kg,
2025,2025-12-03,2025-12-07,seller_B,C1648,경기,남양주시,1.0,0.0,노지감귤 10kg,
2025,2025-12-03,2025-12-07,seller_B,C2068,전남,영광군,1.0,0.0,노지감귤 10kg,
2025,2025-12-03,2025-12-07,seller_B,C0690,전남,영광군,1.0,0.0,노지감귤 10kg,
2025,2025-12-03,2025-12-07,seller_B,C2069,서울,노원구,2.0,0.0,노지감귤 10kg,
2025,2025-12-03,2025-12-07,seller_B,C2070,서울,노원구,1.0,0.0,노지감귤 10kg,
2025,2025-12-03,2025-12-07,seller_B,C2071,경북,포항시,2.0,0.0,노지감귤 10kg,
2025,2025-12-04,2025-12-07,seller_B,C1125,경기,안산시,1.0,0.0,노지감귤 10kg,
2025,2025-12-04,2025-12-07,seller_B,C1126,충남,서산시,1.0,0.0,노지감귤 10kg,
2025,2025-12-04,2025-12-07,seller_B,C1127,충남,태안군,1.0,0.0,노지감귤 10kg,
2025,2025-12-04,2025-12-07,seller_B,C1128,충남,태안군,1.0,0.0,노지감귤 10kg,
2025,2025-12-04,2025-12-07,seller_B,C1129,경기,군포시,1.0,0.0,노지감귤 10kg,
2025,2025-12-04,2025-12-07,seller_B,C0669,경기,하남시,1.0,0.0,노지감귤 10kg,
2025,2025-12-04,2025-12-07,seller_B,C1130,서울,도봉구,1.0,0.0,노지감귤 10kg,
2025,2025-12-04,2025-12-07,seller_B,C2072,경남,통영시,1.0,0.0,노지감귤 10kg,
2025,2025-12-04,2025-12-07,seller_B,C1197,경기,이천시,1.0,0.0,노지감귤 10kg,
2025,2025-12-04,2025-12-07,seller_B,C0548,경기,용인시,1.0,0.0,노지감귤 10kg,
2025,2025-12-04,2025-12-07,seller_B,C0582,경기,하남시,1.0,0.0,노지감귤 10kg,
2025,2025-12-06,2025-12-07,seller_B,C0136,전북,군산시,2.0,0.0,노지감귤 10kg,왕
2025,2025-12-05,2025-12-08,seller_B,C2073,서울,성북구,1.0,0.0,노지감귤 10kg,
2025,2025-12-05,2025-12-08,seller_B,C2074,경기,성남시,1.0,0.0,노지감귤 10kg,2
2025,2025-12-05,2025-12-08,seller_B,C0631,서울,강동구,1.0,0.0,노지감귤 10kg,3
2025,2025-12-05,2025-12-08,seller_B,C0567,서울,송파구,1.0,0.0,노지감귤 10kg,4
2025,2025-12-05,2025-12-08,seller_B,C2075,서울,강동구,1.0,0.0,노지감귤 10kg,5
2025,2025-12-05,2025-12-08,seller_B,C0630,경기,하남시,1.0,0.0,노지감귤 10kg,6
2025,2025-12-05,2025-12-08,seller_B,C0631,서울,강동구,1.0,0.0,노지감귤 10kg,7
2025,2025-12-05,2025-12-08,seller_B,C0632,서울,양천구,1.0,0.0,노지감귤 10kg,8
2025,2025-12-05,2025-12-08,seller_B,C2076,강원,강릉시,1.0,0.0,노지감귤 10kg,9
2025,2025-12-05,2025-12-08,seller_B,C0568,서울,송파구,1.0,0.0,노지감귤 10kg,
2025,2025-12-05,2025-12-08,seller_B,C1136,서울,성북구,1.0,0.0,노지감귤 10kg,
2025,2025-12-05,2025-12-08,seller_B,C0569,서울,영등포구,2.0,0.0,노지감귤 10kg,
2025,2025-12-05,2025-12-08,seller_B,C0570,서울,관악구,2.0,0.0,노지감귤 10kg,
2025,2025-12-05,2025-12-08,seller_B,C0572,대구,화랑로25길,1.0,0.0,노지감귤 10kg,
2025,2025-12-05,2025-12-08,seller_B,C0572,대구,달서구,1.0,0.0,노지감귤 10kg,
2025,2025-12-05,2025-12-08,seller_B,C1566,인천,남동구,1.0,0.0,노지감귤 10kg,1
2025,2025-12-05,2025-12-08,seller_B,C1567,충북,충주시,1.0,0.0,노지감귤 10kg,2
2025,2025-12-05,2025-12-08,seller_B,C1568,서울,영등포구,1.0,0.0,노지감귤 10kg,3
2025,2025-12-05,2025-12-08,seller_B,C1152,경기,용인시,1.0,0.0,노지감귤 10kg,4
2025,2025-12-05,2025-12-08,seller_B,C1575,대구,군위면,1.0,0.0,노지감귤 10kg,5
2025,2025-12-05,2025-12-08,seller_B,C1574,경남,밀양시,1.0,0.0,노지감귤 10kg,6
2025,2025-12-05,2025-12-08,seller_B,C0671,경기,화성시,1.0,0.0,노지감귤(10kg),7
2025,2025-12-05,2025-12-08,seller_B,C0672,대구,북구,1.0,0.0,노지감귤(10kg),8
2025,2025-12-05,2025-12-08,seller_B,C0673,대구,북구,1.0,0.0,노지감귤(10kg),9
2025,2025-12-05,2025-12-08,seller_B,C0674,경북,경산시,1.0,0.0,노지감귤(10kg),10
2025,2025-12-05,2025-12-08,seller_B,C0675,대구,동구,1.0,0.0,노지감귤(10kg),11
2025,2025-12-05,2025-12-08,seller_B,C0864,경기,하남시,1.0,0.0,노지감귤(10kg),12
2025,2025-12-05,2025-12-08,seller_B,C1142,서울,용산구,1.0,0.0,노지감귤(10kg),13
2025,2025-12-05,2025-12-08,seller_B,C0865,서울,강서구,1.0,0.0,노지감귤(10kg),14
2025,2025-12-05,2025-12-08,seller_B,C0670,서울,광진구,1.0,0.0,노지감귤(10kg),15
2025,2025-12-05,2025-12-08,seller_B,C0866,서울,양천구,1.0,0.0,노지감귤(10kg),16
2025,2025-12-05,2025-12-08,seller_B,C0867,서울,광진구,1.0,0.0,노지감귤(10kg),17
2025,2025-12-05,2025-12-08,seller_B,C0868,서울,광진구,1.0,0.0,노지감귤(10kg),18
2025,2025-12-05,2025-12-08,seller_B,C0670,서울,강북구,1.0,0.0,노지감귤(10kg),19
2025,2025-12-05,2025-12-08,seller_B,C1151,경기,안양시,1.0,0.0,노지감귤 10kg,20
2025,2025-12-05,2025-12-08,seller_B,C1600,서울,강북구,1.0,0.0,노지감귤 10kg,
2025,2025-12-05,2025-12-09,seller_B,C0579,경기,수원시,1.0,0.0,노지감귤 10kg,
2025,2025-12-05,2025-12-09,seller_B,C0578,서울,서초구,1.0,0.0,노지감귤 10kg,2
2025,2025-12-05,2025-12-09,seller_B,C0581,서울,서초구,1.0,0.0,노지감귤 10kg,3
2025,2025-12-05,2025-12-09,seller_B,C0576,서울,강동구,1.0,0.0,노지감귤 10kg,4
2025,2025-12-05,2025-12-09,seller_B,C0577,서울,서초구,1.0,0.0,노지감귤 10kg,5
2025,2025-12-06,2025-12-09,seller_B,C0763,서울,노원구,2.0,0.0,노지감귤 10kg,
2025,2025-12-06,2025-12-09,seller_B,C1696,서울,영등포구,1.0,0.0,노지감귤 10kg,
2025,2025-12-06,2025-12-09,seller_B,C1697,경기,용인시,1.0,0.0,노지감귤 10kg,
2025,2025-12-06,2025-12-09,seller_B,C1698,서울,광진구,1.0,0.0,노지감귤 10kg,
2025,2025-12-06,2025-12-09,seller_B,C1699,경기,고양시,1.0,0.0,노지감귤 10kg,
2025,2025-12-06,2025-12-09,seller_B,C2077,서울,강서구,1.0,0.0,노지감귤 10kg,
2025,2025-12-06,2025-12-09,seller_B,C2078,경기,용인시,1.0,0.0,노지감귤 10kg,
2025,2025-12-08,2025-12-09,seller_B,C0827,서울,도봉구,1.0,0.0,노지감귤 10kg,
2025,2025-12-07,2025-12-10,seller_B,C0178,경기,성남시,1.0,0.0,노지감귤 10kg,
2025,2025-12-08,2025-12-10,seller_B,C0759,경기,고양시,1.0,0.0,노지감귤(10kg),
2025,2025-12-08,2025-12-10,seller_B,C2079,대구,달서구,1.0,0.0,노지감귤 10kg,
2025,2025-12-08,2025-12-10,seller_B,C0811,서울,광진구,1.0,0.0,노지감귤 10kg,
2025,2025-12-08,2025-12-10,seller_B,C2080,경기,남양주시,1.0,0.0,노지감귤 10kg,
2025,2025-12-08,2025-12-10,seller_B,C2081,세종,세종,1.0,0.0,노지감귤 10kg,
2025,2025-12-08,2025-12-10,seller_B,C0131,경기,파주시,1.0,0.0,노지감귤 10kg,
2025,2025-12-09,2025-12-12,seller_B,C0636,대전,서구,1.0,0.0,노지감귤(10kg),
2025,2025-12-09,2025-12-12,seller_B,C2082,경남,의령군,1.0,0.0,노지감귤(10kg),
2025,2025-12-09,2025-12-12,seller_B,C0605,서울,동작구,1.0,0.0,노지감귤(10kg),
2025,2025-12-09,2025-12-12,seller_B,C2083,서울,영등포구,1.0,0.0,노지감귤(10kg),
2025,2025-12-09,2025-12-12,seller_B,C0609,경기,안양시,1.0,0.0,노지감귤(10kg),
2025,2025-12-09,2025-12-12,seller_B,C0604,강원,고성군,1.0,0.0,노지감귤(10kg),
2025,2025-12-09,2025-12-12,seller_B,C0607,경기,부천시,1.0,0.0,노지감귤(10kg),
2025,2025-12-10,2025-12-12,seller_B,C2084,경기,성남시,1.0,0.0,노지감귤(10kg),
2025,2025-12-11,2025-12-12,seller_B,C0650,서울,구로구,1.0,0.0,노지감귤 10kg,
2025,2025-12-11,2025-12-12,seller_B,C1602,서울,강남구,0.0,1.0,노지감귤(5kg),
2025,2025-12-09,2025-12-14,seller_B,C2085,경기,하남시,1.0,0.0,노지감귤 10kg,
2025,2025-12-10,2025-12-14,seller_B,C2086,충남,아산시,1.0,0.0,노지감귤 10kg,다음주
2025,2025-12-10,2025-12-14,seller_B,C0861,서울,마포구,1.0,0.0,노지감귤 10kg,다음주
2025,2025-12-10,2025-12-14,seller_B,C0862,서울,용산구,1.0,0.0,노지감귤 10kg,다음주
2025,2025-12-10,2025-12-14,seller_B,C1147,서울,도봉구,1.0,0.0,노지감귤 10kg,다음주
2025,2025-12-10,2025-12-14,seller_B,C2061,전북,익산시,0.0,4.0,노지감귤 5kg,다음주
2025,2025-12-11,2025-12-14,seller_B,C2087,경남,창원시,1.0,0.0,노지감귤 10kg,
2025,2025-12-11,2025-12-14,seller_B,C2088,경기,부천시,1.0,0.0,노지감귤 10kg,
2025,2025-12-11,2025-12-14,seller_B,C1154,서울,송파구,1.0,0.0,노지감귤 10kg,
2025,2025-12-11,2025-12-14,seller_B,C1155,서울,강남구,1.0,0.0,노지감귤 10kg,
2025,2025-12-11,2025-12-14,seller_B,C0658,경기,성남시,1.0,0.0,노지감귤 10kg,
2025,2025-12-11,2025-12-14,seller_B,C0662,경기,광주시,1.0,0.0,노지감귤 10kg,
2025,2025-12-11,2025-12-14,seller_B,C0663,경기,용인시,1.0,0.0,노지감귤 10kg,
2025,2025-12-11,2025-12-14,seller_B,C1157,서울,강동구,1.0,0.0,노지감귤 10kg,
2025,2025-12-11,2025-12-14,seller_B,C1158,경기,용인시,1.0,0.0,노지감귤 10kg,
2025,2025-12-11,2025-12-14,seller_B,C0668,경기,수원시,1.0,0.0,노지감귤 10kg,
2025,2025-12-11,2025-12-14,seller_B,C1644,경기,파주시,1.0,0.0,노지감귤 10kg,
2025,2025-12-11,2025-12-14,seller_B,C2089,경기,하남시,1.0,0.0,노지감귤 10kg,
2025,2025-12-11,2025-12-14,seller_B,C1605,경기,성남시,1.0,0.0,노지감귤 10kg,
2025,2025-12-11,2025-12-14,seller_B,C1159,경기,남양주시,1.0,0.0,노지감귤 10kg,
2025,2025-12-11,2025-12-14,seller_B,C2090,경기,수원시,1.0,0.0,노지감귤 10kg,
2025,2025-12-11,2025-12-14,seller_B,C1643,서울,마포구,0.0,1.0,노지감귤(5kg),
2025,2025-12-11,2025-12-14,seller_B,C1645,경기,성남시,0.0,1.0,노지감귤(5kg),
2025,2025-12-11,2025-12-14,seller_B,C1646,경기,용인시,0.0,1.0,노지감귤(5kg),
2025,2025-12-11,2025-12-14,seller_B,C0665,경기,화성시,0.0,1.0,노지감귤(5kg),
2025,2025-12-11,2025-12-14,seller_B,C0666,경기,성남시,0.0,1.0,노지감귤(5kg),
2025,2025-12-11,2025-12-14,seller_B,C0667,경기,용인시,0.0,1.0,노지감귤(5kg),
2025,2025-12-11,2025-12-14,seller_B,C2091,경기,화성시,0.0,1.0,노지감귤(5kg),
2025,2025-12-11,2025-12-14,seller_B,C2092,경기,성남시,0.0,1.0,노지감귤(5kg),
2025,2025-12-11,2025-12-14,seller_B,C2093,경기,성남시,0.0,1.0,노지감귤(5kg),
2025,2025-12-11,2025-12-14,seller_B,C2094,경기,성남시,1.0,0.0,노지감귤 10kg,
2025,2025-12-11,2025-12-14,seller_B,C2095,전남,광양시,1.0,0.0,노지감귤 10kg,
2025,2025-12-11,2025-12-14,seller_B,C2096,부산,동래구,1.0,0.0,노지감귤 10kg,
2025,2025-12-11,2025-12-14,seller_B,C2097,경기,용인시,1.0,0.0,노지감귤 10kg,
2025,2025-12-11,2025-12-14,seller_B,C0720,서울,송파구,1.0,0.0,노지감귤 10kg,
2025,2025-12-11,2025-12-14,seller_B,C2098,경기,광주시,1.0,0.0,노지감귤 10kg,
2025,2025-12-11,2025-12-14,seller_B,C2099,서울,서초구,1.0,0.0,노지감귤 10kg,
2025,2025-12-11,2025-12-14,seller_B,C0178,경기,성남시,1.0,0.0,노지감귤 10kg,
2025,2025-12-11,2025-12-14,seller_B,C1654,서울,양천구,1.0,0.0,노지감귤 10kg,
2025,2025-12-12,2025-12-14,seller_B,C0766,경기,성남시,1.0,0.0,노지감귤 10kg,
2025,2025-12-12,2025-12-14,seller_B,C0766,경기,성남시,1.0,0.0,노지감귤 10kg,
2025,2025-12-12,2025-12-15,seller_B,C2100,서울,성북구,0.0,1.0,노지감귤(5kg),
2025,2025-12-12,2025-12-15,seller_B,C1576,경기,의정부시,0.0,1.0,노지감귤(5kg),
2025,2025-12-12,2025-12-15,seller_B,C2101,경기,수원시,0.0,1.0,노지감귤(5kg),
2025,2025-12-12,2025-12-15,seller_B,C2102,강원,강릉시,1.0,0.0,노지감귤 10kg,
2025,2025-12-13,2025-12-15,seller_B,C0785,서울,양천구,1.0,0.0,노지감귤 10kg,
2025,2025-12-13,2025-12-15,seller_B,C0744,경기,군포시,1.0,0.0,노지감귤(10kg),
2025,2025-12-13,2025-12-15,seller_B,C2103,경기,군포시,2.0,0.0,노지감귤 10kg,
2025,2025-12-13,2025-12-15,seller_B,C0677,경기,성남시,1.0,0.0,노지감귤 10kg,
2025,2025-12-13,2025-12-17,seller_B,C1606,서울,노원구,1.0,0.0,노지감귤 10kg,
2025,2025-12-13,2025-12-17,seller_B,C1156,서울,서대문구,1.0,0.0,노지감귤 10kg,
2025,2025-12-13,2025-12-17,seller_B,C0568,서울,송파구,1.0,0.0,노지감귤 10kg,
2025,2025-12-13,2025-12-17,seller_B,C1660,서울,종로구,1.0,0.0,노지감귤 10kg,
2025,2025-12-13,2025-12-17,seller_B,C1659,경기,안양시,0.0,1.0,노지감귤 5kg,
2025,2025-12-13,2025-12-17,seller_B,C1641,서울,강동구,1.0,0.0,노지감귤 10kg,
2025,2025-12-13,2025-12-17,seller_B,C1197,경기,이천시,1.0,0.0,노지감귤 10kg,
2025,2025-12-13,2025-12-17,seller_B,C2104,경기,여주시,1.0,0.0,노지감귤 10kg,
2025,2025-12-13,2025-12-17,seller_B,C0797,서울,송파구,1.0,0.0,노지감귤 10kg,
2025,2025-12-16,2025-12-17,seller_B,C1603,경기,성남시,1.0,0.0,노지감귤 10kg,
2025,2025-12-16,2025-12-17,seller_B,C2105,서울,영등포구,1.0,0.0,노지감귤 10kg,
2025,2025-12-16,2025-12-17,seller_B,C2106,서울,노원구,1.0,0.0,노지감귤 10kg,
2025,2025-12-16,2025-12-17,seller_B,C0719,인천,남동구,2.0,0.0,노지감귤 10kg,
2025,2025-12-16,2025-12-17,seller_B,C0852,강원,횡성군,2.0,0.0,노지감귤 10kg,
2025,2025-12-16,2025-12-17,seller_B,C2107,경기,평택시,2.0,0.0,노지감귤 10kg,
2025,2025-12-16,2025-12-17,seller_B,C0853,서울,성동구,1.0,0.0,노지감귤 10kg,
2025,2025-12-16,2025-12-17,seller_B,C2108,서울,광진구,1.0,0.0,노지감귤 10kg,
2025,2025-12-16,2025-12-17,seller_B,C2109,경기,평택시,1.0,0.0,노지감귤 10kg,
2025,2025-12-16,2025-12-17,seller_B,C2110,인천,부평구,1.0,0.0,노지감귤 10kg,
2025,2025-12-16,2025-12-17,seller_B,C2111,경기,광명시,1.0,0.0,노지감귤 10kg,
2025,2025-12-16,2025-12-17,seller_B,C2112,경기,평택시,1.0,0.0,노지감귤 10kg,
2025,2025-12-16,2025-12-17,seller_B,C0719,인천,남동구,1.0,0.0,노지감귤 10kg,
2025,2025-12-16,2025-12-17,seller_B,C0719,인천,남동구,1.0,0.0,노지감귤 10kg,
2025,2025-12-16,2025-12-17,seller_B,C0719,인천,남동구,1.0,0.0,노지감귤 10kg,
2025,2025-12-16,2025-12-17,seller_B,C0719,인천,남동구,1.0,0.0,노지감귤 10kg,
2025,2025-12-16,2025-12-17,seller_B,C0719,인천,남동구,1.0,0.0,노지감귤 10kg,
2025,2025-12-16,2025-12-17,seller_B,C0719,인천,남동구,1.0,0.0,노지감귤 10kg,
2025,2025-12-16,2025-12-17,seller_B,C0719,인천,남동구,1.0,0.0,노지감귤 10kg,
2025,2025-12-16,2025-12-17,seller_B,C2113,서울,금천구,1.0,0.0,노지감귤 10kg,
2025,2025-12-15,2025-12-18,seller_B,C2114,경기,김포시,1.0,0.0,노지감귤 10kg,
2025,2025-12-15,2025-12-18,seller_B,C2115,경기,안성시,2.0,0.0,노지감귤 10kg,목요일발송
2025,2025-12-15,2025-12-18,seller_B,C0826,경기,고양시,1.0,0.0,노지감귤 10kg,목요일발송
2025,2025-12-16,2025-12-21,seller_B,C2116,부산,북구,1.0,0.0,노지감귤 10kg,
2025,2025-12-16,2025-12-21,seller_B,C0585,서울,은평구,1.0,0.0,노지감귤 10kg,
2025,2025-12-16,2025-12-21,seller_B,C0591,서울,서초구,1.0,0.0,노지감귤 10kg,
2025,2025-12-16,2025-12-21,seller_B,C0587,서울,노원구,0.0,1.0,노지감귤(5kg),
2025,2025-12-16,2025-12-21,seller_B,C1609,서울,노원구,1.0,0.0,노지감귤 10kg,
2025,2025-12-15,2025-12-21,seller_B,C0866,서울,양천구,1.0,0.0,노지감귤 10kg,다음주
2025,2025-12-17,2025-12-21,seller_B,C2076,강원,강릉시,1.0,0.0,노지감귤 10kg,
2025,2025-12-18,2025-12-21,seller_B,C1668,부산,동래구,1.0,0.0,노지감귤 10kg,
2025,2025-12-18,2025-12-21,seller_B,C2117,서울,동작구,1.0,0.0,노지감귤 10kg,
2025,2025-12-18,2025-12-21,seller_B,C1190,경기,안양시,1.0,0.0,노지감귤 10kg,
2025,2025-12-18,2025-12-21,seller_B,C1191,경기,안양시,1.0,0.0,노지감귤 10kg,
2025,2025-12-18,2025-12-21,seller_B,C1593,광주,북구,1.0,0.0,노지감귤 10kg,
2025,2025-12-18,2025-12-21,seller_B,C1192,경기,안양시,1.0,0.0,노지감귤 10kg,
2025,2025-12-18,2025-12-21,seller_B,C1193,서울,강서구,1.0,0.0,노지감귤 10kg,
2025,2025-12-18,2025-12-21,seller_B,C1194,서울,강북구,1.0,0.0,노지감귤 10kg,
2025,2025-12-18,2025-12-21,seller_B,C1592,서울,동작구,1.0,0.0,노지감귤 10kg,
2025,2025-12-18,2025-12-21,seller_B,C1195,경기,파주시,1.0,0.0,노지감귤 10kg,
2025,2025-12-18,2025-12-21,seller_B,C2118,서울,중구,1.0,0.0,노지감귤 10kg,
2025,2025-12-18,2025-12-21,seller_B,C1196,인천,동구,1.0,0.0,노지감귤 10kg,
2025,2025-12-19,2025-12-21,seller_B,C1694,부산,동래구,1.0,0.0,노지감귤 10kg,
2025,2025-12-19,2025-12-21,seller_B,C2119,인천,계양구,1.0,0.0,노지감귤 10kg,
2025,2025-12-19,2025-12-21,seller_B,C1668,부산,동래구,2.0,0.0,노지감귤 10kg,
2025,2025-12-19,2025-12-21,seller_B,C1668,부산,동래구,1.0,0.0,노지감귤 10kg,왕꼬
2025,2025-12-19,2025-12-21,seller_B,C2120,경기,성남시,0.0,1.0,노지감귤(5kg),
2025,2025-12-19,2025-12-21,seller_B,C2121,경기,광주시,0.0,1.0,노지감귤(5kg),
2025,2025-12-19,2025-12-21,seller_B,C0310,경기,시흥시,2.0,0.0,노지감귤 10kg,
2025,2025-12-19,2025-12-21,seller_B,C0369,경기,부천시,1.0,0.0,노지감귤 10kg,
2025,2025-12-19,2025-12-21,seller_B,C0367,서울,중랑구,1.0,0.0,노지감귤 10kg,
2025,2025-12-19,2025-12-21,seller_B,C0600,서울,구로구,1.0,0.0,노지감귤 10kg,
2025,2025-12-19,2025-12-21,seller_B,C2122,서울,송파구,1.0,0.0,노지감귤 10kg,
2025,2025-12-19,2025-12-21,seller_B,C0669,경기,하남시,2.0,0.0,노지감귤 10kg,
2025,2025-12-20,2025-12-22,seller_B,C1167,경기,안양시,1.0,0.0,노지감귤 10kg,
2025,2025-12-20,2025-12-22,seller_B,C2123,서울,성동구,1.0,0.0,노지감귤 10kg,
2025,2025-12-20,2025-12-22,seller_B,C2124,서울,송파구,1.0,0.0,노지감귤 10kg,
2025,2025-12-20,2025-12-22,seller_B,C1163,충북,청주시,1.0,0.0,노지감귤 10kg,
2025,2025-12-20,2025-12-22,seller_B,C0643,경기,화성시,1.0,0.0,노지감귤 10kg,
2025,2025-12-20,2025-12-22,seller_B,C2125,경기,안양시,1.0,0.0,노지감귤 10kg,
2025,2025-12-20,2025-12-22,seller_B,C0575,경기,고양시,1.0,0.0,노지감귤 10kg,
2025,2025-12-21,2025-12-22,seller_B,C0644,경기,김포시,1.0,0.0,노지감귤 10kg,
2025,2025-12-21,2025-12-22,seller_B,C2126,서울,동대문구,1.0,0.0,노지감귤 10kg,
2025,2025-12-21,2025-12-23,seller_B,C1600,서울,강북구,1.0,0.0,노지감귤 10kg,
2025,2025-12-21,2025-12-23,seller_B,C0827,서울,도봉구,1.0,0.0,노지감귤 10kg,
2025,2025-12-21,2025-12-23,seller_B,C0642,서울,중구,1.0,0.0,노지감귤 10kg,
2025,2025-12-21,2025-12-23,seller_B,C0650,서울,구로구,1.0,0.0,노지감귤 10kg,
2025,2025-12-21,2025-12-23,seller_B,C1140,인천,연수구,1.0,0.0,노지감귤 10kg,
2025,2025-12-21,2025-12-23,seller_B,C0691,전남,여수시,1.0,0.0,노지감귤 10kg,
2025,2025-12-21,2025-12-23,seller_B,C0692,경기,광명시,1.0,0.0,노지감귤 10kg,
2025,2025-12-21,2025-12-23,seller_B,C0693,서울,영등포구,1.0,0.0,노지감귤(10kg),
2025,2025-12-21,2025-12-23,seller_B,C0694,서울,강서구,1.0,0.0,노지감귤 10kg,
2025,2025-12-23,2025-12-26,seller_B,C1198,경기,광명시,1.0,0.0,노지감귤 10kg,
2025,2025-12-23,2025-12-26,seller_B,C1199,경기,용인시,1.0,0.0,노지감귤 10kg,
2025,2025-12-23,2025-12-26,seller_B,C2127,서울,구로구,1.0,0.0,노지감귤 10kg,
2025,2025-12-23,2025-12-26,seller_B,C1200,서울,양천구,1.0,0.0,노지감귤 10kg,
2025,2025-12-23,2025-12-26,seller_B,C2128,서울,도봉구,1.0,0.0,노지감귤 10kg,
2025,2025-12-23,2025-12-26,seller_B,C0574,서울,노원구,1.0,0.0,노지감귤 10kg,
2025,2025-12-23,2025-12-26,seller_B,C2087,경남,창원시,1.0,0.0,노지감귤 10kg,
2025,2025-12-23,2025-12-26,seller_B,C2087,경남,창원시,0.0,1.0,노지감귤 5kg,
2025,2025-12-23,2025-12-26,seller_B,C2129,경기,남양주시,1.0,0.0,노지감귤 10kg,
2025,2025-12-23,2025-12-28,seller_B,C2130,서울,강북구,0.0,1.0,노지감귤 5kg,
2025,2025-12-25,2025-12-28,seller_B,C1660,서울,서초구,1.0,0.0,노지감귤 10kg,
2025,2025-12-25,2025-12-28,seller_B,C1700,충남,공주시,1.0,0.0,노지감귤 10kg,
2025,2025-12-25,2025-12-28,seller_B,C2131,충남,공주시,1.0,0.0,노지감귤 10kg,
2025,2025-12-25,2025-12-28,seller_B,C0548,경기,용인시,1.0,0.0,노지감귤 10kg,
2025,2025-12-25,2025-12-28,seller_B,C2132,서울,강동구,1.0,0.0,노지감귤 10kg,
2025,2025-12-25,2025-12-28,seller_B,C2133,서울,종로구,1.0,0.0,노지감귤 10kg,
2025,2025-12-25,2025-12-28,seller_B,C2134,서울,강동구,1.0,0.0,노지감귤 10kg,
2025,2025-12-25,2025-12-28,seller_B,C2135,경기,부천시,1.0,0.0,노지감귤 10kg,
2025,2025-12-27,2025-12-28,seller_B,C2116,부산,북구,1.0,0.0,노지감귤 10kg,
2025,2025-12-27,2025-12-28,seller_B,C1127,충남,태안군,1.0,0.0,노지감귤 10kg,
2025,2025-12-28,2025-12-29,seller_B,C0689,서울,강동구,1.0,0.0,노지감귤 10kg,
2025,2025-12-28,2025-12-29,seller_B,C1648,경기,남양주시,1.0,0.0,노지감귤 10kg,
2025,2025-12-28,2025-12-29,seller_B,C2136,서울,동대문구,1.0,0.0,노지감귤 10kg,
2025,2025-12-28,2025-12-29,seller_B,C2137,서울,도봉구,1.0,0.0,노지감귤 10kg,
2025,2026-01-06,2026-01-07,seller_B,C2138,경기,남양주시,1.0,0.0,노지감귤 10kg,
2025,2026-01-06,2026-01-07,seller_B,C2139,서울,마포구,1.0,0.0,노지감귤 10kg,
2025,2026-01-06,2026-01-07,seller_B,C0650,서울,구로구,1.0,0.0,노지감귤 10kg,왕
2025,2026-01-06,2026-01-07,seller_B,C1131,서울,종로구,1.0,0.0,노지감귤(10kg),왕
2025,2026-01-06,2026-01-07,seller_B,C0696,서울,동작구,1.0,0.0,노지감귤 10kg,왕
2025,2026-01-06,2026-01-07,seller_B,C0811,서울,광진구,1.0,0.0,노지감귤 10kg,왕
2025,2026-01-06,2026-01-07,seller_B,C0178,경기,성남시,1.0,0.0,노지감귤 10kg,왕
2025,2026-01-06,2026-01-07,seller_B,C1689,경기,수원시,1.0,0.0,노지감귤 10kg,왕
2025,2025-12-09,2025-12-11,seller_C,C1756,경기,안산시,0.0,1.0,노지감귤 5kg,
2025,2025-12-09,2025-12-11,seller_C,C1756,대구,이천동,0.0,1.0,노지감귤 5kg,
2025,2025-12-09,2025-12-11,seller_C,C1756,서울,영등포구,0.0,1.0,노지감귤 5kg,
2025,2025-12-09,2025-12-11,seller_C,C0892,서울,난곡로,1.0,0.0,노지감귤 10kg,
2025,2025-12-09,2025-12-11,seller_C,C0888,서울,도봉구,1.0,0.0,노지감귤 10kg,
2025,2025-12-09,2025-12-11,seller_C,C0888,서울,구로구,1.0,0.0,노지감귤 10kg,
2025,2025-12-09,2025-12-11,seller_C,C0888,경기,김포시,1.0,0.0,노지감귤 10kg,
2025,2025-12-09,2025-12-11,seller_C,C0888,서울,강북구,1.0,0.0,노지감귤 10kg,
2025,2025-12-09,2025-12-11,seller_C,C0888,,아트센터대로,1.0,0.0,노지감귤 10kg,
2025,2025-12-09,2025-12-11,seller_C,C0888,서울,성북구,0.0,1.0,노지감귤 5kg,
2025,2025-12-09,2025-12-11,seller_C,C0888,서울,강남구,0.0,1.0,노지감귤 5kg,
2025,2025-12-09,2025-12-11,seller_C,C1498,서울,강동구,1.0,0.0,노지감귤 10kg,
2025,2025-12-09,2025-12-11,seller_C,C1777,서울,강서구,1.0,0.0,노지감귤 10kg,
2025,2025-12-09,2025-12-11,seller_C,C0897,경기,평택시,0.0,1.0,노지감귤 5kg,
2025,2025-12-10,2025-12-11,seller_C,C1772,서울,중랑구,1.0,0.0,노지감귤 10kg,
2025,2025-12-10,2025-12-11,seller_C,C2140,서울,강남구,0.0,1.0,노지감귤 5kg,
2025,2025-12-10,2025-12-14,seller_C,C2137,서울,강서구,1.0,0.0,노지감귤 10kg,
2025,2025-12-16,2025-12-17,seller_C,C1272,서울,성북구,0.0,1.0,노지감귤 5kg,
2025,2025-12-16,2025-12-17,seller_C,C1272,서울,중랑구,0.0,1.0,노지감귤 5kg,
2025,2025-12-16,2025-12-17,seller_C,C1272,서울,중랑구,1.0,0.0,노지감귤 10kg,
2025,2025-12-16,2025-12-17,seller_C,C0888,경기,김포시,1.0,0.0,노지감귤 10kg,
2025,2025-12-16,2025-12-17,seller_C,C0897,경기,안양시,0.0,1.0,노지감귤 5kg,
2025,2025-12-16,2025-12-17,seller_C,C1498,서울,강동구,1.0,0.0,노지감귤 10kg,
2025,2025-12-18,2025-12-21,seller_C,C2141,대전,동구,1.0,0.0,노지감귤 10kg,
2025,2025-12-19,2025-12-21,seller_C,C1362,서울,동대문구,1.0,0.0,노지감귤 10kg,
2025,2025-12-21,2025-12-22,seller_C,C0892,서울,난곡로34길,1.0,0.0,노지감귤 10kg,
2025,2025-12-21,2025-12-22,seller_C,C0891,서울,성북구,0.0,1.0,노지감귤 5kg,
2025,2025-12-21,2025-12-22,seller_C,C0891,인천,부평구,0.0,1.0,노지감귤 5kg,
2025,2025-12-21,2025-12-22,seller_C,C0894,서울,서초구,0.0,1.0,노지감귤 5kg,
2025,2025-12-21,2025-12-22,seller_C,C0894,서울,노원구,0.0,1.0,노지감귤 5kg,
